kind,name,width,default_gate,default_delay,gate_cost,delay_cost,score_source,gate_formula,delay_formula,component_gate_dependency,component_delay_dependency,slot,hash
0,com_none,1,0,0,0,0,default_table,b,b,,,105,0xad8f7077779c7c69
0,com_none,2,0,0,0,0,default_table,b,b,,,105,0xad8f7077779c7c69
0,com_none,3,0,0,0,0,default_table,b,b,,,105,0xad8f7077779c7c69
0,com_none,4,0,0,0,0,default_table,b,b,,,105,0xad8f7077779c7c69
0,com_none,5,0,0,0,0,default_table,b,b,,,105,0xad8f7077779c7c69
0,com_none,6,0,0,0,0,default_table,b,b,,,105,0xad8f7077779c7c69
0,com_none,7,0,0,0,0,default_table,b,b,,,105,0xad8f7077779c7c69
0,com_none,8,0,0,0,0,default_table,b,b,,,105,0xad8f7077779c7c69
0,com_none,9,0,0,0,0,default_table,b,b,,,105,0xad8f7077779c7c69
0,com_none,10,0,0,0,0,default_table,b,b,,,105,0xad8f7077779c7c69
0,com_none,11,0,0,0,0,default_table,b,b,,,105,0xad8f7077779c7c69
0,com_none,12,0,0,0,0,default_table,b,b,,,105,0xad8f7077779c7c69
0,com_none,13,0,0,0,0,default_table,b,b,,,105,0xad8f7077779c7c69
0,com_none,14,0,0,0,0,default_table,b,b,,,105,0xad8f7077779c7c69
0,com_none,15,0,0,0,0,default_table,b,b,,,105,0xad8f7077779c7c69
0,com_none,16,0,0,0,0,default_table,b,b,,,105,0xad8f7077779c7c69
0,com_none,17,0,0,0,0,default_table,b,b,,,105,0xad8f7077779c7c69
0,com_none,18,0,0,0,0,default_table,b,b,,,105,0xad8f7077779c7c69
0,com_none,19,0,0,0,0,default_table,b,b,,,105,0xad8f7077779c7c69
0,com_none,20,0,0,0,0,default_table,b,b,,,105,0xad8f7077779c7c69
0,com_none,21,0,0,0,0,default_table,b,b,,,105,0xad8f7077779c7c69
0,com_none,22,0,0,0,0,default_table,b,b,,,105,0xad8f7077779c7c69
0,com_none,23,0,0,0,0,default_table,b,b,,,105,0xad8f7077779c7c69
0,com_none,24,0,0,0,0,default_table,b,b,,,105,0xad8f7077779c7c69
0,com_none,25,0,0,0,0,default_table,b,b,,,105,0xad8f7077779c7c69
0,com_none,26,0,0,0,0,default_table,b,b,,,105,0xad8f7077779c7c69
0,com_none,27,0,0,0,0,default_table,b,b,,,105,0xad8f7077779c7c69
0,com_none,28,0,0,0,0,default_table,b,b,,,105,0xad8f7077779c7c69
0,com_none,29,0,0,0,0,default_table,b,b,,,105,0xad8f7077779c7c69
0,com_none,30,0,0,0,0,default_table,b,b,,,105,0xad8f7077779c7c69
0,com_none,31,0,0,0,0,default_table,b,b,,,105,0xad8f7077779c7c69
0,com_none,32,0,0,0,0,default_table,b,b,,,105,0xad8f7077779c7c69
0,com_none,33,0,0,0,0,default_table,b,b,,,105,0xad8f7077779c7c69
0,com_none,34,0,0,0,0,default_table,b,b,,,105,0xad8f7077779c7c69
0,com_none,35,0,0,0,0,default_table,b,b,,,105,0xad8f7077779c7c69
0,com_none,36,0,0,0,0,default_table,b,b,,,105,0xad8f7077779c7c69
0,com_none,37,0,0,0,0,default_table,b,b,,,105,0xad8f7077779c7c69
0,com_none,38,0,0,0,0,default_table,b,b,,,105,0xad8f7077779c7c69
0,com_none,39,0,0,0,0,default_table,b,b,,,105,0xad8f7077779c7c69
0,com_none,40,0,0,0,0,default_table,b,b,,,105,0xad8f7077779c7c69
0,com_none,41,0,0,0,0,default_table,b,b,,,105,0xad8f7077779c7c69
0,com_none,42,0,0,0,0,default_table,b,b,,,105,0xad8f7077779c7c69
0,com_none,43,0,0,0,0,default_table,b,b,,,105,0xad8f7077779c7c69
0,com_none,44,0,0,0,0,default_table,b,b,,,105,0xad8f7077779c7c69
0,com_none,45,0,0,0,0,default_table,b,b,,,105,0xad8f7077779c7c69
0,com_none,46,0,0,0,0,default_table,b,b,,,105,0xad8f7077779c7c69
0,com_none,47,0,0,0,0,default_table,b,b,,,105,0xad8f7077779c7c69
0,com_none,48,0,0,0,0,default_table,b,b,,,105,0xad8f7077779c7c69
0,com_none,49,0,0,0,0,default_table,b,b,,,105,0xad8f7077779c7c69
0,com_none,50,0,0,0,0,default_table,b,b,,,105,0xad8f7077779c7c69
0,com_none,51,0,0,0,0,default_table,b,b,,,105,0xad8f7077779c7c69
0,com_none,52,0,0,0,0,default_table,b,b,,,105,0xad8f7077779c7c69
0,com_none,53,0,0,0,0,default_table,b,b,,,105,0xad8f7077779c7c69
0,com_none,54,0,0,0,0,default_table,b,b,,,105,0xad8f7077779c7c69
0,com_none,55,0,0,0,0,default_table,b,b,,,105,0xad8f7077779c7c69
0,com_none,56,0,0,0,0,default_table,b,b,,,105,0xad8f7077779c7c69
0,com_none,57,0,0,0,0,default_table,b,b,,,105,0xad8f7077779c7c69
0,com_none,58,0,0,0,0,default_table,b,b,,,105,0xad8f7077779c7c69
0,com_none,59,0,0,0,0,default_table,b,b,,,105,0xad8f7077779c7c69
0,com_none,60,0,0,0,0,default_table,b,b,,,105,0xad8f7077779c7c69
0,com_none,61,0,0,0,0,default_table,b,b,,,105,0xad8f7077779c7c69
0,com_none,62,0,0,0,0,default_table,b,b,,,105,0xad8f7077779c7c69
0,com_none,63,0,0,0,0,default_table,b,b,,,105,0xad8f7077779c7c69
0,com_none,64,0,0,0,0,default_table,b,b,,,105,0xad8f7077779c7c69
1,com_off,1,0,0,0,0,default_table,b,b,,,190,0x77edff7f3a25b5bd
1,com_off,2,0,0,0,0,default_table,b,b,,,190,0x77edff7f3a25b5bd
1,com_off,3,0,0,0,0,default_table,b,b,,,190,0x77edff7f3a25b5bd
1,com_off,4,0,0,0,0,default_table,b,b,,,190,0x77edff7f3a25b5bd
1,com_off,5,0,0,0,0,default_table,b,b,,,190,0x77edff7f3a25b5bd
1,com_off,6,0,0,0,0,default_table,b,b,,,190,0x77edff7f3a25b5bd
1,com_off,7,0,0,0,0,default_table,b,b,,,190,0x77edff7f3a25b5bd
1,com_off,8,0,0,0,0,default_table,b,b,,,190,0x77edff7f3a25b5bd
1,com_off,9,0,0,0,0,default_table,b,b,,,190,0x77edff7f3a25b5bd
1,com_off,10,0,0,0,0,default_table,b,b,,,190,0x77edff7f3a25b5bd
1,com_off,11,0,0,0,0,default_table,b,b,,,190,0x77edff7f3a25b5bd
1,com_off,12,0,0,0,0,default_table,b,b,,,190,0x77edff7f3a25b5bd
1,com_off,13,0,0,0,0,default_table,b,b,,,190,0x77edff7f3a25b5bd
1,com_off,14,0,0,0,0,default_table,b,b,,,190,0x77edff7f3a25b5bd
1,com_off,15,0,0,0,0,default_table,b,b,,,190,0x77edff7f3a25b5bd
1,com_off,16,0,0,0,0,default_table,b,b,,,190,0x77edff7f3a25b5bd
1,com_off,17,0,0,0,0,default_table,b,b,,,190,0x77edff7f3a25b5bd
1,com_off,18,0,0,0,0,default_table,b,b,,,190,0x77edff7f3a25b5bd
1,com_off,19,0,0,0,0,default_table,b,b,,,190,0x77edff7f3a25b5bd
1,com_off,20,0,0,0,0,default_table,b,b,,,190,0x77edff7f3a25b5bd
1,com_off,21,0,0,0,0,default_table,b,b,,,190,0x77edff7f3a25b5bd
1,com_off,22,0,0,0,0,default_table,b,b,,,190,0x77edff7f3a25b5bd
1,com_off,23,0,0,0,0,default_table,b,b,,,190,0x77edff7f3a25b5bd
1,com_off,24,0,0,0,0,default_table,b,b,,,190,0x77edff7f3a25b5bd
1,com_off,25,0,0,0,0,default_table,b,b,,,190,0x77edff7f3a25b5bd
1,com_off,26,0,0,0,0,default_table,b,b,,,190,0x77edff7f3a25b5bd
1,com_off,27,0,0,0,0,default_table,b,b,,,190,0x77edff7f3a25b5bd
1,com_off,28,0,0,0,0,default_table,b,b,,,190,0x77edff7f3a25b5bd
1,com_off,29,0,0,0,0,default_table,b,b,,,190,0x77edff7f3a25b5bd
1,com_off,30,0,0,0,0,default_table,b,b,,,190,0x77edff7f3a25b5bd
1,com_off,31,0,0,0,0,default_table,b,b,,,190,0x77edff7f3a25b5bd
1,com_off,32,0,0,0,0,default_table,b,b,,,190,0x77edff7f3a25b5bd
1,com_off,33,0,0,0,0,default_table,b,b,,,190,0x77edff7f3a25b5bd
1,com_off,34,0,0,0,0,default_table,b,b,,,190,0x77edff7f3a25b5bd
1,com_off,35,0,0,0,0,default_table,b,b,,,190,0x77edff7f3a25b5bd
1,com_off,36,0,0,0,0,default_table,b,b,,,190,0x77edff7f3a25b5bd
1,com_off,37,0,0,0,0,default_table,b,b,,,190,0x77edff7f3a25b5bd
1,com_off,38,0,0,0,0,default_table,b,b,,,190,0x77edff7f3a25b5bd
1,com_off,39,0,0,0,0,default_table,b,b,,,190,0x77edff7f3a25b5bd
1,com_off,40,0,0,0,0,default_table,b,b,,,190,0x77edff7f3a25b5bd
1,com_off,41,0,0,0,0,default_table,b,b,,,190,0x77edff7f3a25b5bd
1,com_off,42,0,0,0,0,default_table,b,b,,,190,0x77edff7f3a25b5bd
1,com_off,43,0,0,0,0,default_table,b,b,,,190,0x77edff7f3a25b5bd
1,com_off,44,0,0,0,0,default_table,b,b,,,190,0x77edff7f3a25b5bd
1,com_off,45,0,0,0,0,default_table,b,b,,,190,0x77edff7f3a25b5bd
1,com_off,46,0,0,0,0,default_table,b,b,,,190,0x77edff7f3a25b5bd
1,com_off,47,0,0,0,0,default_table,b,b,,,190,0x77edff7f3a25b5bd
1,com_off,48,0,0,0,0,default_table,b,b,,,190,0x77edff7f3a25b5bd
1,com_off,49,0,0,0,0,default_table,b,b,,,190,0x77edff7f3a25b5bd
1,com_off,50,0,0,0,0,default_table,b,b,,,190,0x77edff7f3a25b5bd
1,com_off,51,0,0,0,0,default_table,b,b,,,190,0x77edff7f3a25b5bd
1,com_off,52,0,0,0,0,default_table,b,b,,,190,0x77edff7f3a25b5bd
1,com_off,53,0,0,0,0,default_table,b,b,,,190,0x77edff7f3a25b5bd
1,com_off,54,0,0,0,0,default_table,b,b,,,190,0x77edff7f3a25b5bd
1,com_off,55,0,0,0,0,default_table,b,b,,,190,0x77edff7f3a25b5bd
1,com_off,56,0,0,0,0,default_table,b,b,,,190,0x77edff7f3a25b5bd
1,com_off,57,0,0,0,0,default_table,b,b,,,190,0x77edff7f3a25b5bd
1,com_off,58,0,0,0,0,default_table,b,b,,,190,0x77edff7f3a25b5bd
1,com_off,59,0,0,0,0,default_table,b,b,,,190,0x77edff7f3a25b5bd
1,com_off,60,0,0,0,0,default_table,b,b,,,190,0x77edff7f3a25b5bd
1,com_off,61,0,0,0,0,default_table,b,b,,,190,0x77edff7f3a25b5bd
1,com_off,62,0,0,0,0,default_table,b,b,,,190,0x77edff7f3a25b5bd
1,com_off,63,0,0,0,0,default_table,b,b,,,190,0x77edff7f3a25b5bd
1,com_off,64,0,0,0,0,default_table,b,b,,,190,0x77edff7f3a25b5bd
2,com_on,1,0,0,0,0,default_table,b,b,,,148,0x5512feca6390a794
2,com_on,2,0,0,0,0,default_table,b,b,,,148,0x5512feca6390a794
2,com_on,3,0,0,0,0,default_table,b,b,,,148,0x5512feca6390a794
2,com_on,4,0,0,0,0,default_table,b,b,,,148,0x5512feca6390a794
2,com_on,5,0,0,0,0,default_table,b,b,,,148,0x5512feca6390a794
2,com_on,6,0,0,0,0,default_table,b,b,,,148,0x5512feca6390a794
2,com_on,7,0,0,0,0,default_table,b,b,,,148,0x5512feca6390a794
2,com_on,8,0,0,0,0,default_table,b,b,,,148,0x5512feca6390a794
2,com_on,9,0,0,0,0,default_table,b,b,,,148,0x5512feca6390a794
2,com_on,10,0,0,0,0,default_table,b,b,,,148,0x5512feca6390a794
2,com_on,11,0,0,0,0,default_table,b,b,,,148,0x5512feca6390a794
2,com_on,12,0,0,0,0,default_table,b,b,,,148,0x5512feca6390a794
2,com_on,13,0,0,0,0,default_table,b,b,,,148,0x5512feca6390a794
2,com_on,14,0,0,0,0,default_table,b,b,,,148,0x5512feca6390a794
2,com_on,15,0,0,0,0,default_table,b,b,,,148,0x5512feca6390a794
2,com_on,16,0,0,0,0,default_table,b,b,,,148,0x5512feca6390a794
2,com_on,17,0,0,0,0,default_table,b,b,,,148,0x5512feca6390a794
2,com_on,18,0,0,0,0,default_table,b,b,,,148,0x5512feca6390a794
2,com_on,19,0,0,0,0,default_table,b,b,,,148,0x5512feca6390a794
2,com_on,20,0,0,0,0,default_table,b,b,,,148,0x5512feca6390a794
2,com_on,21,0,0,0,0,default_table,b,b,,,148,0x5512feca6390a794
2,com_on,22,0,0,0,0,default_table,b,b,,,148,0x5512feca6390a794
2,com_on,23,0,0,0,0,default_table,b,b,,,148,0x5512feca6390a794
2,com_on,24,0,0,0,0,default_table,b,b,,,148,0x5512feca6390a794
2,com_on,25,0,0,0,0,default_table,b,b,,,148,0x5512feca6390a794
2,com_on,26,0,0,0,0,default_table,b,b,,,148,0x5512feca6390a794
2,com_on,27,0,0,0,0,default_table,b,b,,,148,0x5512feca6390a794
2,com_on,28,0,0,0,0,default_table,b,b,,,148,0x5512feca6390a794
2,com_on,29,0,0,0,0,default_table,b,b,,,148,0x5512feca6390a794
2,com_on,30,0,0,0,0,default_table,b,b,,,148,0x5512feca6390a794
2,com_on,31,0,0,0,0,default_table,b,b,,,148,0x5512feca6390a794
2,com_on,32,0,0,0,0,default_table,b,b,,,148,0x5512feca6390a794
2,com_on,33,0,0,0,0,default_table,b,b,,,148,0x5512feca6390a794
2,com_on,34,0,0,0,0,default_table,b,b,,,148,0x5512feca6390a794
2,com_on,35,0,0,0,0,default_table,b,b,,,148,0x5512feca6390a794
2,com_on,36,0,0,0,0,default_table,b,b,,,148,0x5512feca6390a794
2,com_on,37,0,0,0,0,default_table,b,b,,,148,0x5512feca6390a794
2,com_on,38,0,0,0,0,default_table,b,b,,,148,0x5512feca6390a794
2,com_on,39,0,0,0,0,default_table,b,b,,,148,0x5512feca6390a794
2,com_on,40,0,0,0,0,default_table,b,b,,,148,0x5512feca6390a794
2,com_on,41,0,0,0,0,default_table,b,b,,,148,0x5512feca6390a794
2,com_on,42,0,0,0,0,default_table,b,b,,,148,0x5512feca6390a794
2,com_on,43,0,0,0,0,default_table,b,b,,,148,0x5512feca6390a794
2,com_on,44,0,0,0,0,default_table,b,b,,,148,0x5512feca6390a794
2,com_on,45,0,0,0,0,default_table,b,b,,,148,0x5512feca6390a794
2,com_on,46,0,0,0,0,default_table,b,b,,,148,0x5512feca6390a794
2,com_on,47,0,0,0,0,default_table,b,b,,,148,0x5512feca6390a794
2,com_on,48,0,0,0,0,default_table,b,b,,,148,0x5512feca6390a794
2,com_on,49,0,0,0,0,default_table,b,b,,,148,0x5512feca6390a794
2,com_on,50,0,0,0,0,default_table,b,b,,,148,0x5512feca6390a794
2,com_on,51,0,0,0,0,default_table,b,b,,,148,0x5512feca6390a794
2,com_on,52,0,0,0,0,default_table,b,b,,,148,0x5512feca6390a794
2,com_on,53,0,0,0,0,default_table,b,b,,,148,0x5512feca6390a794
2,com_on,54,0,0,0,0,default_table,b,b,,,148,0x5512feca6390a794
2,com_on,55,0,0,0,0,default_table,b,b,,,148,0x5512feca6390a794
2,com_on,56,0,0,0,0,default_table,b,b,,,148,0x5512feca6390a794
2,com_on,57,0,0,0,0,default_table,b,b,,,148,0x5512feca6390a794
2,com_on,58,0,0,0,0,default_table,b,b,,,148,0x5512feca6390a794
2,com_on,59,0,0,0,0,default_table,b,b,,,148,0x5512feca6390a794
2,com_on,60,0,0,0,0,default_table,b,b,,,148,0x5512feca6390a794
2,com_on,61,0,0,0,0,default_table,b,b,,,148,0x5512feca6390a794
2,com_on,62,0,0,0,0,default_table,b,b,,,148,0x5512feca6390a794
2,com_on,63,0,0,0,0,default_table,b,b,,,148,0x5512feca6390a794
2,com_on,64,0,0,0,0,default_table,b,b,,,148,0x5512feca6390a794
3,com_not_bit,1,1,1,1,1,level_override_allowed,b,b,,,145,0x87b82a21c1707791
3,com_not_bit,2,1,1,1,1,level_override_allowed,b,b,,,145,0x87b82a21c1707791
3,com_not_bit,3,1,1,1,1,level_override_allowed,b,b,,,145,0x87b82a21c1707791
3,com_not_bit,4,1,1,1,1,level_override_allowed,b,b,,,145,0x87b82a21c1707791
3,com_not_bit,5,1,1,1,1,level_override_allowed,b,b,,,145,0x87b82a21c1707791
3,com_not_bit,6,1,1,1,1,level_override_allowed,b,b,,,145,0x87b82a21c1707791
3,com_not_bit,7,1,1,1,1,level_override_allowed,b,b,,,145,0x87b82a21c1707791
3,com_not_bit,8,1,1,1,1,level_override_allowed,b,b,,,145,0x87b82a21c1707791
3,com_not_bit,9,1,1,1,1,level_override_allowed,b,b,,,145,0x87b82a21c1707791
3,com_not_bit,10,1,1,1,1,level_override_allowed,b,b,,,145,0x87b82a21c1707791
3,com_not_bit,11,1,1,1,1,level_override_allowed,b,b,,,145,0x87b82a21c1707791
3,com_not_bit,12,1,1,1,1,level_override_allowed,b,b,,,145,0x87b82a21c1707791
3,com_not_bit,13,1,1,1,1,level_override_allowed,b,b,,,145,0x87b82a21c1707791
3,com_not_bit,14,1,1,1,1,level_override_allowed,b,b,,,145,0x87b82a21c1707791
3,com_not_bit,15,1,1,1,1,level_override_allowed,b,b,,,145,0x87b82a21c1707791
3,com_not_bit,16,1,1,1,1,level_override_allowed,b,b,,,145,0x87b82a21c1707791
3,com_not_bit,17,1,1,1,1,level_override_allowed,b,b,,,145,0x87b82a21c1707791
3,com_not_bit,18,1,1,1,1,level_override_allowed,b,b,,,145,0x87b82a21c1707791
3,com_not_bit,19,1,1,1,1,level_override_allowed,b,b,,,145,0x87b82a21c1707791
3,com_not_bit,20,1,1,1,1,level_override_allowed,b,b,,,145,0x87b82a21c1707791
3,com_not_bit,21,1,1,1,1,level_override_allowed,b,b,,,145,0x87b82a21c1707791
3,com_not_bit,22,1,1,1,1,level_override_allowed,b,b,,,145,0x87b82a21c1707791
3,com_not_bit,23,1,1,1,1,level_override_allowed,b,b,,,145,0x87b82a21c1707791
3,com_not_bit,24,1,1,1,1,level_override_allowed,b,b,,,145,0x87b82a21c1707791
3,com_not_bit,25,1,1,1,1,level_override_allowed,b,b,,,145,0x87b82a21c1707791
3,com_not_bit,26,1,1,1,1,level_override_allowed,b,b,,,145,0x87b82a21c1707791
3,com_not_bit,27,1,1,1,1,level_override_allowed,b,b,,,145,0x87b82a21c1707791
3,com_not_bit,28,1,1,1,1,level_override_allowed,b,b,,,145,0x87b82a21c1707791
3,com_not_bit,29,1,1,1,1,level_override_allowed,b,b,,,145,0x87b82a21c1707791
3,com_not_bit,30,1,1,1,1,level_override_allowed,b,b,,,145,0x87b82a21c1707791
3,com_not_bit,31,1,1,1,1,level_override_allowed,b,b,,,145,0x87b82a21c1707791
3,com_not_bit,32,1,1,1,1,level_override_allowed,b,b,,,145,0x87b82a21c1707791
3,com_not_bit,33,1,1,1,1,level_override_allowed,b,b,,,145,0x87b82a21c1707791
3,com_not_bit,34,1,1,1,1,level_override_allowed,b,b,,,145,0x87b82a21c1707791
3,com_not_bit,35,1,1,1,1,level_override_allowed,b,b,,,145,0x87b82a21c1707791
3,com_not_bit,36,1,1,1,1,level_override_allowed,b,b,,,145,0x87b82a21c1707791
3,com_not_bit,37,1,1,1,1,level_override_allowed,b,b,,,145,0x87b82a21c1707791
3,com_not_bit,38,1,1,1,1,level_override_allowed,b,b,,,145,0x87b82a21c1707791
3,com_not_bit,39,1,1,1,1,level_override_allowed,b,b,,,145,0x87b82a21c1707791
3,com_not_bit,40,1,1,1,1,level_override_allowed,b,b,,,145,0x87b82a21c1707791
3,com_not_bit,41,1,1,1,1,level_override_allowed,b,b,,,145,0x87b82a21c1707791
3,com_not_bit,42,1,1,1,1,level_override_allowed,b,b,,,145,0x87b82a21c1707791
3,com_not_bit,43,1,1,1,1,level_override_allowed,b,b,,,145,0x87b82a21c1707791
3,com_not_bit,44,1,1,1,1,level_override_allowed,b,b,,,145,0x87b82a21c1707791
3,com_not_bit,45,1,1,1,1,level_override_allowed,b,b,,,145,0x87b82a21c1707791
3,com_not_bit,46,1,1,1,1,level_override_allowed,b,b,,,145,0x87b82a21c1707791
3,com_not_bit,47,1,1,1,1,level_override_allowed,b,b,,,145,0x87b82a21c1707791
3,com_not_bit,48,1,1,1,1,level_override_allowed,b,b,,,145,0x87b82a21c1707791
3,com_not_bit,49,1,1,1,1,level_override_allowed,b,b,,,145,0x87b82a21c1707791
3,com_not_bit,50,1,1,1,1,level_override_allowed,b,b,,,145,0x87b82a21c1707791
3,com_not_bit,51,1,1,1,1,level_override_allowed,b,b,,,145,0x87b82a21c1707791
3,com_not_bit,52,1,1,1,1,level_override_allowed,b,b,,,145,0x87b82a21c1707791
3,com_not_bit,53,1,1,1,1,level_override_allowed,b,b,,,145,0x87b82a21c1707791
3,com_not_bit,54,1,1,1,1,level_override_allowed,b,b,,,145,0x87b82a21c1707791
3,com_not_bit,55,1,1,1,1,level_override_allowed,b,b,,,145,0x87b82a21c1707791
3,com_not_bit,56,1,1,1,1,level_override_allowed,b,b,,,145,0x87b82a21c1707791
3,com_not_bit,57,1,1,1,1,level_override_allowed,b,b,,,145,0x87b82a21c1707791
3,com_not_bit,58,1,1,1,1,level_override_allowed,b,b,,,145,0x87b82a21c1707791
3,com_not_bit,59,1,1,1,1,level_override_allowed,b,b,,,145,0x87b82a21c1707791
3,com_not_bit,60,1,1,1,1,level_override_allowed,b,b,,,145,0x87b82a21c1707791
3,com_not_bit,61,1,1,1,1,level_override_allowed,b,b,,,145,0x87b82a21c1707791
3,com_not_bit,62,1,1,1,1,level_override_allowed,b,b,,,145,0x87b82a21c1707791
3,com_not_bit,63,1,1,1,1,level_override_allowed,b,b,,,145,0x87b82a21c1707791
3,com_not_bit,64,1,1,1,1,level_override_allowed,b,b,,,145,0x87b82a21c1707791
4,com_and_bit,1,1,1,1,1,default_table,b,b,,,131,0xb3c6889b9afdc283
4,com_and_bit,2,1,1,1,1,default_table,b,b,,,131,0xb3c6889b9afdc283
4,com_and_bit,3,1,1,1,1,default_table,b,b,,,131,0xb3c6889b9afdc283
4,com_and_bit,4,1,1,1,1,default_table,b,b,,,131,0xb3c6889b9afdc283
4,com_and_bit,5,1,1,1,1,default_table,b,b,,,131,0xb3c6889b9afdc283
4,com_and_bit,6,1,1,1,1,default_table,b,b,,,131,0xb3c6889b9afdc283
4,com_and_bit,7,1,1,1,1,default_table,b,b,,,131,0xb3c6889b9afdc283
4,com_and_bit,8,1,1,1,1,default_table,b,b,,,131,0xb3c6889b9afdc283
4,com_and_bit,9,1,1,1,1,default_table,b,b,,,131,0xb3c6889b9afdc283
4,com_and_bit,10,1,1,1,1,default_table,b,b,,,131,0xb3c6889b9afdc283
4,com_and_bit,11,1,1,1,1,default_table,b,b,,,131,0xb3c6889b9afdc283
4,com_and_bit,12,1,1,1,1,default_table,b,b,,,131,0xb3c6889b9afdc283
4,com_and_bit,13,1,1,1,1,default_table,b,b,,,131,0xb3c6889b9afdc283
4,com_and_bit,14,1,1,1,1,default_table,b,b,,,131,0xb3c6889b9afdc283
4,com_and_bit,15,1,1,1,1,default_table,b,b,,,131,0xb3c6889b9afdc283
4,com_and_bit,16,1,1,1,1,default_table,b,b,,,131,0xb3c6889b9afdc283
4,com_and_bit,17,1,1,1,1,default_table,b,b,,,131,0xb3c6889b9afdc283
4,com_and_bit,18,1,1,1,1,default_table,b,b,,,131,0xb3c6889b9afdc283
4,com_and_bit,19,1,1,1,1,default_table,b,b,,,131,0xb3c6889b9afdc283
4,com_and_bit,20,1,1,1,1,default_table,b,b,,,131,0xb3c6889b9afdc283
4,com_and_bit,21,1,1,1,1,default_table,b,b,,,131,0xb3c6889b9afdc283
4,com_and_bit,22,1,1,1,1,default_table,b,b,,,131,0xb3c6889b9afdc283
4,com_and_bit,23,1,1,1,1,default_table,b,b,,,131,0xb3c6889b9afdc283
4,com_and_bit,24,1,1,1,1,default_table,b,b,,,131,0xb3c6889b9afdc283
4,com_and_bit,25,1,1,1,1,default_table,b,b,,,131,0xb3c6889b9afdc283
4,com_and_bit,26,1,1,1,1,default_table,b,b,,,131,0xb3c6889b9afdc283
4,com_and_bit,27,1,1,1,1,default_table,b,b,,,131,0xb3c6889b9afdc283
4,com_and_bit,28,1,1,1,1,default_table,b,b,,,131,0xb3c6889b9afdc283
4,com_and_bit,29,1,1,1,1,default_table,b,b,,,131,0xb3c6889b9afdc283
4,com_and_bit,30,1,1,1,1,default_table,b,b,,,131,0xb3c6889b9afdc283
4,com_and_bit,31,1,1,1,1,default_table,b,b,,,131,0xb3c6889b9afdc283
4,com_and_bit,32,1,1,1,1,default_table,b,b,,,131,0xb3c6889b9afdc283
4,com_and_bit,33,1,1,1,1,default_table,b,b,,,131,0xb3c6889b9afdc283
4,com_and_bit,34,1,1,1,1,default_table,b,b,,,131,0xb3c6889b9afdc283
4,com_and_bit,35,1,1,1,1,default_table,b,b,,,131,0xb3c6889b9afdc283
4,com_and_bit,36,1,1,1,1,default_table,b,b,,,131,0xb3c6889b9afdc283
4,com_and_bit,37,1,1,1,1,default_table,b,b,,,131,0xb3c6889b9afdc283
4,com_and_bit,38,1,1,1,1,default_table,b,b,,,131,0xb3c6889b9afdc283
4,com_and_bit,39,1,1,1,1,default_table,b,b,,,131,0xb3c6889b9afdc283
4,com_and_bit,40,1,1,1,1,default_table,b,b,,,131,0xb3c6889b9afdc283
4,com_and_bit,41,1,1,1,1,default_table,b,b,,,131,0xb3c6889b9afdc283
4,com_and_bit,42,1,1,1,1,default_table,b,b,,,131,0xb3c6889b9afdc283
4,com_and_bit,43,1,1,1,1,default_table,b,b,,,131,0xb3c6889b9afdc283
4,com_and_bit,44,1,1,1,1,default_table,b,b,,,131,0xb3c6889b9afdc283
4,com_and_bit,45,1,1,1,1,default_table,b,b,,,131,0xb3c6889b9afdc283
4,com_and_bit,46,1,1,1,1,default_table,b,b,,,131,0xb3c6889b9afdc283
4,com_and_bit,47,1,1,1,1,default_table,b,b,,,131,0xb3c6889b9afdc283
4,com_and_bit,48,1,1,1,1,default_table,b,b,,,131,0xb3c6889b9afdc283
4,com_and_bit,49,1,1,1,1,default_table,b,b,,,131,0xb3c6889b9afdc283
4,com_and_bit,50,1,1,1,1,default_table,b,b,,,131,0xb3c6889b9afdc283
4,com_and_bit,51,1,1,1,1,default_table,b,b,,,131,0xb3c6889b9afdc283
4,com_and_bit,52,1,1,1,1,default_table,b,b,,,131,0xb3c6889b9afdc283
4,com_and_bit,53,1,1,1,1,default_table,b,b,,,131,0xb3c6889b9afdc283
4,com_and_bit,54,1,1,1,1,default_table,b,b,,,131,0xb3c6889b9afdc283
4,com_and_bit,55,1,1,1,1,default_table,b,b,,,131,0xb3c6889b9afdc283
4,com_and_bit,56,1,1,1,1,default_table,b,b,,,131,0xb3c6889b9afdc283
4,com_and_bit,57,1,1,1,1,default_table,b,b,,,131,0xb3c6889b9afdc283
4,com_and_bit,58,1,1,1,1,default_table,b,b,,,131,0xb3c6889b9afdc283
4,com_and_bit,59,1,1,1,1,default_table,b,b,,,131,0xb3c6889b9afdc283
4,com_and_bit,60,1,1,1,1,default_table,b,b,,,131,0xb3c6889b9afdc283
4,com_and_bit,61,1,1,1,1,default_table,b,b,,,131,0xb3c6889b9afdc283
4,com_and_bit,62,1,1,1,1,default_table,b,b,,,131,0xb3c6889b9afdc283
4,com_and_bit,63,1,1,1,1,default_table,b,b,,,131,0xb3c6889b9afdc283
4,com_and_bit,64,1,1,1,1,default_table,b,b,,,131,0xb3c6889b9afdc283
5,com_and_3_bit,1,2,2,2,2,level_override_allowed,b,b,,,134,0x5bfe5ee99aeefe86
5,com_and_3_bit,2,2,2,2,2,level_override_allowed,b,b,,,134,0x5bfe5ee99aeefe86
5,com_and_3_bit,3,2,2,2,2,level_override_allowed,b,b,,,134,0x5bfe5ee99aeefe86
5,com_and_3_bit,4,2,2,2,2,level_override_allowed,b,b,,,134,0x5bfe5ee99aeefe86
5,com_and_3_bit,5,2,2,2,2,level_override_allowed,b,b,,,134,0x5bfe5ee99aeefe86
5,com_and_3_bit,6,2,2,2,2,level_override_allowed,b,b,,,134,0x5bfe5ee99aeefe86
5,com_and_3_bit,7,2,2,2,2,level_override_allowed,b,b,,,134,0x5bfe5ee99aeefe86
5,com_and_3_bit,8,2,2,2,2,level_override_allowed,b,b,,,134,0x5bfe5ee99aeefe86
5,com_and_3_bit,9,2,2,2,2,level_override_allowed,b,b,,,134,0x5bfe5ee99aeefe86
5,com_and_3_bit,10,2,2,2,2,level_override_allowed,b,b,,,134,0x5bfe5ee99aeefe86
5,com_and_3_bit,11,2,2,2,2,level_override_allowed,b,b,,,134,0x5bfe5ee99aeefe86
5,com_and_3_bit,12,2,2,2,2,level_override_allowed,b,b,,,134,0x5bfe5ee99aeefe86
5,com_and_3_bit,13,2,2,2,2,level_override_allowed,b,b,,,134,0x5bfe5ee99aeefe86
5,com_and_3_bit,14,2,2,2,2,level_override_allowed,b,b,,,134,0x5bfe5ee99aeefe86
5,com_and_3_bit,15,2,2,2,2,level_override_allowed,b,b,,,134,0x5bfe5ee99aeefe86
5,com_and_3_bit,16,2,2,2,2,level_override_allowed,b,b,,,134,0x5bfe5ee99aeefe86
5,com_and_3_bit,17,2,2,2,2,level_override_allowed,b,b,,,134,0x5bfe5ee99aeefe86
5,com_and_3_bit,18,2,2,2,2,level_override_allowed,b,b,,,134,0x5bfe5ee99aeefe86
5,com_and_3_bit,19,2,2,2,2,level_override_allowed,b,b,,,134,0x5bfe5ee99aeefe86
5,com_and_3_bit,20,2,2,2,2,level_override_allowed,b,b,,,134,0x5bfe5ee99aeefe86
5,com_and_3_bit,21,2,2,2,2,level_override_allowed,b,b,,,134,0x5bfe5ee99aeefe86
5,com_and_3_bit,22,2,2,2,2,level_override_allowed,b,b,,,134,0x5bfe5ee99aeefe86
5,com_and_3_bit,23,2,2,2,2,level_override_allowed,b,b,,,134,0x5bfe5ee99aeefe86
5,com_and_3_bit,24,2,2,2,2,level_override_allowed,b,b,,,134,0x5bfe5ee99aeefe86
5,com_and_3_bit,25,2,2,2,2,level_override_allowed,b,b,,,134,0x5bfe5ee99aeefe86
5,com_and_3_bit,26,2,2,2,2,level_override_allowed,b,b,,,134,0x5bfe5ee99aeefe86
5,com_and_3_bit,27,2,2,2,2,level_override_allowed,b,b,,,134,0x5bfe5ee99aeefe86
5,com_and_3_bit,28,2,2,2,2,level_override_allowed,b,b,,,134,0x5bfe5ee99aeefe86
5,com_and_3_bit,29,2,2,2,2,level_override_allowed,b,b,,,134,0x5bfe5ee99aeefe86
5,com_and_3_bit,30,2,2,2,2,level_override_allowed,b,b,,,134,0x5bfe5ee99aeefe86
5,com_and_3_bit,31,2,2,2,2,level_override_allowed,b,b,,,134,0x5bfe5ee99aeefe86
5,com_and_3_bit,32,2,2,2,2,level_override_allowed,b,b,,,134,0x5bfe5ee99aeefe86
5,com_and_3_bit,33,2,2,2,2,level_override_allowed,b,b,,,134,0x5bfe5ee99aeefe86
5,com_and_3_bit,34,2,2,2,2,level_override_allowed,b,b,,,134,0x5bfe5ee99aeefe86
5,com_and_3_bit,35,2,2,2,2,level_override_allowed,b,b,,,134,0x5bfe5ee99aeefe86
5,com_and_3_bit,36,2,2,2,2,level_override_allowed,b,b,,,134,0x5bfe5ee99aeefe86
5,com_and_3_bit,37,2,2,2,2,level_override_allowed,b,b,,,134,0x5bfe5ee99aeefe86
5,com_and_3_bit,38,2,2,2,2,level_override_allowed,b,b,,,134,0x5bfe5ee99aeefe86
5,com_and_3_bit,39,2,2,2,2,level_override_allowed,b,b,,,134,0x5bfe5ee99aeefe86
5,com_and_3_bit,40,2,2,2,2,level_override_allowed,b,b,,,134,0x5bfe5ee99aeefe86
5,com_and_3_bit,41,2,2,2,2,level_override_allowed,b,b,,,134,0x5bfe5ee99aeefe86
5,com_and_3_bit,42,2,2,2,2,level_override_allowed,b,b,,,134,0x5bfe5ee99aeefe86
5,com_and_3_bit,43,2,2,2,2,level_override_allowed,b,b,,,134,0x5bfe5ee99aeefe86
5,com_and_3_bit,44,2,2,2,2,level_override_allowed,b,b,,,134,0x5bfe5ee99aeefe86
5,com_and_3_bit,45,2,2,2,2,level_override_allowed,b,b,,,134,0x5bfe5ee99aeefe86
5,com_and_3_bit,46,2,2,2,2,level_override_allowed,b,b,,,134,0x5bfe5ee99aeefe86
5,com_and_3_bit,47,2,2,2,2,level_override_allowed,b,b,,,134,0x5bfe5ee99aeefe86
5,com_and_3_bit,48,2,2,2,2,level_override_allowed,b,b,,,134,0x5bfe5ee99aeefe86
5,com_and_3_bit,49,2,2,2,2,level_override_allowed,b,b,,,134,0x5bfe5ee99aeefe86
5,com_and_3_bit,50,2,2,2,2,level_override_allowed,b,b,,,134,0x5bfe5ee99aeefe86
5,com_and_3_bit,51,2,2,2,2,level_override_allowed,b,b,,,134,0x5bfe5ee99aeefe86
5,com_and_3_bit,52,2,2,2,2,level_override_allowed,b,b,,,134,0x5bfe5ee99aeefe86
5,com_and_3_bit,53,2,2,2,2,level_override_allowed,b,b,,,134,0x5bfe5ee99aeefe86
5,com_and_3_bit,54,2,2,2,2,level_override_allowed,b,b,,,134,0x5bfe5ee99aeefe86
5,com_and_3_bit,55,2,2,2,2,level_override_allowed,b,b,,,134,0x5bfe5ee99aeefe86
5,com_and_3_bit,56,2,2,2,2,level_override_allowed,b,b,,,134,0x5bfe5ee99aeefe86
5,com_and_3_bit,57,2,2,2,2,level_override_allowed,b,b,,,134,0x5bfe5ee99aeefe86
5,com_and_3_bit,58,2,2,2,2,level_override_allowed,b,b,,,134,0x5bfe5ee99aeefe86
5,com_and_3_bit,59,2,2,2,2,level_override_allowed,b,b,,,134,0x5bfe5ee99aeefe86
5,com_and_3_bit,60,2,2,2,2,level_override_allowed,b,b,,,134,0x5bfe5ee99aeefe86
5,com_and_3_bit,61,2,2,2,2,level_override_allowed,b,b,,,134,0x5bfe5ee99aeefe86
5,com_and_3_bit,62,2,2,2,2,level_override_allowed,b,b,,,134,0x5bfe5ee99aeefe86
5,com_and_3_bit,63,2,2,2,2,level_override_allowed,b,b,,,134,0x5bfe5ee99aeefe86
5,com_and_3_bit,64,2,2,2,2,level_override_allowed,b,b,,,134,0x5bfe5ee99aeefe86
6,com_nand_bit,1,1,1,1,1,default_table,b,b,,,37,0x0715bce640c41925
6,com_nand_bit,2,1,1,1,1,default_table,b,b,,,37,0x0715bce640c41925
6,com_nand_bit,3,1,1,1,1,default_table,b,b,,,37,0x0715bce640c41925
6,com_nand_bit,4,1,1,1,1,default_table,b,b,,,37,0x0715bce640c41925
6,com_nand_bit,5,1,1,1,1,default_table,b,b,,,37,0x0715bce640c41925
6,com_nand_bit,6,1,1,1,1,default_table,b,b,,,37,0x0715bce640c41925
6,com_nand_bit,7,1,1,1,1,default_table,b,b,,,37,0x0715bce640c41925
6,com_nand_bit,8,1,1,1,1,default_table,b,b,,,37,0x0715bce640c41925
6,com_nand_bit,9,1,1,1,1,default_table,b,b,,,37,0x0715bce640c41925
6,com_nand_bit,10,1,1,1,1,default_table,b,b,,,37,0x0715bce640c41925
6,com_nand_bit,11,1,1,1,1,default_table,b,b,,,37,0x0715bce640c41925
6,com_nand_bit,12,1,1,1,1,default_table,b,b,,,37,0x0715bce640c41925
6,com_nand_bit,13,1,1,1,1,default_table,b,b,,,37,0x0715bce640c41925
6,com_nand_bit,14,1,1,1,1,default_table,b,b,,,37,0x0715bce640c41925
6,com_nand_bit,15,1,1,1,1,default_table,b,b,,,37,0x0715bce640c41925
6,com_nand_bit,16,1,1,1,1,default_table,b,b,,,37,0x0715bce640c41925
6,com_nand_bit,17,1,1,1,1,default_table,b,b,,,37,0x0715bce640c41925
6,com_nand_bit,18,1,1,1,1,default_table,b,b,,,37,0x0715bce640c41925
6,com_nand_bit,19,1,1,1,1,default_table,b,b,,,37,0x0715bce640c41925
6,com_nand_bit,20,1,1,1,1,default_table,b,b,,,37,0x0715bce640c41925
6,com_nand_bit,21,1,1,1,1,default_table,b,b,,,37,0x0715bce640c41925
6,com_nand_bit,22,1,1,1,1,default_table,b,b,,,37,0x0715bce640c41925
6,com_nand_bit,23,1,1,1,1,default_table,b,b,,,37,0x0715bce640c41925
6,com_nand_bit,24,1,1,1,1,default_table,b,b,,,37,0x0715bce640c41925
6,com_nand_bit,25,1,1,1,1,default_table,b,b,,,37,0x0715bce640c41925
6,com_nand_bit,26,1,1,1,1,default_table,b,b,,,37,0x0715bce640c41925
6,com_nand_bit,27,1,1,1,1,default_table,b,b,,,37,0x0715bce640c41925
6,com_nand_bit,28,1,1,1,1,default_table,b,b,,,37,0x0715bce640c41925
6,com_nand_bit,29,1,1,1,1,default_table,b,b,,,37,0x0715bce640c41925
6,com_nand_bit,30,1,1,1,1,default_table,b,b,,,37,0x0715bce640c41925
6,com_nand_bit,31,1,1,1,1,default_table,b,b,,,37,0x0715bce640c41925
6,com_nand_bit,32,1,1,1,1,default_table,b,b,,,37,0x0715bce640c41925
6,com_nand_bit,33,1,1,1,1,default_table,b,b,,,37,0x0715bce640c41925
6,com_nand_bit,34,1,1,1,1,default_table,b,b,,,37,0x0715bce640c41925
6,com_nand_bit,35,1,1,1,1,default_table,b,b,,,37,0x0715bce640c41925
6,com_nand_bit,36,1,1,1,1,default_table,b,b,,,37,0x0715bce640c41925
6,com_nand_bit,37,1,1,1,1,default_table,b,b,,,37,0x0715bce640c41925
6,com_nand_bit,38,1,1,1,1,default_table,b,b,,,37,0x0715bce640c41925
6,com_nand_bit,39,1,1,1,1,default_table,b,b,,,37,0x0715bce640c41925
6,com_nand_bit,40,1,1,1,1,default_table,b,b,,,37,0x0715bce640c41925
6,com_nand_bit,41,1,1,1,1,default_table,b,b,,,37,0x0715bce640c41925
6,com_nand_bit,42,1,1,1,1,default_table,b,b,,,37,0x0715bce640c41925
6,com_nand_bit,43,1,1,1,1,default_table,b,b,,,37,0x0715bce640c41925
6,com_nand_bit,44,1,1,1,1,default_table,b,b,,,37,0x0715bce640c41925
6,com_nand_bit,45,1,1,1,1,default_table,b,b,,,37,0x0715bce640c41925
6,com_nand_bit,46,1,1,1,1,default_table,b,b,,,37,0x0715bce640c41925
6,com_nand_bit,47,1,1,1,1,default_table,b,b,,,37,0x0715bce640c41925
6,com_nand_bit,48,1,1,1,1,default_table,b,b,,,37,0x0715bce640c41925
6,com_nand_bit,49,1,1,1,1,default_table,b,b,,,37,0x0715bce640c41925
6,com_nand_bit,50,1,1,1,1,default_table,b,b,,,37,0x0715bce640c41925
6,com_nand_bit,51,1,1,1,1,default_table,b,b,,,37,0x0715bce640c41925
6,com_nand_bit,52,1,1,1,1,default_table,b,b,,,37,0x0715bce640c41925
6,com_nand_bit,53,1,1,1,1,default_table,b,b,,,37,0x0715bce640c41925
6,com_nand_bit,54,1,1,1,1,default_table,b,b,,,37,0x0715bce640c41925
6,com_nand_bit,55,1,1,1,1,default_table,b,b,,,37,0x0715bce640c41925
6,com_nand_bit,56,1,1,1,1,default_table,b,b,,,37,0x0715bce640c41925
6,com_nand_bit,57,1,1,1,1,default_table,b,b,,,37,0x0715bce640c41925
6,com_nand_bit,58,1,1,1,1,default_table,b,b,,,37,0x0715bce640c41925
6,com_nand_bit,59,1,1,1,1,default_table,b,b,,,37,0x0715bce640c41925
6,com_nand_bit,60,1,1,1,1,default_table,b,b,,,37,0x0715bce640c41925
6,com_nand_bit,61,1,1,1,1,default_table,b,b,,,37,0x0715bce640c41925
6,com_nand_bit,62,1,1,1,1,default_table,b,b,,,37,0x0715bce640c41925
6,com_nand_bit,63,1,1,1,1,default_table,b,b,,,37,0x0715bce640c41925
6,com_nand_bit,64,1,1,1,1,default_table,b,b,,,37,0x0715bce640c41925
7,com_or_bit,1,1,1,1,1,default_table,b,b,,,70,0x92fa035f1baa3a46
7,com_or_bit,2,1,1,1,1,default_table,b,b,,,70,0x92fa035f1baa3a46
7,com_or_bit,3,1,1,1,1,default_table,b,b,,,70,0x92fa035f1baa3a46
7,com_or_bit,4,1,1,1,1,default_table,b,b,,,70,0x92fa035f1baa3a46
7,com_or_bit,5,1,1,1,1,default_table,b,b,,,70,0x92fa035f1baa3a46
7,com_or_bit,6,1,1,1,1,default_table,b,b,,,70,0x92fa035f1baa3a46
7,com_or_bit,7,1,1,1,1,default_table,b,b,,,70,0x92fa035f1baa3a46
7,com_or_bit,8,1,1,1,1,default_table,b,b,,,70,0x92fa035f1baa3a46
7,com_or_bit,9,1,1,1,1,default_table,b,b,,,70,0x92fa035f1baa3a46
7,com_or_bit,10,1,1,1,1,default_table,b,b,,,70,0x92fa035f1baa3a46
7,com_or_bit,11,1,1,1,1,default_table,b,b,,,70,0x92fa035f1baa3a46
7,com_or_bit,12,1,1,1,1,default_table,b,b,,,70,0x92fa035f1baa3a46
7,com_or_bit,13,1,1,1,1,default_table,b,b,,,70,0x92fa035f1baa3a46
7,com_or_bit,14,1,1,1,1,default_table,b,b,,,70,0x92fa035f1baa3a46
7,com_or_bit,15,1,1,1,1,default_table,b,b,,,70,0x92fa035f1baa3a46
7,com_or_bit,16,1,1,1,1,default_table,b,b,,,70,0x92fa035f1baa3a46
7,com_or_bit,17,1,1,1,1,default_table,b,b,,,70,0x92fa035f1baa3a46
7,com_or_bit,18,1,1,1,1,default_table,b,b,,,70,0x92fa035f1baa3a46
7,com_or_bit,19,1,1,1,1,default_table,b,b,,,70,0x92fa035f1baa3a46
7,com_or_bit,20,1,1,1,1,default_table,b,b,,,70,0x92fa035f1baa3a46
7,com_or_bit,21,1,1,1,1,default_table,b,b,,,70,0x92fa035f1baa3a46
7,com_or_bit,22,1,1,1,1,default_table,b,b,,,70,0x92fa035f1baa3a46
7,com_or_bit,23,1,1,1,1,default_table,b,b,,,70,0x92fa035f1baa3a46
7,com_or_bit,24,1,1,1,1,default_table,b,b,,,70,0x92fa035f1baa3a46
7,com_or_bit,25,1,1,1,1,default_table,b,b,,,70,0x92fa035f1baa3a46
7,com_or_bit,26,1,1,1,1,default_table,b,b,,,70,0x92fa035f1baa3a46
7,com_or_bit,27,1,1,1,1,default_table,b,b,,,70,0x92fa035f1baa3a46
7,com_or_bit,28,1,1,1,1,default_table,b,b,,,70,0x92fa035f1baa3a46
7,com_or_bit,29,1,1,1,1,default_table,b,b,,,70,0x92fa035f1baa3a46
7,com_or_bit,30,1,1,1,1,default_table,b,b,,,70,0x92fa035f1baa3a46
7,com_or_bit,31,1,1,1,1,default_table,b,b,,,70,0x92fa035f1baa3a46
7,com_or_bit,32,1,1,1,1,default_table,b,b,,,70,0x92fa035f1baa3a46
7,com_or_bit,33,1,1,1,1,default_table,b,b,,,70,0x92fa035f1baa3a46
7,com_or_bit,34,1,1,1,1,default_table,b,b,,,70,0x92fa035f1baa3a46
7,com_or_bit,35,1,1,1,1,default_table,b,b,,,70,0x92fa035f1baa3a46
7,com_or_bit,36,1,1,1,1,default_table,b,b,,,70,0x92fa035f1baa3a46
7,com_or_bit,37,1,1,1,1,default_table,b,b,,,70,0x92fa035f1baa3a46
7,com_or_bit,38,1,1,1,1,default_table,b,b,,,70,0x92fa035f1baa3a46
7,com_or_bit,39,1,1,1,1,default_table,b,b,,,70,0x92fa035f1baa3a46
7,com_or_bit,40,1,1,1,1,default_table,b,b,,,70,0x92fa035f1baa3a46
7,com_or_bit,41,1,1,1,1,default_table,b,b,,,70,0x92fa035f1baa3a46
7,com_or_bit,42,1,1,1,1,default_table,b,b,,,70,0x92fa035f1baa3a46
7,com_or_bit,43,1,1,1,1,default_table,b,b,,,70,0x92fa035f1baa3a46
7,com_or_bit,44,1,1,1,1,default_table,b,b,,,70,0x92fa035f1baa3a46
7,com_or_bit,45,1,1,1,1,default_table,b,b,,,70,0x92fa035f1baa3a46
7,com_or_bit,46,1,1,1,1,default_table,b,b,,,70,0x92fa035f1baa3a46
7,com_or_bit,47,1,1,1,1,default_table,b,b,,,70,0x92fa035f1baa3a46
7,com_or_bit,48,1,1,1,1,default_table,b,b,,,70,0x92fa035f1baa3a46
7,com_or_bit,49,1,1,1,1,default_table,b,b,,,70,0x92fa035f1baa3a46
7,com_or_bit,50,1,1,1,1,default_table,b,b,,,70,0x92fa035f1baa3a46
7,com_or_bit,51,1,1,1,1,default_table,b,b,,,70,0x92fa035f1baa3a46
7,com_or_bit,52,1,1,1,1,default_table,b,b,,,70,0x92fa035f1baa3a46
7,com_or_bit,53,1,1,1,1,default_table,b,b,,,70,0x92fa035f1baa3a46
7,com_or_bit,54,1,1,1,1,default_table,b,b,,,70,0x92fa035f1baa3a46
7,com_or_bit,55,1,1,1,1,default_table,b,b,,,70,0x92fa035f1baa3a46
7,com_or_bit,56,1,1,1,1,default_table,b,b,,,70,0x92fa035f1baa3a46
7,com_or_bit,57,1,1,1,1,default_table,b,b,,,70,0x92fa035f1baa3a46
7,com_or_bit,58,1,1,1,1,default_table,b,b,,,70,0x92fa035f1baa3a46
7,com_or_bit,59,1,1,1,1,default_table,b,b,,,70,0x92fa035f1baa3a46
7,com_or_bit,60,1,1,1,1,default_table,b,b,,,70,0x92fa035f1baa3a46
7,com_or_bit,61,1,1,1,1,default_table,b,b,,,70,0x92fa035f1baa3a46
7,com_or_bit,62,1,1,1,1,default_table,b,b,,,70,0x92fa035f1baa3a46
7,com_or_bit,63,1,1,1,1,default_table,b,b,,,70,0x92fa035f1baa3a46
7,com_or_bit,64,1,1,1,1,default_table,b,b,,,70,0x92fa035f1baa3a46
8,com_or_3_bit,1,2,2,2,2,level_override_allowed,b,b,,,118,0x46f2890f4c521376
8,com_or_3_bit,2,2,2,2,2,level_override_allowed,b,b,,,118,0x46f2890f4c521376
8,com_or_3_bit,3,2,2,2,2,level_override_allowed,b,b,,,118,0x46f2890f4c521376
8,com_or_3_bit,4,2,2,2,2,level_override_allowed,b,b,,,118,0x46f2890f4c521376
8,com_or_3_bit,5,2,2,2,2,level_override_allowed,b,b,,,118,0x46f2890f4c521376
8,com_or_3_bit,6,2,2,2,2,level_override_allowed,b,b,,,118,0x46f2890f4c521376
8,com_or_3_bit,7,2,2,2,2,level_override_allowed,b,b,,,118,0x46f2890f4c521376
8,com_or_3_bit,8,2,2,2,2,level_override_allowed,b,b,,,118,0x46f2890f4c521376
8,com_or_3_bit,9,2,2,2,2,level_override_allowed,b,b,,,118,0x46f2890f4c521376
8,com_or_3_bit,10,2,2,2,2,level_override_allowed,b,b,,,118,0x46f2890f4c521376
8,com_or_3_bit,11,2,2,2,2,level_override_allowed,b,b,,,118,0x46f2890f4c521376
8,com_or_3_bit,12,2,2,2,2,level_override_allowed,b,b,,,118,0x46f2890f4c521376
8,com_or_3_bit,13,2,2,2,2,level_override_allowed,b,b,,,118,0x46f2890f4c521376
8,com_or_3_bit,14,2,2,2,2,level_override_allowed,b,b,,,118,0x46f2890f4c521376
8,com_or_3_bit,15,2,2,2,2,level_override_allowed,b,b,,,118,0x46f2890f4c521376
8,com_or_3_bit,16,2,2,2,2,level_override_allowed,b,b,,,118,0x46f2890f4c521376
8,com_or_3_bit,17,2,2,2,2,level_override_allowed,b,b,,,118,0x46f2890f4c521376
8,com_or_3_bit,18,2,2,2,2,level_override_allowed,b,b,,,118,0x46f2890f4c521376
8,com_or_3_bit,19,2,2,2,2,level_override_allowed,b,b,,,118,0x46f2890f4c521376
8,com_or_3_bit,20,2,2,2,2,level_override_allowed,b,b,,,118,0x46f2890f4c521376
8,com_or_3_bit,21,2,2,2,2,level_override_allowed,b,b,,,118,0x46f2890f4c521376
8,com_or_3_bit,22,2,2,2,2,level_override_allowed,b,b,,,118,0x46f2890f4c521376
8,com_or_3_bit,23,2,2,2,2,level_override_allowed,b,b,,,118,0x46f2890f4c521376
8,com_or_3_bit,24,2,2,2,2,level_override_allowed,b,b,,,118,0x46f2890f4c521376
8,com_or_3_bit,25,2,2,2,2,level_override_allowed,b,b,,,118,0x46f2890f4c521376
8,com_or_3_bit,26,2,2,2,2,level_override_allowed,b,b,,,118,0x46f2890f4c521376
8,com_or_3_bit,27,2,2,2,2,level_override_allowed,b,b,,,118,0x46f2890f4c521376
8,com_or_3_bit,28,2,2,2,2,level_override_allowed,b,b,,,118,0x46f2890f4c521376
8,com_or_3_bit,29,2,2,2,2,level_override_allowed,b,b,,,118,0x46f2890f4c521376
8,com_or_3_bit,30,2,2,2,2,level_override_allowed,b,b,,,118,0x46f2890f4c521376
8,com_or_3_bit,31,2,2,2,2,level_override_allowed,b,b,,,118,0x46f2890f4c521376
8,com_or_3_bit,32,2,2,2,2,level_override_allowed,b,b,,,118,0x46f2890f4c521376
8,com_or_3_bit,33,2,2,2,2,level_override_allowed,b,b,,,118,0x46f2890f4c521376
8,com_or_3_bit,34,2,2,2,2,level_override_allowed,b,b,,,118,0x46f2890f4c521376
8,com_or_3_bit,35,2,2,2,2,level_override_allowed,b,b,,,118,0x46f2890f4c521376
8,com_or_3_bit,36,2,2,2,2,level_override_allowed,b,b,,,118,0x46f2890f4c521376
8,com_or_3_bit,37,2,2,2,2,level_override_allowed,b,b,,,118,0x46f2890f4c521376
8,com_or_3_bit,38,2,2,2,2,level_override_allowed,b,b,,,118,0x46f2890f4c521376
8,com_or_3_bit,39,2,2,2,2,level_override_allowed,b,b,,,118,0x46f2890f4c521376
8,com_or_3_bit,40,2,2,2,2,level_override_allowed,b,b,,,118,0x46f2890f4c521376
8,com_or_3_bit,41,2,2,2,2,level_override_allowed,b,b,,,118,0x46f2890f4c521376
8,com_or_3_bit,42,2,2,2,2,level_override_allowed,b,b,,,118,0x46f2890f4c521376
8,com_or_3_bit,43,2,2,2,2,level_override_allowed,b,b,,,118,0x46f2890f4c521376
8,com_or_3_bit,44,2,2,2,2,level_override_allowed,b,b,,,118,0x46f2890f4c521376
8,com_or_3_bit,45,2,2,2,2,level_override_allowed,b,b,,,118,0x46f2890f4c521376
8,com_or_3_bit,46,2,2,2,2,level_override_allowed,b,b,,,118,0x46f2890f4c521376
8,com_or_3_bit,47,2,2,2,2,level_override_allowed,b,b,,,118,0x46f2890f4c521376
8,com_or_3_bit,48,2,2,2,2,level_override_allowed,b,b,,,118,0x46f2890f4c521376
8,com_or_3_bit,49,2,2,2,2,level_override_allowed,b,b,,,118,0x46f2890f4c521376
8,com_or_3_bit,50,2,2,2,2,level_override_allowed,b,b,,,118,0x46f2890f4c521376
8,com_or_3_bit,51,2,2,2,2,level_override_allowed,b,b,,,118,0x46f2890f4c521376
8,com_or_3_bit,52,2,2,2,2,level_override_allowed,b,b,,,118,0x46f2890f4c521376
8,com_or_3_bit,53,2,2,2,2,level_override_allowed,b,b,,,118,0x46f2890f4c521376
8,com_or_3_bit,54,2,2,2,2,level_override_allowed,b,b,,,118,0x46f2890f4c521376
8,com_or_3_bit,55,2,2,2,2,level_override_allowed,b,b,,,118,0x46f2890f4c521376
8,com_or_3_bit,56,2,2,2,2,level_override_allowed,b,b,,,118,0x46f2890f4c521376
8,com_or_3_bit,57,2,2,2,2,level_override_allowed,b,b,,,118,0x46f2890f4c521376
8,com_or_3_bit,58,2,2,2,2,level_override_allowed,b,b,,,118,0x46f2890f4c521376
8,com_or_3_bit,59,2,2,2,2,level_override_allowed,b,b,,,118,0x46f2890f4c521376
8,com_or_3_bit,60,2,2,2,2,level_override_allowed,b,b,,,118,0x46f2890f4c521376
8,com_or_3_bit,61,2,2,2,2,level_override_allowed,b,b,,,118,0x46f2890f4c521376
8,com_or_3_bit,62,2,2,2,2,level_override_allowed,b,b,,,118,0x46f2890f4c521376
8,com_or_3_bit,63,2,2,2,2,level_override_allowed,b,b,,,118,0x46f2890f4c521376
8,com_or_3_bit,64,2,2,2,2,level_override_allowed,b,b,,,118,0x46f2890f4c521376
9,com_nor_bit,1,1,1,1,1,default_table,b,b,,,195,0x63fce1aaa3b31ec3
9,com_nor_bit,2,1,1,1,1,default_table,b,b,,,195,0x63fce1aaa3b31ec3
9,com_nor_bit,3,1,1,1,1,default_table,b,b,,,195,0x63fce1aaa3b31ec3
9,com_nor_bit,4,1,1,1,1,default_table,b,b,,,195,0x63fce1aaa3b31ec3
9,com_nor_bit,5,1,1,1,1,default_table,b,b,,,195,0x63fce1aaa3b31ec3
9,com_nor_bit,6,1,1,1,1,default_table,b,b,,,195,0x63fce1aaa3b31ec3
9,com_nor_bit,7,1,1,1,1,default_table,b,b,,,195,0x63fce1aaa3b31ec3
9,com_nor_bit,8,1,1,1,1,default_table,b,b,,,195,0x63fce1aaa3b31ec3
9,com_nor_bit,9,1,1,1,1,default_table,b,b,,,195,0x63fce1aaa3b31ec3
9,com_nor_bit,10,1,1,1,1,default_table,b,b,,,195,0x63fce1aaa3b31ec3
9,com_nor_bit,11,1,1,1,1,default_table,b,b,,,195,0x63fce1aaa3b31ec3
9,com_nor_bit,12,1,1,1,1,default_table,b,b,,,195,0x63fce1aaa3b31ec3
9,com_nor_bit,13,1,1,1,1,default_table,b,b,,,195,0x63fce1aaa3b31ec3
9,com_nor_bit,14,1,1,1,1,default_table,b,b,,,195,0x63fce1aaa3b31ec3
9,com_nor_bit,15,1,1,1,1,default_table,b,b,,,195,0x63fce1aaa3b31ec3
9,com_nor_bit,16,1,1,1,1,default_table,b,b,,,195,0x63fce1aaa3b31ec3
9,com_nor_bit,17,1,1,1,1,default_table,b,b,,,195,0x63fce1aaa3b31ec3
9,com_nor_bit,18,1,1,1,1,default_table,b,b,,,195,0x63fce1aaa3b31ec3
9,com_nor_bit,19,1,1,1,1,default_table,b,b,,,195,0x63fce1aaa3b31ec3
9,com_nor_bit,20,1,1,1,1,default_table,b,b,,,195,0x63fce1aaa3b31ec3
9,com_nor_bit,21,1,1,1,1,default_table,b,b,,,195,0x63fce1aaa3b31ec3
9,com_nor_bit,22,1,1,1,1,default_table,b,b,,,195,0x63fce1aaa3b31ec3
9,com_nor_bit,23,1,1,1,1,default_table,b,b,,,195,0x63fce1aaa3b31ec3
9,com_nor_bit,24,1,1,1,1,default_table,b,b,,,195,0x63fce1aaa3b31ec3
9,com_nor_bit,25,1,1,1,1,default_table,b,b,,,195,0x63fce1aaa3b31ec3
9,com_nor_bit,26,1,1,1,1,default_table,b,b,,,195,0x63fce1aaa3b31ec3
9,com_nor_bit,27,1,1,1,1,default_table,b,b,,,195,0x63fce1aaa3b31ec3
9,com_nor_bit,28,1,1,1,1,default_table,b,b,,,195,0x63fce1aaa3b31ec3
9,com_nor_bit,29,1,1,1,1,default_table,b,b,,,195,0x63fce1aaa3b31ec3
9,com_nor_bit,30,1,1,1,1,default_table,b,b,,,195,0x63fce1aaa3b31ec3
9,com_nor_bit,31,1,1,1,1,default_table,b,b,,,195,0x63fce1aaa3b31ec3
9,com_nor_bit,32,1,1,1,1,default_table,b,b,,,195,0x63fce1aaa3b31ec3
9,com_nor_bit,33,1,1,1,1,default_table,b,b,,,195,0x63fce1aaa3b31ec3
9,com_nor_bit,34,1,1,1,1,default_table,b,b,,,195,0x63fce1aaa3b31ec3
9,com_nor_bit,35,1,1,1,1,default_table,b,b,,,195,0x63fce1aaa3b31ec3
9,com_nor_bit,36,1,1,1,1,default_table,b,b,,,195,0x63fce1aaa3b31ec3
9,com_nor_bit,37,1,1,1,1,default_table,b,b,,,195,0x63fce1aaa3b31ec3
9,com_nor_bit,38,1,1,1,1,default_table,b,b,,,195,0x63fce1aaa3b31ec3
9,com_nor_bit,39,1,1,1,1,default_table,b,b,,,195,0x63fce1aaa3b31ec3
9,com_nor_bit,40,1,1,1,1,default_table,b,b,,,195,0x63fce1aaa3b31ec3
9,com_nor_bit,41,1,1,1,1,default_table,b,b,,,195,0x63fce1aaa3b31ec3
9,com_nor_bit,42,1,1,1,1,default_table,b,b,,,195,0x63fce1aaa3b31ec3
9,com_nor_bit,43,1,1,1,1,default_table,b,b,,,195,0x63fce1aaa3b31ec3
9,com_nor_bit,44,1,1,1,1,default_table,b,b,,,195,0x63fce1aaa3b31ec3
9,com_nor_bit,45,1,1,1,1,default_table,b,b,,,195,0x63fce1aaa3b31ec3
9,com_nor_bit,46,1,1,1,1,default_table,b,b,,,195,0x63fce1aaa3b31ec3
9,com_nor_bit,47,1,1,1,1,default_table,b,b,,,195,0x63fce1aaa3b31ec3
9,com_nor_bit,48,1,1,1,1,default_table,b,b,,,195,0x63fce1aaa3b31ec3
9,com_nor_bit,49,1,1,1,1,default_table,b,b,,,195,0x63fce1aaa3b31ec3
9,com_nor_bit,50,1,1,1,1,default_table,b,b,,,195,0x63fce1aaa3b31ec3
9,com_nor_bit,51,1,1,1,1,default_table,b,b,,,195,0x63fce1aaa3b31ec3
9,com_nor_bit,52,1,1,1,1,default_table,b,b,,,195,0x63fce1aaa3b31ec3
9,com_nor_bit,53,1,1,1,1,default_table,b,b,,,195,0x63fce1aaa3b31ec3
9,com_nor_bit,54,1,1,1,1,default_table,b,b,,,195,0x63fce1aaa3b31ec3
9,com_nor_bit,55,1,1,1,1,default_table,b,b,,,195,0x63fce1aaa3b31ec3
9,com_nor_bit,56,1,1,1,1,default_table,b,b,,,195,0x63fce1aaa3b31ec3
9,com_nor_bit,57,1,1,1,1,default_table,b,b,,,195,0x63fce1aaa3b31ec3
9,com_nor_bit,58,1,1,1,1,default_table,b,b,,,195,0x63fce1aaa3b31ec3
9,com_nor_bit,59,1,1,1,1,default_table,b,b,,,195,0x63fce1aaa3b31ec3
9,com_nor_bit,60,1,1,1,1,default_table,b,b,,,195,0x63fce1aaa3b31ec3
9,com_nor_bit,61,1,1,1,1,default_table,b,b,,,195,0x63fce1aaa3b31ec3
9,com_nor_bit,62,1,1,1,1,default_table,b,b,,,195,0x63fce1aaa3b31ec3
9,com_nor_bit,63,1,1,1,1,default_table,b,b,,,195,0x63fce1aaa3b31ec3
9,com_nor_bit,64,1,1,1,1,default_table,b,b,,,195,0x63fce1aaa3b31ec3
10,com_xor_bit,1,4,3,4,3,level_override_allowed,b,b,,,230,0xa786bff1ad3854e6
10,com_xor_bit,2,4,3,4,3,level_override_allowed,b,b,,,230,0xa786bff1ad3854e6
10,com_xor_bit,3,4,3,4,3,level_override_allowed,b,b,,,230,0xa786bff1ad3854e6
10,com_xor_bit,4,4,3,4,3,level_override_allowed,b,b,,,230,0xa786bff1ad3854e6
10,com_xor_bit,5,4,3,4,3,level_override_allowed,b,b,,,230,0xa786bff1ad3854e6
10,com_xor_bit,6,4,3,4,3,level_override_allowed,b,b,,,230,0xa786bff1ad3854e6
10,com_xor_bit,7,4,3,4,3,level_override_allowed,b,b,,,230,0xa786bff1ad3854e6
10,com_xor_bit,8,4,3,4,3,level_override_allowed,b,b,,,230,0xa786bff1ad3854e6
10,com_xor_bit,9,4,3,4,3,level_override_allowed,b,b,,,230,0xa786bff1ad3854e6
10,com_xor_bit,10,4,3,4,3,level_override_allowed,b,b,,,230,0xa786bff1ad3854e6
10,com_xor_bit,11,4,3,4,3,level_override_allowed,b,b,,,230,0xa786bff1ad3854e6
10,com_xor_bit,12,4,3,4,3,level_override_allowed,b,b,,,230,0xa786bff1ad3854e6
10,com_xor_bit,13,4,3,4,3,level_override_allowed,b,b,,,230,0xa786bff1ad3854e6
10,com_xor_bit,14,4,3,4,3,level_override_allowed,b,b,,,230,0xa786bff1ad3854e6
10,com_xor_bit,15,4,3,4,3,level_override_allowed,b,b,,,230,0xa786bff1ad3854e6
10,com_xor_bit,16,4,3,4,3,level_override_allowed,b,b,,,230,0xa786bff1ad3854e6
10,com_xor_bit,17,4,3,4,3,level_override_allowed,b,b,,,230,0xa786bff1ad3854e6
10,com_xor_bit,18,4,3,4,3,level_override_allowed,b,b,,,230,0xa786bff1ad3854e6
10,com_xor_bit,19,4,3,4,3,level_override_allowed,b,b,,,230,0xa786bff1ad3854e6
10,com_xor_bit,20,4,3,4,3,level_override_allowed,b,b,,,230,0xa786bff1ad3854e6
10,com_xor_bit,21,4,3,4,3,level_override_allowed,b,b,,,230,0xa786bff1ad3854e6
10,com_xor_bit,22,4,3,4,3,level_override_allowed,b,b,,,230,0xa786bff1ad3854e6
10,com_xor_bit,23,4,3,4,3,level_override_allowed,b,b,,,230,0xa786bff1ad3854e6
10,com_xor_bit,24,4,3,4,3,level_override_allowed,b,b,,,230,0xa786bff1ad3854e6
10,com_xor_bit,25,4,3,4,3,level_override_allowed,b,b,,,230,0xa786bff1ad3854e6
10,com_xor_bit,26,4,3,4,3,level_override_allowed,b,b,,,230,0xa786bff1ad3854e6
10,com_xor_bit,27,4,3,4,3,level_override_allowed,b,b,,,230,0xa786bff1ad3854e6
10,com_xor_bit,28,4,3,4,3,level_override_allowed,b,b,,,230,0xa786bff1ad3854e6
10,com_xor_bit,29,4,3,4,3,level_override_allowed,b,b,,,230,0xa786bff1ad3854e6
10,com_xor_bit,30,4,3,4,3,level_override_allowed,b,b,,,230,0xa786bff1ad3854e6
10,com_xor_bit,31,4,3,4,3,level_override_allowed,b,b,,,230,0xa786bff1ad3854e6
10,com_xor_bit,32,4,3,4,3,level_override_allowed,b,b,,,230,0xa786bff1ad3854e6
10,com_xor_bit,33,4,3,4,3,level_override_allowed,b,b,,,230,0xa786bff1ad3854e6
10,com_xor_bit,34,4,3,4,3,level_override_allowed,b,b,,,230,0xa786bff1ad3854e6
10,com_xor_bit,35,4,3,4,3,level_override_allowed,b,b,,,230,0xa786bff1ad3854e6
10,com_xor_bit,36,4,3,4,3,level_override_allowed,b,b,,,230,0xa786bff1ad3854e6
10,com_xor_bit,37,4,3,4,3,level_override_allowed,b,b,,,230,0xa786bff1ad3854e6
10,com_xor_bit,38,4,3,4,3,level_override_allowed,b,b,,,230,0xa786bff1ad3854e6
10,com_xor_bit,39,4,3,4,3,level_override_allowed,b,b,,,230,0xa786bff1ad3854e6
10,com_xor_bit,40,4,3,4,3,level_override_allowed,b,b,,,230,0xa786bff1ad3854e6
10,com_xor_bit,41,4,3,4,3,level_override_allowed,b,b,,,230,0xa786bff1ad3854e6
10,com_xor_bit,42,4,3,4,3,level_override_allowed,b,b,,,230,0xa786bff1ad3854e6
10,com_xor_bit,43,4,3,4,3,level_override_allowed,b,b,,,230,0xa786bff1ad3854e6
10,com_xor_bit,44,4,3,4,3,level_override_allowed,b,b,,,230,0xa786bff1ad3854e6
10,com_xor_bit,45,4,3,4,3,level_override_allowed,b,b,,,230,0xa786bff1ad3854e6
10,com_xor_bit,46,4,3,4,3,level_override_allowed,b,b,,,230,0xa786bff1ad3854e6
10,com_xor_bit,47,4,3,4,3,level_override_allowed,b,b,,,230,0xa786bff1ad3854e6
10,com_xor_bit,48,4,3,4,3,level_override_allowed,b,b,,,230,0xa786bff1ad3854e6
10,com_xor_bit,49,4,3,4,3,level_override_allowed,b,b,,,230,0xa786bff1ad3854e6
10,com_xor_bit,50,4,3,4,3,level_override_allowed,b,b,,,230,0xa786bff1ad3854e6
10,com_xor_bit,51,4,3,4,3,level_override_allowed,b,b,,,230,0xa786bff1ad3854e6
10,com_xor_bit,52,4,3,4,3,level_override_allowed,b,b,,,230,0xa786bff1ad3854e6
10,com_xor_bit,53,4,3,4,3,level_override_allowed,b,b,,,230,0xa786bff1ad3854e6
10,com_xor_bit,54,4,3,4,3,level_override_allowed,b,b,,,230,0xa786bff1ad3854e6
10,com_xor_bit,55,4,3,4,3,level_override_allowed,b,b,,,230,0xa786bff1ad3854e6
10,com_xor_bit,56,4,3,4,3,level_override_allowed,b,b,,,230,0xa786bff1ad3854e6
10,com_xor_bit,57,4,3,4,3,level_override_allowed,b,b,,,230,0xa786bff1ad3854e6
10,com_xor_bit,58,4,3,4,3,level_override_allowed,b,b,,,230,0xa786bff1ad3854e6
10,com_xor_bit,59,4,3,4,3,level_override_allowed,b,b,,,230,0xa786bff1ad3854e6
10,com_xor_bit,60,4,3,4,3,level_override_allowed,b,b,,,230,0xa786bff1ad3854e6
10,com_xor_bit,61,4,3,4,3,level_override_allowed,b,b,,,230,0xa786bff1ad3854e6
10,com_xor_bit,62,4,3,4,3,level_override_allowed,b,b,,,230,0xa786bff1ad3854e6
10,com_xor_bit,63,4,3,4,3,level_override_allowed,b,b,,,230,0xa786bff1ad3854e6
10,com_xor_bit,64,4,3,4,3,level_override_allowed,b,b,,,230,0xa786bff1ad3854e6
11,com_xnor_bit,1,4,3,4,3,level_override_allowed,b,b,,,141,0xf2bbfceebf67b48d
11,com_xnor_bit,2,4,3,4,3,level_override_allowed,b,b,,,141,0xf2bbfceebf67b48d
11,com_xnor_bit,3,4,3,4,3,level_override_allowed,b,b,,,141,0xf2bbfceebf67b48d
11,com_xnor_bit,4,4,3,4,3,level_override_allowed,b,b,,,141,0xf2bbfceebf67b48d
11,com_xnor_bit,5,4,3,4,3,level_override_allowed,b,b,,,141,0xf2bbfceebf67b48d
11,com_xnor_bit,6,4,3,4,3,level_override_allowed,b,b,,,141,0xf2bbfceebf67b48d
11,com_xnor_bit,7,4,3,4,3,level_override_allowed,b,b,,,141,0xf2bbfceebf67b48d
11,com_xnor_bit,8,4,3,4,3,level_override_allowed,b,b,,,141,0xf2bbfceebf67b48d
11,com_xnor_bit,9,4,3,4,3,level_override_allowed,b,b,,,141,0xf2bbfceebf67b48d
11,com_xnor_bit,10,4,3,4,3,level_override_allowed,b,b,,,141,0xf2bbfceebf67b48d
11,com_xnor_bit,11,4,3,4,3,level_override_allowed,b,b,,,141,0xf2bbfceebf67b48d
11,com_xnor_bit,12,4,3,4,3,level_override_allowed,b,b,,,141,0xf2bbfceebf67b48d
11,com_xnor_bit,13,4,3,4,3,level_override_allowed,b,b,,,141,0xf2bbfceebf67b48d
11,com_xnor_bit,14,4,3,4,3,level_override_allowed,b,b,,,141,0xf2bbfceebf67b48d
11,com_xnor_bit,15,4,3,4,3,level_override_allowed,b,b,,,141,0xf2bbfceebf67b48d
11,com_xnor_bit,16,4,3,4,3,level_override_allowed,b,b,,,141,0xf2bbfceebf67b48d
11,com_xnor_bit,17,4,3,4,3,level_override_allowed,b,b,,,141,0xf2bbfceebf67b48d
11,com_xnor_bit,18,4,3,4,3,level_override_allowed,b,b,,,141,0xf2bbfceebf67b48d
11,com_xnor_bit,19,4,3,4,3,level_override_allowed,b,b,,,141,0xf2bbfceebf67b48d
11,com_xnor_bit,20,4,3,4,3,level_override_allowed,b,b,,,141,0xf2bbfceebf67b48d
11,com_xnor_bit,21,4,3,4,3,level_override_allowed,b,b,,,141,0xf2bbfceebf67b48d
11,com_xnor_bit,22,4,3,4,3,level_override_allowed,b,b,,,141,0xf2bbfceebf67b48d
11,com_xnor_bit,23,4,3,4,3,level_override_allowed,b,b,,,141,0xf2bbfceebf67b48d
11,com_xnor_bit,24,4,3,4,3,level_override_allowed,b,b,,,141,0xf2bbfceebf67b48d
11,com_xnor_bit,25,4,3,4,3,level_override_allowed,b,b,,,141,0xf2bbfceebf67b48d
11,com_xnor_bit,26,4,3,4,3,level_override_allowed,b,b,,,141,0xf2bbfceebf67b48d
11,com_xnor_bit,27,4,3,4,3,level_override_allowed,b,b,,,141,0xf2bbfceebf67b48d
11,com_xnor_bit,28,4,3,4,3,level_override_allowed,b,b,,,141,0xf2bbfceebf67b48d
11,com_xnor_bit,29,4,3,4,3,level_override_allowed,b,b,,,141,0xf2bbfceebf67b48d
11,com_xnor_bit,30,4,3,4,3,level_override_allowed,b,b,,,141,0xf2bbfceebf67b48d
11,com_xnor_bit,31,4,3,4,3,level_override_allowed,b,b,,,141,0xf2bbfceebf67b48d
11,com_xnor_bit,32,4,3,4,3,level_override_allowed,b,b,,,141,0xf2bbfceebf67b48d
11,com_xnor_bit,33,4,3,4,3,level_override_allowed,b,b,,,141,0xf2bbfceebf67b48d
11,com_xnor_bit,34,4,3,4,3,level_override_allowed,b,b,,,141,0xf2bbfceebf67b48d
11,com_xnor_bit,35,4,3,4,3,level_override_allowed,b,b,,,141,0xf2bbfceebf67b48d
11,com_xnor_bit,36,4,3,4,3,level_override_allowed,b,b,,,141,0xf2bbfceebf67b48d
11,com_xnor_bit,37,4,3,4,3,level_override_allowed,b,b,,,141,0xf2bbfceebf67b48d
11,com_xnor_bit,38,4,3,4,3,level_override_allowed,b,b,,,141,0xf2bbfceebf67b48d
11,com_xnor_bit,39,4,3,4,3,level_override_allowed,b,b,,,141,0xf2bbfceebf67b48d
11,com_xnor_bit,40,4,3,4,3,level_override_allowed,b,b,,,141,0xf2bbfceebf67b48d
11,com_xnor_bit,41,4,3,4,3,level_override_allowed,b,b,,,141,0xf2bbfceebf67b48d
11,com_xnor_bit,42,4,3,4,3,level_override_allowed,b,b,,,141,0xf2bbfceebf67b48d
11,com_xnor_bit,43,4,3,4,3,level_override_allowed,b,b,,,141,0xf2bbfceebf67b48d
11,com_xnor_bit,44,4,3,4,3,level_override_allowed,b,b,,,141,0xf2bbfceebf67b48d
11,com_xnor_bit,45,4,3,4,3,level_override_allowed,b,b,,,141,0xf2bbfceebf67b48d
11,com_xnor_bit,46,4,3,4,3,level_override_allowed,b,b,,,141,0xf2bbfceebf67b48d
11,com_xnor_bit,47,4,3,4,3,level_override_allowed,b,b,,,141,0xf2bbfceebf67b48d
11,com_xnor_bit,48,4,3,4,3,level_override_allowed,b,b,,,141,0xf2bbfceebf67b48d
11,com_xnor_bit,49,4,3,4,3,level_override_allowed,b,b,,,141,0xf2bbfceebf67b48d
11,com_xnor_bit,50,4,3,4,3,level_override_allowed,b,b,,,141,0xf2bbfceebf67b48d
11,com_xnor_bit,51,4,3,4,3,level_override_allowed,b,b,,,141,0xf2bbfceebf67b48d
11,com_xnor_bit,52,4,3,4,3,level_override_allowed,b,b,,,141,0xf2bbfceebf67b48d
11,com_xnor_bit,53,4,3,4,3,level_override_allowed,b,b,,,141,0xf2bbfceebf67b48d
11,com_xnor_bit,54,4,3,4,3,level_override_allowed,b,b,,,141,0xf2bbfceebf67b48d
11,com_xnor_bit,55,4,3,4,3,level_override_allowed,b,b,,,141,0xf2bbfceebf67b48d
11,com_xnor_bit,56,4,3,4,3,level_override_allowed,b,b,,,141,0xf2bbfceebf67b48d
11,com_xnor_bit,57,4,3,4,3,level_override_allowed,b,b,,,141,0xf2bbfceebf67b48d
11,com_xnor_bit,58,4,3,4,3,level_override_allowed,b,b,,,141,0xf2bbfceebf67b48d
11,com_xnor_bit,59,4,3,4,3,level_override_allowed,b,b,,,141,0xf2bbfceebf67b48d
11,com_xnor_bit,60,4,3,4,3,level_override_allowed,b,b,,,141,0xf2bbfceebf67b48d
11,com_xnor_bit,61,4,3,4,3,level_override_allowed,b,b,,,141,0xf2bbfceebf67b48d
11,com_xnor_bit,62,4,3,4,3,level_override_allowed,b,b,,,141,0xf2bbfceebf67b48d
11,com_xnor_bit,63,4,3,4,3,level_override_allowed,b,b,,,141,0xf2bbfceebf67b48d
11,com_xnor_bit,64,4,3,4,3,level_override_allowed,b,b,,,141,0xf2bbfceebf67b48d
12,com_switch_bit,1,2,1,2,1,default_table,b,b,,,43,0xe2a6f3e729fb182b
12,com_switch_bit,2,2,1,2,1,default_table,b,b,,,43,0xe2a6f3e729fb182b
12,com_switch_bit,3,2,1,2,1,default_table,b,b,,,43,0xe2a6f3e729fb182b
12,com_switch_bit,4,2,1,2,1,default_table,b,b,,,43,0xe2a6f3e729fb182b
12,com_switch_bit,5,2,1,2,1,default_table,b,b,,,43,0xe2a6f3e729fb182b
12,com_switch_bit,6,2,1,2,1,default_table,b,b,,,43,0xe2a6f3e729fb182b
12,com_switch_bit,7,2,1,2,1,default_table,b,b,,,43,0xe2a6f3e729fb182b
12,com_switch_bit,8,2,1,2,1,default_table,b,b,,,43,0xe2a6f3e729fb182b
12,com_switch_bit,9,2,1,2,1,default_table,b,b,,,43,0xe2a6f3e729fb182b
12,com_switch_bit,10,2,1,2,1,default_table,b,b,,,43,0xe2a6f3e729fb182b
12,com_switch_bit,11,2,1,2,1,default_table,b,b,,,43,0xe2a6f3e729fb182b
12,com_switch_bit,12,2,1,2,1,default_table,b,b,,,43,0xe2a6f3e729fb182b
12,com_switch_bit,13,2,1,2,1,default_table,b,b,,,43,0xe2a6f3e729fb182b
12,com_switch_bit,14,2,1,2,1,default_table,b,b,,,43,0xe2a6f3e729fb182b
12,com_switch_bit,15,2,1,2,1,default_table,b,b,,,43,0xe2a6f3e729fb182b
12,com_switch_bit,16,2,1,2,1,default_table,b,b,,,43,0xe2a6f3e729fb182b
12,com_switch_bit,17,2,1,2,1,default_table,b,b,,,43,0xe2a6f3e729fb182b
12,com_switch_bit,18,2,1,2,1,default_table,b,b,,,43,0xe2a6f3e729fb182b
12,com_switch_bit,19,2,1,2,1,default_table,b,b,,,43,0xe2a6f3e729fb182b
12,com_switch_bit,20,2,1,2,1,default_table,b,b,,,43,0xe2a6f3e729fb182b
12,com_switch_bit,21,2,1,2,1,default_table,b,b,,,43,0xe2a6f3e729fb182b
12,com_switch_bit,22,2,1,2,1,default_table,b,b,,,43,0xe2a6f3e729fb182b
12,com_switch_bit,23,2,1,2,1,default_table,b,b,,,43,0xe2a6f3e729fb182b
12,com_switch_bit,24,2,1,2,1,default_table,b,b,,,43,0xe2a6f3e729fb182b
12,com_switch_bit,25,2,1,2,1,default_table,b,b,,,43,0xe2a6f3e729fb182b
12,com_switch_bit,26,2,1,2,1,default_table,b,b,,,43,0xe2a6f3e729fb182b
12,com_switch_bit,27,2,1,2,1,default_table,b,b,,,43,0xe2a6f3e729fb182b
12,com_switch_bit,28,2,1,2,1,default_table,b,b,,,43,0xe2a6f3e729fb182b
12,com_switch_bit,29,2,1,2,1,default_table,b,b,,,43,0xe2a6f3e729fb182b
12,com_switch_bit,30,2,1,2,1,default_table,b,b,,,43,0xe2a6f3e729fb182b
12,com_switch_bit,31,2,1,2,1,default_table,b,b,,,43,0xe2a6f3e729fb182b
12,com_switch_bit,32,2,1,2,1,default_table,b,b,,,43,0xe2a6f3e729fb182b
12,com_switch_bit,33,2,1,2,1,default_table,b,b,,,43,0xe2a6f3e729fb182b
12,com_switch_bit,34,2,1,2,1,default_table,b,b,,,43,0xe2a6f3e729fb182b
12,com_switch_bit,35,2,1,2,1,default_table,b,b,,,43,0xe2a6f3e729fb182b
12,com_switch_bit,36,2,1,2,1,default_table,b,b,,,43,0xe2a6f3e729fb182b
12,com_switch_bit,37,2,1,2,1,default_table,b,b,,,43,0xe2a6f3e729fb182b
12,com_switch_bit,38,2,1,2,1,default_table,b,b,,,43,0xe2a6f3e729fb182b
12,com_switch_bit,39,2,1,2,1,default_table,b,b,,,43,0xe2a6f3e729fb182b
12,com_switch_bit,40,2,1,2,1,default_table,b,b,,,43,0xe2a6f3e729fb182b
12,com_switch_bit,41,2,1,2,1,default_table,b,b,,,43,0xe2a6f3e729fb182b
12,com_switch_bit,42,2,1,2,1,default_table,b,b,,,43,0xe2a6f3e729fb182b
12,com_switch_bit,43,2,1,2,1,default_table,b,b,,,43,0xe2a6f3e729fb182b
12,com_switch_bit,44,2,1,2,1,default_table,b,b,,,43,0xe2a6f3e729fb182b
12,com_switch_bit,45,2,1,2,1,default_table,b,b,,,43,0xe2a6f3e729fb182b
12,com_switch_bit,46,2,1,2,1,default_table,b,b,,,43,0xe2a6f3e729fb182b
12,com_switch_bit,47,2,1,2,1,default_table,b,b,,,43,0xe2a6f3e729fb182b
12,com_switch_bit,48,2,1,2,1,default_table,b,b,,,43,0xe2a6f3e729fb182b
12,com_switch_bit,49,2,1,2,1,default_table,b,b,,,43,0xe2a6f3e729fb182b
12,com_switch_bit,50,2,1,2,1,default_table,b,b,,,43,0xe2a6f3e729fb182b
12,com_switch_bit,51,2,1,2,1,default_table,b,b,,,43,0xe2a6f3e729fb182b
12,com_switch_bit,52,2,1,2,1,default_table,b,b,,,43,0xe2a6f3e729fb182b
12,com_switch_bit,53,2,1,2,1,default_table,b,b,,,43,0xe2a6f3e729fb182b
12,com_switch_bit,54,2,1,2,1,default_table,b,b,,,43,0xe2a6f3e729fb182b
12,com_switch_bit,55,2,1,2,1,default_table,b,b,,,43,0xe2a6f3e729fb182b
12,com_switch_bit,56,2,1,2,1,default_table,b,b,,,43,0xe2a6f3e729fb182b
12,com_switch_bit,57,2,1,2,1,default_table,b,b,,,43,0xe2a6f3e729fb182b
12,com_switch_bit,58,2,1,2,1,default_table,b,b,,,43,0xe2a6f3e729fb182b
12,com_switch_bit,59,2,1,2,1,default_table,b,b,,,43,0xe2a6f3e729fb182b
12,com_switch_bit,60,2,1,2,1,default_table,b,b,,,43,0xe2a6f3e729fb182b
12,com_switch_bit,61,2,1,2,1,default_table,b,b,,,43,0xe2a6f3e729fb182b
12,com_switch_bit,62,2,1,2,1,default_table,b,b,,,43,0xe2a6f3e729fb182b
12,com_switch_bit,63,2,1,2,1,default_table,b,b,,,43,0xe2a6f3e729fb182b
12,com_switch_bit,64,2,1,2,1,default_table,b,b,,,43,0xe2a6f3e729fb182b
13,com_delay_line_bit,1,5,4,5,4,default_table,b,b,,,182,0xcf140cea298ea3b6
13,com_delay_line_bit,2,5,4,5,4,default_table,b,b,,,182,0xcf140cea298ea3b6
13,com_delay_line_bit,3,5,4,5,4,default_table,b,b,,,182,0xcf140cea298ea3b6
13,com_delay_line_bit,4,5,4,5,4,default_table,b,b,,,182,0xcf140cea298ea3b6
13,com_delay_line_bit,5,5,4,5,4,default_table,b,b,,,182,0xcf140cea298ea3b6
13,com_delay_line_bit,6,5,4,5,4,default_table,b,b,,,182,0xcf140cea298ea3b6
13,com_delay_line_bit,7,5,4,5,4,default_table,b,b,,,182,0xcf140cea298ea3b6
13,com_delay_line_bit,8,5,4,5,4,default_table,b,b,,,182,0xcf140cea298ea3b6
13,com_delay_line_bit,9,5,4,5,4,default_table,b,b,,,182,0xcf140cea298ea3b6
13,com_delay_line_bit,10,5,4,5,4,default_table,b,b,,,182,0xcf140cea298ea3b6
13,com_delay_line_bit,11,5,4,5,4,default_table,b,b,,,182,0xcf140cea298ea3b6
13,com_delay_line_bit,12,5,4,5,4,default_table,b,b,,,182,0xcf140cea298ea3b6
13,com_delay_line_bit,13,5,4,5,4,default_table,b,b,,,182,0xcf140cea298ea3b6
13,com_delay_line_bit,14,5,4,5,4,default_table,b,b,,,182,0xcf140cea298ea3b6
13,com_delay_line_bit,15,5,4,5,4,default_table,b,b,,,182,0xcf140cea298ea3b6
13,com_delay_line_bit,16,5,4,5,4,default_table,b,b,,,182,0xcf140cea298ea3b6
13,com_delay_line_bit,17,5,4,5,4,default_table,b,b,,,182,0xcf140cea298ea3b6
13,com_delay_line_bit,18,5,4,5,4,default_table,b,b,,,182,0xcf140cea298ea3b6
13,com_delay_line_bit,19,5,4,5,4,default_table,b,b,,,182,0xcf140cea298ea3b6
13,com_delay_line_bit,20,5,4,5,4,default_table,b,b,,,182,0xcf140cea298ea3b6
13,com_delay_line_bit,21,5,4,5,4,default_table,b,b,,,182,0xcf140cea298ea3b6
13,com_delay_line_bit,22,5,4,5,4,default_table,b,b,,,182,0xcf140cea298ea3b6
13,com_delay_line_bit,23,5,4,5,4,default_table,b,b,,,182,0xcf140cea298ea3b6
13,com_delay_line_bit,24,5,4,5,4,default_table,b,b,,,182,0xcf140cea298ea3b6
13,com_delay_line_bit,25,5,4,5,4,default_table,b,b,,,182,0xcf140cea298ea3b6
13,com_delay_line_bit,26,5,4,5,4,default_table,b,b,,,182,0xcf140cea298ea3b6
13,com_delay_line_bit,27,5,4,5,4,default_table,b,b,,,182,0xcf140cea298ea3b6
13,com_delay_line_bit,28,5,4,5,4,default_table,b,b,,,182,0xcf140cea298ea3b6
13,com_delay_line_bit,29,5,4,5,4,default_table,b,b,,,182,0xcf140cea298ea3b6
13,com_delay_line_bit,30,5,4,5,4,default_table,b,b,,,182,0xcf140cea298ea3b6
13,com_delay_line_bit,31,5,4,5,4,default_table,b,b,,,182,0xcf140cea298ea3b6
13,com_delay_line_bit,32,5,4,5,4,default_table,b,b,,,182,0xcf140cea298ea3b6
13,com_delay_line_bit,33,5,4,5,4,default_table,b,b,,,182,0xcf140cea298ea3b6
13,com_delay_line_bit,34,5,4,5,4,default_table,b,b,,,182,0xcf140cea298ea3b6
13,com_delay_line_bit,35,5,4,5,4,default_table,b,b,,,182,0xcf140cea298ea3b6
13,com_delay_line_bit,36,5,4,5,4,default_table,b,b,,,182,0xcf140cea298ea3b6
13,com_delay_line_bit,37,5,4,5,4,default_table,b,b,,,182,0xcf140cea298ea3b6
13,com_delay_line_bit,38,5,4,5,4,default_table,b,b,,,182,0xcf140cea298ea3b6
13,com_delay_line_bit,39,5,4,5,4,default_table,b,b,,,182,0xcf140cea298ea3b6
13,com_delay_line_bit,40,5,4,5,4,default_table,b,b,,,182,0xcf140cea298ea3b6
13,com_delay_line_bit,41,5,4,5,4,default_table,b,b,,,182,0xcf140cea298ea3b6
13,com_delay_line_bit,42,5,4,5,4,default_table,b,b,,,182,0xcf140cea298ea3b6
13,com_delay_line_bit,43,5,4,5,4,default_table,b,b,,,182,0xcf140cea298ea3b6
13,com_delay_line_bit,44,5,4,5,4,default_table,b,b,,,182,0xcf140cea298ea3b6
13,com_delay_line_bit,45,5,4,5,4,default_table,b,b,,,182,0xcf140cea298ea3b6
13,com_delay_line_bit,46,5,4,5,4,default_table,b,b,,,182,0xcf140cea298ea3b6
13,com_delay_line_bit,47,5,4,5,4,default_table,b,b,,,182,0xcf140cea298ea3b6
13,com_delay_line_bit,48,5,4,5,4,default_table,b,b,,,182,0xcf140cea298ea3b6
13,com_delay_line_bit,49,5,4,5,4,default_table,b,b,,,182,0xcf140cea298ea3b6
13,com_delay_line_bit,50,5,4,5,4,default_table,b,b,,,182,0xcf140cea298ea3b6
13,com_delay_line_bit,51,5,4,5,4,default_table,b,b,,,182,0xcf140cea298ea3b6
13,com_delay_line_bit,52,5,4,5,4,default_table,b,b,,,182,0xcf140cea298ea3b6
13,com_delay_line_bit,53,5,4,5,4,default_table,b,b,,,182,0xcf140cea298ea3b6
13,com_delay_line_bit,54,5,4,5,4,default_table,b,b,,,182,0xcf140cea298ea3b6
13,com_delay_line_bit,55,5,4,5,4,default_table,b,b,,,182,0xcf140cea298ea3b6
13,com_delay_line_bit,56,5,4,5,4,default_table,b,b,,,182,0xcf140cea298ea3b6
13,com_delay_line_bit,57,5,4,5,4,default_table,b,b,,,182,0xcf140cea298ea3b6
13,com_delay_line_bit,58,5,4,5,4,default_table,b,b,,,182,0xcf140cea298ea3b6
13,com_delay_line_bit,59,5,4,5,4,default_table,b,b,,,182,0xcf140cea298ea3b6
13,com_delay_line_bit,60,5,4,5,4,default_table,b,b,,,182,0xcf140cea298ea3b6
13,com_delay_line_bit,61,5,4,5,4,default_table,b,b,,,182,0xcf140cea298ea3b6
13,com_delay_line_bit,62,5,4,5,4,default_table,b,b,,,182,0xcf140cea298ea3b6
13,com_delay_line_bit,63,5,4,5,4,default_table,b,b,,,182,0xcf140cea298ea3b6
13,com_delay_line_bit,64,5,4,5,4,default_table,b,b,,,182,0xcf140cea298ea3b6
14,com_register_bit,1,10,6,10,6,level_override_allowed,b,b,,,193,0xdf0d9a68f44ecfc1
14,com_register_bit,2,10,6,10,6,level_override_allowed,b,b,,,193,0xdf0d9a68f44ecfc1
14,com_register_bit,3,10,6,10,6,level_override_allowed,b,b,,,193,0xdf0d9a68f44ecfc1
14,com_register_bit,4,10,6,10,6,level_override_allowed,b,b,,,193,0xdf0d9a68f44ecfc1
14,com_register_bit,5,10,6,10,6,level_override_allowed,b,b,,,193,0xdf0d9a68f44ecfc1
14,com_register_bit,6,10,6,10,6,level_override_allowed,b,b,,,193,0xdf0d9a68f44ecfc1
14,com_register_bit,7,10,6,10,6,level_override_allowed,b,b,,,193,0xdf0d9a68f44ecfc1
14,com_register_bit,8,10,6,10,6,level_override_allowed,b,b,,,193,0xdf0d9a68f44ecfc1
14,com_register_bit,9,10,6,10,6,level_override_allowed,b,b,,,193,0xdf0d9a68f44ecfc1
14,com_register_bit,10,10,6,10,6,level_override_allowed,b,b,,,193,0xdf0d9a68f44ecfc1
14,com_register_bit,11,10,6,10,6,level_override_allowed,b,b,,,193,0xdf0d9a68f44ecfc1
14,com_register_bit,12,10,6,10,6,level_override_allowed,b,b,,,193,0xdf0d9a68f44ecfc1
14,com_register_bit,13,10,6,10,6,level_override_allowed,b,b,,,193,0xdf0d9a68f44ecfc1
14,com_register_bit,14,10,6,10,6,level_override_allowed,b,b,,,193,0xdf0d9a68f44ecfc1
14,com_register_bit,15,10,6,10,6,level_override_allowed,b,b,,,193,0xdf0d9a68f44ecfc1
14,com_register_bit,16,10,6,10,6,level_override_allowed,b,b,,,193,0xdf0d9a68f44ecfc1
14,com_register_bit,17,10,6,10,6,level_override_allowed,b,b,,,193,0xdf0d9a68f44ecfc1
14,com_register_bit,18,10,6,10,6,level_override_allowed,b,b,,,193,0xdf0d9a68f44ecfc1
14,com_register_bit,19,10,6,10,6,level_override_allowed,b,b,,,193,0xdf0d9a68f44ecfc1
14,com_register_bit,20,10,6,10,6,level_override_allowed,b,b,,,193,0xdf0d9a68f44ecfc1
14,com_register_bit,21,10,6,10,6,level_override_allowed,b,b,,,193,0xdf0d9a68f44ecfc1
14,com_register_bit,22,10,6,10,6,level_override_allowed,b,b,,,193,0xdf0d9a68f44ecfc1
14,com_register_bit,23,10,6,10,6,level_override_allowed,b,b,,,193,0xdf0d9a68f44ecfc1
14,com_register_bit,24,10,6,10,6,level_override_allowed,b,b,,,193,0xdf0d9a68f44ecfc1
14,com_register_bit,25,10,6,10,6,level_override_allowed,b,b,,,193,0xdf0d9a68f44ecfc1
14,com_register_bit,26,10,6,10,6,level_override_allowed,b,b,,,193,0xdf0d9a68f44ecfc1
14,com_register_bit,27,10,6,10,6,level_override_allowed,b,b,,,193,0xdf0d9a68f44ecfc1
14,com_register_bit,28,10,6,10,6,level_override_allowed,b,b,,,193,0xdf0d9a68f44ecfc1
14,com_register_bit,29,10,6,10,6,level_override_allowed,b,b,,,193,0xdf0d9a68f44ecfc1
14,com_register_bit,30,10,6,10,6,level_override_allowed,b,b,,,193,0xdf0d9a68f44ecfc1
14,com_register_bit,31,10,6,10,6,level_override_allowed,b,b,,,193,0xdf0d9a68f44ecfc1
14,com_register_bit,32,10,6,10,6,level_override_allowed,b,b,,,193,0xdf0d9a68f44ecfc1
14,com_register_bit,33,10,6,10,6,level_override_allowed,b,b,,,193,0xdf0d9a68f44ecfc1
14,com_register_bit,34,10,6,10,6,level_override_allowed,b,b,,,193,0xdf0d9a68f44ecfc1
14,com_register_bit,35,10,6,10,6,level_override_allowed,b,b,,,193,0xdf0d9a68f44ecfc1
14,com_register_bit,36,10,6,10,6,level_override_allowed,b,b,,,193,0xdf0d9a68f44ecfc1
14,com_register_bit,37,10,6,10,6,level_override_allowed,b,b,,,193,0xdf0d9a68f44ecfc1
14,com_register_bit,38,10,6,10,6,level_override_allowed,b,b,,,193,0xdf0d9a68f44ecfc1
14,com_register_bit,39,10,6,10,6,level_override_allowed,b,b,,,193,0xdf0d9a68f44ecfc1
14,com_register_bit,40,10,6,10,6,level_override_allowed,b,b,,,193,0xdf0d9a68f44ecfc1
14,com_register_bit,41,10,6,10,6,level_override_allowed,b,b,,,193,0xdf0d9a68f44ecfc1
14,com_register_bit,42,10,6,10,6,level_override_allowed,b,b,,,193,0xdf0d9a68f44ecfc1
14,com_register_bit,43,10,6,10,6,level_override_allowed,b,b,,,193,0xdf0d9a68f44ecfc1
14,com_register_bit,44,10,6,10,6,level_override_allowed,b,b,,,193,0xdf0d9a68f44ecfc1
14,com_register_bit,45,10,6,10,6,level_override_allowed,b,b,,,193,0xdf0d9a68f44ecfc1
14,com_register_bit,46,10,6,10,6,level_override_allowed,b,b,,,193,0xdf0d9a68f44ecfc1
14,com_register_bit,47,10,6,10,6,level_override_allowed,b,b,,,193,0xdf0d9a68f44ecfc1
14,com_register_bit,48,10,6,10,6,level_override_allowed,b,b,,,193,0xdf0d9a68f44ecfc1
14,com_register_bit,49,10,6,10,6,level_override_allowed,b,b,,,193,0xdf0d9a68f44ecfc1
14,com_register_bit,50,10,6,10,6,level_override_allowed,b,b,,,193,0xdf0d9a68f44ecfc1
14,com_register_bit,51,10,6,10,6,level_override_allowed,b,b,,,193,0xdf0d9a68f44ecfc1
14,com_register_bit,52,10,6,10,6,level_override_allowed,b,b,,,193,0xdf0d9a68f44ecfc1
14,com_register_bit,53,10,6,10,6,level_override_allowed,b,b,,,193,0xdf0d9a68f44ecfc1
14,com_register_bit,54,10,6,10,6,level_override_allowed,b,b,,,193,0xdf0d9a68f44ecfc1
14,com_register_bit,55,10,6,10,6,level_override_allowed,b,b,,,193,0xdf0d9a68f44ecfc1
14,com_register_bit,56,10,6,10,6,level_override_allowed,b,b,,,193,0xdf0d9a68f44ecfc1
14,com_register_bit,57,10,6,10,6,level_override_allowed,b,b,,,193,0xdf0d9a68f44ecfc1
14,com_register_bit,58,10,6,10,6,level_override_allowed,b,b,,,193,0xdf0d9a68f44ecfc1
14,com_register_bit,59,10,6,10,6,level_override_allowed,b,b,,,193,0xdf0d9a68f44ecfc1
14,com_register_bit,60,10,6,10,6,level_override_allowed,b,b,,,193,0xdf0d9a68f44ecfc1
14,com_register_bit,61,10,6,10,6,level_override_allowed,b,b,,,193,0xdf0d9a68f44ecfc1
14,com_register_bit,62,10,6,10,6,level_override_allowed,b,b,,,193,0xdf0d9a68f44ecfc1
14,com_register_bit,63,10,6,10,6,level_override_allowed,b,b,,,193,0xdf0d9a68f44ecfc1
14,com_register_bit,64,10,6,10,6,level_override_allowed,b,b,,,193,0xdf0d9a68f44ecfc1
15,com_full_adder,1,8,4,8,4,level_override_allowed,b,b,,,241,0xd2283c15b5243af0
15,com_full_adder,2,8,4,8,4,level_override_allowed,b,b,,,241,0xd2283c15b5243af0
15,com_full_adder,3,8,4,8,4,level_override_allowed,b,b,,,241,0xd2283c15b5243af0
15,com_full_adder,4,8,4,8,4,level_override_allowed,b,b,,,241,0xd2283c15b5243af0
15,com_full_adder,5,8,4,8,4,level_override_allowed,b,b,,,241,0xd2283c15b5243af0
15,com_full_adder,6,8,4,8,4,level_override_allowed,b,b,,,241,0xd2283c15b5243af0
15,com_full_adder,7,8,4,8,4,level_override_allowed,b,b,,,241,0xd2283c15b5243af0
15,com_full_adder,8,8,4,8,4,level_override_allowed,b,b,,,241,0xd2283c15b5243af0
15,com_full_adder,9,8,4,8,4,level_override_allowed,b,b,,,241,0xd2283c15b5243af0
15,com_full_adder,10,8,4,8,4,level_override_allowed,b,b,,,241,0xd2283c15b5243af0
15,com_full_adder,11,8,4,8,4,level_override_allowed,b,b,,,241,0xd2283c15b5243af0
15,com_full_adder,12,8,4,8,4,level_override_allowed,b,b,,,241,0xd2283c15b5243af0
15,com_full_adder,13,8,4,8,4,level_override_allowed,b,b,,,241,0xd2283c15b5243af0
15,com_full_adder,14,8,4,8,4,level_override_allowed,b,b,,,241,0xd2283c15b5243af0
15,com_full_adder,15,8,4,8,4,level_override_allowed,b,b,,,241,0xd2283c15b5243af0
15,com_full_adder,16,8,4,8,4,level_override_allowed,b,b,,,241,0xd2283c15b5243af0
15,com_full_adder,17,8,4,8,4,level_override_allowed,b,b,,,241,0xd2283c15b5243af0
15,com_full_adder,18,8,4,8,4,level_override_allowed,b,b,,,241,0xd2283c15b5243af0
15,com_full_adder,19,8,4,8,4,level_override_allowed,b,b,,,241,0xd2283c15b5243af0
15,com_full_adder,20,8,4,8,4,level_override_allowed,b,b,,,241,0xd2283c15b5243af0
15,com_full_adder,21,8,4,8,4,level_override_allowed,b,b,,,241,0xd2283c15b5243af0
15,com_full_adder,22,8,4,8,4,level_override_allowed,b,b,,,241,0xd2283c15b5243af0
15,com_full_adder,23,8,4,8,4,level_override_allowed,b,b,,,241,0xd2283c15b5243af0
15,com_full_adder,24,8,4,8,4,level_override_allowed,b,b,,,241,0xd2283c15b5243af0
15,com_full_adder,25,8,4,8,4,level_override_allowed,b,b,,,241,0xd2283c15b5243af0
15,com_full_adder,26,8,4,8,4,level_override_allowed,b,b,,,241,0xd2283c15b5243af0
15,com_full_adder,27,8,4,8,4,level_override_allowed,b,b,,,241,0xd2283c15b5243af0
15,com_full_adder,28,8,4,8,4,level_override_allowed,b,b,,,241,0xd2283c15b5243af0
15,com_full_adder,29,8,4,8,4,level_override_allowed,b,b,,,241,0xd2283c15b5243af0
15,com_full_adder,30,8,4,8,4,level_override_allowed,b,b,,,241,0xd2283c15b5243af0
15,com_full_adder,31,8,4,8,4,level_override_allowed,b,b,,,241,0xd2283c15b5243af0
15,com_full_adder,32,8,4,8,4,level_override_allowed,b,b,,,241,0xd2283c15b5243af0
15,com_full_adder,33,8,4,8,4,level_override_allowed,b,b,,,241,0xd2283c15b5243af0
15,com_full_adder,34,8,4,8,4,level_override_allowed,b,b,,,241,0xd2283c15b5243af0
15,com_full_adder,35,8,4,8,4,level_override_allowed,b,b,,,241,0xd2283c15b5243af0
15,com_full_adder,36,8,4,8,4,level_override_allowed,b,b,,,241,0xd2283c15b5243af0
15,com_full_adder,37,8,4,8,4,level_override_allowed,b,b,,,241,0xd2283c15b5243af0
15,com_full_adder,38,8,4,8,4,level_override_allowed,b,b,,,241,0xd2283c15b5243af0
15,com_full_adder,39,8,4,8,4,level_override_allowed,b,b,,,241,0xd2283c15b5243af0
15,com_full_adder,40,8,4,8,4,level_override_allowed,b,b,,,241,0xd2283c15b5243af0
15,com_full_adder,41,8,4,8,4,level_override_allowed,b,b,,,241,0xd2283c15b5243af0
15,com_full_adder,42,8,4,8,4,level_override_allowed,b,b,,,241,0xd2283c15b5243af0
15,com_full_adder,43,8,4,8,4,level_override_allowed,b,b,,,241,0xd2283c15b5243af0
15,com_full_adder,44,8,4,8,4,level_override_allowed,b,b,,,241,0xd2283c15b5243af0
15,com_full_adder,45,8,4,8,4,level_override_allowed,b,b,,,241,0xd2283c15b5243af0
15,com_full_adder,46,8,4,8,4,level_override_allowed,b,b,,,241,0xd2283c15b5243af0
15,com_full_adder,47,8,4,8,4,level_override_allowed,b,b,,,241,0xd2283c15b5243af0
15,com_full_adder,48,8,4,8,4,level_override_allowed,b,b,,,241,0xd2283c15b5243af0
15,com_full_adder,49,8,4,8,4,level_override_allowed,b,b,,,241,0xd2283c15b5243af0
15,com_full_adder,50,8,4,8,4,level_override_allowed,b,b,,,241,0xd2283c15b5243af0
15,com_full_adder,51,8,4,8,4,level_override_allowed,b,b,,,241,0xd2283c15b5243af0
15,com_full_adder,52,8,4,8,4,level_override_allowed,b,b,,,241,0xd2283c15b5243af0
15,com_full_adder,53,8,4,8,4,level_override_allowed,b,b,,,241,0xd2283c15b5243af0
15,com_full_adder,54,8,4,8,4,level_override_allowed,b,b,,,241,0xd2283c15b5243af0
15,com_full_adder,55,8,4,8,4,level_override_allowed,b,b,,,241,0xd2283c15b5243af0
15,com_full_adder,56,8,4,8,4,level_override_allowed,b,b,,,241,0xd2283c15b5243af0
15,com_full_adder,57,8,4,8,4,level_override_allowed,b,b,,,241,0xd2283c15b5243af0
15,com_full_adder,58,8,4,8,4,level_override_allowed,b,b,,,241,0xd2283c15b5243af0
15,com_full_adder,59,8,4,8,4,level_override_allowed,b,b,,,241,0xd2283c15b5243af0
15,com_full_adder,60,8,4,8,4,level_override_allowed,b,b,,,241,0xd2283c15b5243af0
15,com_full_adder,61,8,4,8,4,level_override_allowed,b,b,,,241,0xd2283c15b5243af0
15,com_full_adder,62,8,4,8,4,level_override_allowed,b,b,,,241,0xd2283c15b5243af0
15,com_full_adder,63,8,4,8,4,level_override_allowed,b,b,,,241,0xd2283c15b5243af0
15,com_full_adder,64,8,4,8,4,level_override_allowed,b,b,,,241,0xd2283c15b5243af0
16,com_maker_bit_8,1,0,0,0,0,default_table,b,b,,,161,0x029470af1cb2c6a1
16,com_maker_bit_8,2,0,0,0,0,default_table,b,b,,,161,0x029470af1cb2c6a1
16,com_maker_bit_8,3,0,0,0,0,default_table,b,b,,,161,0x029470af1cb2c6a1
16,com_maker_bit_8,4,0,0,0,0,default_table,b,b,,,161,0x029470af1cb2c6a1
16,com_maker_bit_8,5,0,0,0,0,default_table,b,b,,,161,0x029470af1cb2c6a1
16,com_maker_bit_8,6,0,0,0,0,default_table,b,b,,,161,0x029470af1cb2c6a1
16,com_maker_bit_8,7,0,0,0,0,default_table,b,b,,,161,0x029470af1cb2c6a1
16,com_maker_bit_8,8,0,0,0,0,default_table,b,b,,,161,0x029470af1cb2c6a1
16,com_maker_bit_8,9,0,0,0,0,default_table,b,b,,,161,0x029470af1cb2c6a1
16,com_maker_bit_8,10,0,0,0,0,default_table,b,b,,,161,0x029470af1cb2c6a1
16,com_maker_bit_8,11,0,0,0,0,default_table,b,b,,,161,0x029470af1cb2c6a1
16,com_maker_bit_8,12,0,0,0,0,default_table,b,b,,,161,0x029470af1cb2c6a1
16,com_maker_bit_8,13,0,0,0,0,default_table,b,b,,,161,0x029470af1cb2c6a1
16,com_maker_bit_8,14,0,0,0,0,default_table,b,b,,,161,0x029470af1cb2c6a1
16,com_maker_bit_8,15,0,0,0,0,default_table,b,b,,,161,0x029470af1cb2c6a1
16,com_maker_bit_8,16,0,0,0,0,default_table,b,b,,,161,0x029470af1cb2c6a1
16,com_maker_bit_8,17,0,0,0,0,default_table,b,b,,,161,0x029470af1cb2c6a1
16,com_maker_bit_8,18,0,0,0,0,default_table,b,b,,,161,0x029470af1cb2c6a1
16,com_maker_bit_8,19,0,0,0,0,default_table,b,b,,,161,0x029470af1cb2c6a1
16,com_maker_bit_8,20,0,0,0,0,default_table,b,b,,,161,0x029470af1cb2c6a1
16,com_maker_bit_8,21,0,0,0,0,default_table,b,b,,,161,0x029470af1cb2c6a1
16,com_maker_bit_8,22,0,0,0,0,default_table,b,b,,,161,0x029470af1cb2c6a1
16,com_maker_bit_8,23,0,0,0,0,default_table,b,b,,,161,0x029470af1cb2c6a1
16,com_maker_bit_8,24,0,0,0,0,default_table,b,b,,,161,0x029470af1cb2c6a1
16,com_maker_bit_8,25,0,0,0,0,default_table,b,b,,,161,0x029470af1cb2c6a1
16,com_maker_bit_8,26,0,0,0,0,default_table,b,b,,,161,0x029470af1cb2c6a1
16,com_maker_bit_8,27,0,0,0,0,default_table,b,b,,,161,0x029470af1cb2c6a1
16,com_maker_bit_8,28,0,0,0,0,default_table,b,b,,,161,0x029470af1cb2c6a1
16,com_maker_bit_8,29,0,0,0,0,default_table,b,b,,,161,0x029470af1cb2c6a1
16,com_maker_bit_8,30,0,0,0,0,default_table,b,b,,,161,0x029470af1cb2c6a1
16,com_maker_bit_8,31,0,0,0,0,default_table,b,b,,,161,0x029470af1cb2c6a1
16,com_maker_bit_8,32,0,0,0,0,default_table,b,b,,,161,0x029470af1cb2c6a1
16,com_maker_bit_8,33,0,0,0,0,default_table,b,b,,,161,0x029470af1cb2c6a1
16,com_maker_bit_8,34,0,0,0,0,default_table,b,b,,,161,0x029470af1cb2c6a1
16,com_maker_bit_8,35,0,0,0,0,default_table,b,b,,,161,0x029470af1cb2c6a1
16,com_maker_bit_8,36,0,0,0,0,default_table,b,b,,,161,0x029470af1cb2c6a1
16,com_maker_bit_8,37,0,0,0,0,default_table,b,b,,,161,0x029470af1cb2c6a1
16,com_maker_bit_8,38,0,0,0,0,default_table,b,b,,,161,0x029470af1cb2c6a1
16,com_maker_bit_8,39,0,0,0,0,default_table,b,b,,,161,0x029470af1cb2c6a1
16,com_maker_bit_8,40,0,0,0,0,default_table,b,b,,,161,0x029470af1cb2c6a1
16,com_maker_bit_8,41,0,0,0,0,default_table,b,b,,,161,0x029470af1cb2c6a1
16,com_maker_bit_8,42,0,0,0,0,default_table,b,b,,,161,0x029470af1cb2c6a1
16,com_maker_bit_8,43,0,0,0,0,default_table,b,b,,,161,0x029470af1cb2c6a1
16,com_maker_bit_8,44,0,0,0,0,default_table,b,b,,,161,0x029470af1cb2c6a1
16,com_maker_bit_8,45,0,0,0,0,default_table,b,b,,,161,0x029470af1cb2c6a1
16,com_maker_bit_8,46,0,0,0,0,default_table,b,b,,,161,0x029470af1cb2c6a1
16,com_maker_bit_8,47,0,0,0,0,default_table,b,b,,,161,0x029470af1cb2c6a1
16,com_maker_bit_8,48,0,0,0,0,default_table,b,b,,,161,0x029470af1cb2c6a1
16,com_maker_bit_8,49,0,0,0,0,default_table,b,b,,,161,0x029470af1cb2c6a1
16,com_maker_bit_8,50,0,0,0,0,default_table,b,b,,,161,0x029470af1cb2c6a1
16,com_maker_bit_8,51,0,0,0,0,default_table,b,b,,,161,0x029470af1cb2c6a1
16,com_maker_bit_8,52,0,0,0,0,default_table,b,b,,,161,0x029470af1cb2c6a1
16,com_maker_bit_8,53,0,0,0,0,default_table,b,b,,,161,0x029470af1cb2c6a1
16,com_maker_bit_8,54,0,0,0,0,default_table,b,b,,,161,0x029470af1cb2c6a1
16,com_maker_bit_8,55,0,0,0,0,default_table,b,b,,,161,0x029470af1cb2c6a1
16,com_maker_bit_8,56,0,0,0,0,default_table,b,b,,,161,0x029470af1cb2c6a1
16,com_maker_bit_8,57,0,0,0,0,default_table,b,b,,,161,0x029470af1cb2c6a1
16,com_maker_bit_8,58,0,0,0,0,default_table,b,b,,,161,0x029470af1cb2c6a1
16,com_maker_bit_8,59,0,0,0,0,default_table,b,b,,,161,0x029470af1cb2c6a1
16,com_maker_bit_8,60,0,0,0,0,default_table,b,b,,,161,0x029470af1cb2c6a1
16,com_maker_bit_8,61,0,0,0,0,default_table,b,b,,,161,0x029470af1cb2c6a1
16,com_maker_bit_8,62,0,0,0,0,default_table,b,b,,,161,0x029470af1cb2c6a1
16,com_maker_bit_8,63,0,0,0,0,default_table,b,b,,,161,0x029470af1cb2c6a1
16,com_maker_bit_8,64,0,0,0,0,default_table,b,b,,,161,0x029470af1cb2c6a1
17,com_splitter_bit_8,1,0,0,0,0,default_table,b,b,,,87,0xb14c1a4070526e55
17,com_splitter_bit_8,2,0,0,0,0,default_table,b,b,,,87,0xb14c1a4070526e55
17,com_splitter_bit_8,3,0,0,0,0,default_table,b,b,,,87,0xb14c1a4070526e55
17,com_splitter_bit_8,4,0,0,0,0,default_table,b,b,,,87,0xb14c1a4070526e55
17,com_splitter_bit_8,5,0,0,0,0,default_table,b,b,,,87,0xb14c1a4070526e55
17,com_splitter_bit_8,6,0,0,0,0,default_table,b,b,,,87,0xb14c1a4070526e55
17,com_splitter_bit_8,7,0,0,0,0,default_table,b,b,,,87,0xb14c1a4070526e55
17,com_splitter_bit_8,8,0,0,0,0,default_table,b,b,,,87,0xb14c1a4070526e55
17,com_splitter_bit_8,9,0,0,0,0,default_table,b,b,,,87,0xb14c1a4070526e55
17,com_splitter_bit_8,10,0,0,0,0,default_table,b,b,,,87,0xb14c1a4070526e55
17,com_splitter_bit_8,11,0,0,0,0,default_table,b,b,,,87,0xb14c1a4070526e55
17,com_splitter_bit_8,12,0,0,0,0,default_table,b,b,,,87,0xb14c1a4070526e55
17,com_splitter_bit_8,13,0,0,0,0,default_table,b,b,,,87,0xb14c1a4070526e55
17,com_splitter_bit_8,14,0,0,0,0,default_table,b,b,,,87,0xb14c1a4070526e55
17,com_splitter_bit_8,15,0,0,0,0,default_table,b,b,,,87,0xb14c1a4070526e55
17,com_splitter_bit_8,16,0,0,0,0,default_table,b,b,,,87,0xb14c1a4070526e55
17,com_splitter_bit_8,17,0,0,0,0,default_table,b,b,,,87,0xb14c1a4070526e55
17,com_splitter_bit_8,18,0,0,0,0,default_table,b,b,,,87,0xb14c1a4070526e55
17,com_splitter_bit_8,19,0,0,0,0,default_table,b,b,,,87,0xb14c1a4070526e55
17,com_splitter_bit_8,20,0,0,0,0,default_table,b,b,,,87,0xb14c1a4070526e55
17,com_splitter_bit_8,21,0,0,0,0,default_table,b,b,,,87,0xb14c1a4070526e55
17,com_splitter_bit_8,22,0,0,0,0,default_table,b,b,,,87,0xb14c1a4070526e55
17,com_splitter_bit_8,23,0,0,0,0,default_table,b,b,,,87,0xb14c1a4070526e55
17,com_splitter_bit_8,24,0,0,0,0,default_table,b,b,,,87,0xb14c1a4070526e55
17,com_splitter_bit_8,25,0,0,0,0,default_table,b,b,,,87,0xb14c1a4070526e55
17,com_splitter_bit_8,26,0,0,0,0,default_table,b,b,,,87,0xb14c1a4070526e55
17,com_splitter_bit_8,27,0,0,0,0,default_table,b,b,,,87,0xb14c1a4070526e55
17,com_splitter_bit_8,28,0,0,0,0,default_table,b,b,,,87,0xb14c1a4070526e55
17,com_splitter_bit_8,29,0,0,0,0,default_table,b,b,,,87,0xb14c1a4070526e55
17,com_splitter_bit_8,30,0,0,0,0,default_table,b,b,,,87,0xb14c1a4070526e55
17,com_splitter_bit_8,31,0,0,0,0,default_table,b,b,,,87,0xb14c1a4070526e55
17,com_splitter_bit_8,32,0,0,0,0,default_table,b,b,,,87,0xb14c1a4070526e55
17,com_splitter_bit_8,33,0,0,0,0,default_table,b,b,,,87,0xb14c1a4070526e55
17,com_splitter_bit_8,34,0,0,0,0,default_table,b,b,,,87,0xb14c1a4070526e55
17,com_splitter_bit_8,35,0,0,0,0,default_table,b,b,,,87,0xb14c1a4070526e55
17,com_splitter_bit_8,36,0,0,0,0,default_table,b,b,,,87,0xb14c1a4070526e55
17,com_splitter_bit_8,37,0,0,0,0,default_table,b,b,,,87,0xb14c1a4070526e55
17,com_splitter_bit_8,38,0,0,0,0,default_table,b,b,,,87,0xb14c1a4070526e55
17,com_splitter_bit_8,39,0,0,0,0,default_table,b,b,,,87,0xb14c1a4070526e55
17,com_splitter_bit_8,40,0,0,0,0,default_table,b,b,,,87,0xb14c1a4070526e55
17,com_splitter_bit_8,41,0,0,0,0,default_table,b,b,,,87,0xb14c1a4070526e55
17,com_splitter_bit_8,42,0,0,0,0,default_table,b,b,,,87,0xb14c1a4070526e55
17,com_splitter_bit_8,43,0,0,0,0,default_table,b,b,,,87,0xb14c1a4070526e55
17,com_splitter_bit_8,44,0,0,0,0,default_table,b,b,,,87,0xb14c1a4070526e55
17,com_splitter_bit_8,45,0,0,0,0,default_table,b,b,,,87,0xb14c1a4070526e55
17,com_splitter_bit_8,46,0,0,0,0,default_table,b,b,,,87,0xb14c1a4070526e55
17,com_splitter_bit_8,47,0,0,0,0,default_table,b,b,,,87,0xb14c1a4070526e55
17,com_splitter_bit_8,48,0,0,0,0,default_table,b,b,,,87,0xb14c1a4070526e55
17,com_splitter_bit_8,49,0,0,0,0,default_table,b,b,,,87,0xb14c1a4070526e55
17,com_splitter_bit_8,50,0,0,0,0,default_table,b,b,,,87,0xb14c1a4070526e55
17,com_splitter_bit_8,51,0,0,0,0,default_table,b,b,,,87,0xb14c1a4070526e55
17,com_splitter_bit_8,52,0,0,0,0,default_table,b,b,,,87,0xb14c1a4070526e55
17,com_splitter_bit_8,53,0,0,0,0,default_table,b,b,,,87,0xb14c1a4070526e55
17,com_splitter_bit_8,54,0,0,0,0,default_table,b,b,,,87,0xb14c1a4070526e55
17,com_splitter_bit_8,55,0,0,0,0,default_table,b,b,,,87,0xb14c1a4070526e55
17,com_splitter_bit_8,56,0,0,0,0,default_table,b,b,,,87,0xb14c1a4070526e55
17,com_splitter_bit_8,57,0,0,0,0,default_table,b,b,,,87,0xb14c1a4070526e55
17,com_splitter_bit_8,58,0,0,0,0,default_table,b,b,,,87,0xb14c1a4070526e55
17,com_splitter_bit_8,59,0,0,0,0,default_table,b,b,,,87,0xb14c1a4070526e55
17,com_splitter_bit_8,60,0,0,0,0,default_table,b,b,,,87,0xb14c1a4070526e55
17,com_splitter_bit_8,61,0,0,0,0,default_table,b,b,,,87,0xb14c1a4070526e55
17,com_splitter_bit_8,62,0,0,0,0,default_table,b,b,,,87,0xb14c1a4070526e55
17,com_splitter_bit_8,63,0,0,0,0,default_table,b,b,,,87,0xb14c1a4070526e55
17,com_splitter_bit_8,64,0,0,0,0,default_table,b,b,,,87,0xb14c1a4070526e55
18,com_not_word,1,8,1,1,1,level_override_allowed,b*(w//8)+(w%8) if w%8<=3 else b*(w//8+1)+(w%8)-8,b,,,89,0x38a3faa999d0ce59
18,com_not_word,2,8,1,2,1,level_override_allowed,b*(w//8)+(w%8) if w%8<=3 else b*(w//8+1)+(w%8)-8,b,,,89,0x38a3faa999d0ce59
18,com_not_word,3,8,1,3,1,level_override_allowed,b*(w//8)+(w%8) if w%8<=3 else b*(w//8+1)+(w%8)-8,b,,,89,0x38a3faa999d0ce59
18,com_not_word,4,8,1,4,1,level_override_allowed,b*(w//8)+(w%8) if w%8<=3 else b*(w//8+1)+(w%8)-8,b,,,89,0x38a3faa999d0ce59
18,com_not_word,5,8,1,5,1,level_override_allowed,b*(w//8)+(w%8) if w%8<=3 else b*(w//8+1)+(w%8)-8,b,,,89,0x38a3faa999d0ce59
18,com_not_word,6,8,1,6,1,level_override_allowed,b*(w//8)+(w%8) if w%8<=3 else b*(w//8+1)+(w%8)-8,b,,,89,0x38a3faa999d0ce59
18,com_not_word,7,8,1,7,1,level_override_allowed,b*(w//8)+(w%8) if w%8<=3 else b*(w//8+1)+(w%8)-8,b,,,89,0x38a3faa999d0ce59
18,com_not_word,8,8,1,8,1,level_override_allowed,b*(w//8)+(w%8) if w%8<=3 else b*(w//8+1)+(w%8)-8,b,,,89,0x38a3faa999d0ce59
18,com_not_word,9,8,1,9,1,level_override_allowed,b*(w//8)+(w%8) if w%8<=3 else b*(w//8+1)+(w%8)-8,b,,,89,0x38a3faa999d0ce59
18,com_not_word,10,8,1,10,1,level_override_allowed,b*(w//8)+(w%8) if w%8<=3 else b*(w//8+1)+(w%8)-8,b,,,89,0x38a3faa999d0ce59
18,com_not_word,11,8,1,11,1,level_override_allowed,b*(w//8)+(w%8) if w%8<=3 else b*(w//8+1)+(w%8)-8,b,,,89,0x38a3faa999d0ce59
18,com_not_word,12,8,1,12,1,level_override_allowed,b*(w//8)+(w%8) if w%8<=3 else b*(w//8+1)+(w%8)-8,b,,,89,0x38a3faa999d0ce59
18,com_not_word,13,8,1,13,1,level_override_allowed,b*(w//8)+(w%8) if w%8<=3 else b*(w//8+1)+(w%8)-8,b,,,89,0x38a3faa999d0ce59
18,com_not_word,14,8,1,14,1,level_override_allowed,b*(w//8)+(w%8) if w%8<=3 else b*(w//8+1)+(w%8)-8,b,,,89,0x38a3faa999d0ce59
18,com_not_word,15,8,1,15,1,level_override_allowed,b*(w//8)+(w%8) if w%8<=3 else b*(w//8+1)+(w%8)-8,b,,,89,0x38a3faa999d0ce59
18,com_not_word,16,8,1,16,1,level_override_allowed,b*(w//8)+(w%8) if w%8<=3 else b*(w//8+1)+(w%8)-8,b,,,89,0x38a3faa999d0ce59
18,com_not_word,17,8,1,17,1,level_override_allowed,b*(w//8)+(w%8) if w%8<=3 else b*(w//8+1)+(w%8)-8,b,,,89,0x38a3faa999d0ce59
18,com_not_word,18,8,1,18,1,level_override_allowed,b*(w//8)+(w%8) if w%8<=3 else b*(w//8+1)+(w%8)-8,b,,,89,0x38a3faa999d0ce59
18,com_not_word,19,8,1,19,1,level_override_allowed,b*(w//8)+(w%8) if w%8<=3 else b*(w//8+1)+(w%8)-8,b,,,89,0x38a3faa999d0ce59
18,com_not_word,20,8,1,20,1,level_override_allowed,b*(w//8)+(w%8) if w%8<=3 else b*(w//8+1)+(w%8)-8,b,,,89,0x38a3faa999d0ce59
18,com_not_word,21,8,1,21,1,level_override_allowed,b*(w//8)+(w%8) if w%8<=3 else b*(w//8+1)+(w%8)-8,b,,,89,0x38a3faa999d0ce59
18,com_not_word,22,8,1,22,1,level_override_allowed,b*(w//8)+(w%8) if w%8<=3 else b*(w//8+1)+(w%8)-8,b,,,89,0x38a3faa999d0ce59
18,com_not_word,23,8,1,23,1,level_override_allowed,b*(w//8)+(w%8) if w%8<=3 else b*(w//8+1)+(w%8)-8,b,,,89,0x38a3faa999d0ce59
18,com_not_word,24,8,1,24,1,level_override_allowed,b*(w//8)+(w%8) if w%8<=3 else b*(w//8+1)+(w%8)-8,b,,,89,0x38a3faa999d0ce59
18,com_not_word,25,8,1,25,1,level_override_allowed,b*(w//8)+(w%8) if w%8<=3 else b*(w//8+1)+(w%8)-8,b,,,89,0x38a3faa999d0ce59
18,com_not_word,26,8,1,26,1,level_override_allowed,b*(w//8)+(w%8) if w%8<=3 else b*(w//8+1)+(w%8)-8,b,,,89,0x38a3faa999d0ce59
18,com_not_word,27,8,1,27,1,level_override_allowed,b*(w//8)+(w%8) if w%8<=3 else b*(w//8+1)+(w%8)-8,b,,,89,0x38a3faa999d0ce59
18,com_not_word,28,8,1,28,1,level_override_allowed,b*(w//8)+(w%8) if w%8<=3 else b*(w//8+1)+(w%8)-8,b,,,89,0x38a3faa999d0ce59
18,com_not_word,29,8,1,29,1,level_override_allowed,b*(w//8)+(w%8) if w%8<=3 else b*(w//8+1)+(w%8)-8,b,,,89,0x38a3faa999d0ce59
18,com_not_word,30,8,1,30,1,level_override_allowed,b*(w//8)+(w%8) if w%8<=3 else b*(w//8+1)+(w%8)-8,b,,,89,0x38a3faa999d0ce59
18,com_not_word,31,8,1,31,1,level_override_allowed,b*(w//8)+(w%8) if w%8<=3 else b*(w//8+1)+(w%8)-8,b,,,89,0x38a3faa999d0ce59
18,com_not_word,32,8,1,32,1,level_override_allowed,b*(w//8)+(w%8) if w%8<=3 else b*(w//8+1)+(w%8)-8,b,,,89,0x38a3faa999d0ce59
18,com_not_word,33,8,1,33,1,level_override_allowed,b*(w//8)+(w%8) if w%8<=3 else b*(w//8+1)+(w%8)-8,b,,,89,0x38a3faa999d0ce59
18,com_not_word,34,8,1,34,1,level_override_allowed,b*(w//8)+(w%8) if w%8<=3 else b*(w//8+1)+(w%8)-8,b,,,89,0x38a3faa999d0ce59
18,com_not_word,35,8,1,35,1,level_override_allowed,b*(w//8)+(w%8) if w%8<=3 else b*(w//8+1)+(w%8)-8,b,,,89,0x38a3faa999d0ce59
18,com_not_word,36,8,1,36,1,level_override_allowed,b*(w//8)+(w%8) if w%8<=3 else b*(w//8+1)+(w%8)-8,b,,,89,0x38a3faa999d0ce59
18,com_not_word,37,8,1,37,1,level_override_allowed,b*(w//8)+(w%8) if w%8<=3 else b*(w//8+1)+(w%8)-8,b,,,89,0x38a3faa999d0ce59
18,com_not_word,38,8,1,38,1,level_override_allowed,b*(w//8)+(w%8) if w%8<=3 else b*(w//8+1)+(w%8)-8,b,,,89,0x38a3faa999d0ce59
18,com_not_word,39,8,1,39,1,level_override_allowed,b*(w//8)+(w%8) if w%8<=3 else b*(w//8+1)+(w%8)-8,b,,,89,0x38a3faa999d0ce59
18,com_not_word,40,8,1,40,1,level_override_allowed,b*(w//8)+(w%8) if w%8<=3 else b*(w//8+1)+(w%8)-8,b,,,89,0x38a3faa999d0ce59
18,com_not_word,41,8,1,41,1,level_override_allowed,b*(w//8)+(w%8) if w%8<=3 else b*(w//8+1)+(w%8)-8,b,,,89,0x38a3faa999d0ce59
18,com_not_word,42,8,1,42,1,level_override_allowed,b*(w//8)+(w%8) if w%8<=3 else b*(w//8+1)+(w%8)-8,b,,,89,0x38a3faa999d0ce59
18,com_not_word,43,8,1,43,1,level_override_allowed,b*(w//8)+(w%8) if w%8<=3 else b*(w//8+1)+(w%8)-8,b,,,89,0x38a3faa999d0ce59
18,com_not_word,44,8,1,44,1,level_override_allowed,b*(w//8)+(w%8) if w%8<=3 else b*(w//8+1)+(w%8)-8,b,,,89,0x38a3faa999d0ce59
18,com_not_word,45,8,1,45,1,level_override_allowed,b*(w//8)+(w%8) if w%8<=3 else b*(w//8+1)+(w%8)-8,b,,,89,0x38a3faa999d0ce59
18,com_not_word,46,8,1,46,1,level_override_allowed,b*(w//8)+(w%8) if w%8<=3 else b*(w//8+1)+(w%8)-8,b,,,89,0x38a3faa999d0ce59
18,com_not_word,47,8,1,47,1,level_override_allowed,b*(w//8)+(w%8) if w%8<=3 else b*(w//8+1)+(w%8)-8,b,,,89,0x38a3faa999d0ce59
18,com_not_word,48,8,1,48,1,level_override_allowed,b*(w//8)+(w%8) if w%8<=3 else b*(w//8+1)+(w%8)-8,b,,,89,0x38a3faa999d0ce59
18,com_not_word,49,8,1,49,1,level_override_allowed,b*(w//8)+(w%8) if w%8<=3 else b*(w//8+1)+(w%8)-8,b,,,89,0x38a3faa999d0ce59
18,com_not_word,50,8,1,50,1,level_override_allowed,b*(w//8)+(w%8) if w%8<=3 else b*(w//8+1)+(w%8)-8,b,,,89,0x38a3faa999d0ce59
18,com_not_word,51,8,1,51,1,level_override_allowed,b*(w//8)+(w%8) if w%8<=3 else b*(w//8+1)+(w%8)-8,b,,,89,0x38a3faa999d0ce59
18,com_not_word,52,8,1,52,1,level_override_allowed,b*(w//8)+(w%8) if w%8<=3 else b*(w//8+1)+(w%8)-8,b,,,89,0x38a3faa999d0ce59
18,com_not_word,53,8,1,53,1,level_override_allowed,b*(w//8)+(w%8) if w%8<=3 else b*(w//8+1)+(w%8)-8,b,,,89,0x38a3faa999d0ce59
18,com_not_word,54,8,1,54,1,level_override_allowed,b*(w//8)+(w%8) if w%8<=3 else b*(w//8+1)+(w%8)-8,b,,,89,0x38a3faa999d0ce59
18,com_not_word,55,8,1,55,1,level_override_allowed,b*(w//8)+(w%8) if w%8<=3 else b*(w//8+1)+(w%8)-8,b,,,89,0x38a3faa999d0ce59
18,com_not_word,56,8,1,56,1,level_override_allowed,b*(w//8)+(w%8) if w%8<=3 else b*(w//8+1)+(w%8)-8,b,,,89,0x38a3faa999d0ce59
18,com_not_word,57,8,1,57,1,level_override_allowed,b*(w//8)+(w%8) if w%8<=3 else b*(w//8+1)+(w%8)-8,b,,,89,0x38a3faa999d0ce59
18,com_not_word,58,8,1,58,1,level_override_allowed,b*(w//8)+(w%8) if w%8<=3 else b*(w//8+1)+(w%8)-8,b,,,89,0x38a3faa999d0ce59
18,com_not_word,59,8,1,59,1,level_override_allowed,b*(w//8)+(w%8) if w%8<=3 else b*(w//8+1)+(w%8)-8,b,,,89,0x38a3faa999d0ce59
18,com_not_word,60,8,1,60,1,level_override_allowed,b*(w//8)+(w%8) if w%8<=3 else b*(w//8+1)+(w%8)-8,b,,,89,0x38a3faa999d0ce59
18,com_not_word,61,8,1,61,1,level_override_allowed,b*(w//8)+(w%8) if w%8<=3 else b*(w//8+1)+(w%8)-8,b,,,89,0x38a3faa999d0ce59
18,com_not_word,62,8,1,62,1,level_override_allowed,b*(w//8)+(w%8) if w%8<=3 else b*(w//8+1)+(w%8)-8,b,,,89,0x38a3faa999d0ce59
18,com_not_word,63,8,1,63,1,level_override_allowed,b*(w//8)+(w%8) if w%8<=3 else b*(w//8+1)+(w%8)-8,b,,,89,0x38a3faa999d0ce59
18,com_not_word,64,8,1,64,1,level_override_allowed,b*(w//8)+(w%8) if w%8<=3 else b*(w//8+1)+(w%8)-8,b,,,89,0x38a3faa999d0ce59
19,com_or_word,1,8,1,1,1,level_override_allowed,b*(w//8)+(w%8) if w%8<=3 else b*(w//8+1)+(w%8)-8,b,,,31,0xf9dfdc89b2df371f
19,com_or_word,2,8,1,2,1,level_override_allowed,b*(w//8)+(w%8) if w%8<=3 else b*(w//8+1)+(w%8)-8,b,,,31,0xf9dfdc89b2df371f
19,com_or_word,3,8,1,3,1,level_override_allowed,b*(w//8)+(w%8) if w%8<=3 else b*(w//8+1)+(w%8)-8,b,,,31,0xf9dfdc89b2df371f
19,com_or_word,4,8,1,4,1,level_override_allowed,b*(w//8)+(w%8) if w%8<=3 else b*(w//8+1)+(w%8)-8,b,,,31,0xf9dfdc89b2df371f
19,com_or_word,5,8,1,5,1,level_override_allowed,b*(w//8)+(w%8) if w%8<=3 else b*(w//8+1)+(w%8)-8,b,,,31,0xf9dfdc89b2df371f
19,com_or_word,6,8,1,6,1,level_override_allowed,b*(w//8)+(w%8) if w%8<=3 else b*(w//8+1)+(w%8)-8,b,,,31,0xf9dfdc89b2df371f
19,com_or_word,7,8,1,7,1,level_override_allowed,b*(w//8)+(w%8) if w%8<=3 else b*(w//8+1)+(w%8)-8,b,,,31,0xf9dfdc89b2df371f
19,com_or_word,8,8,1,8,1,level_override_allowed,b*(w//8)+(w%8) if w%8<=3 else b*(w//8+1)+(w%8)-8,b,,,31,0xf9dfdc89b2df371f
19,com_or_word,9,8,1,9,1,level_override_allowed,b*(w//8)+(w%8) if w%8<=3 else b*(w//8+1)+(w%8)-8,b,,,31,0xf9dfdc89b2df371f
19,com_or_word,10,8,1,10,1,level_override_allowed,b*(w//8)+(w%8) if w%8<=3 else b*(w//8+1)+(w%8)-8,b,,,31,0xf9dfdc89b2df371f
19,com_or_word,11,8,1,11,1,level_override_allowed,b*(w//8)+(w%8) if w%8<=3 else b*(w//8+1)+(w%8)-8,b,,,31,0xf9dfdc89b2df371f
19,com_or_word,12,8,1,12,1,level_override_allowed,b*(w//8)+(w%8) if w%8<=3 else b*(w//8+1)+(w%8)-8,b,,,31,0xf9dfdc89b2df371f
19,com_or_word,13,8,1,13,1,level_override_allowed,b*(w//8)+(w%8) if w%8<=3 else b*(w//8+1)+(w%8)-8,b,,,31,0xf9dfdc89b2df371f
19,com_or_word,14,8,1,14,1,level_override_allowed,b*(w//8)+(w%8) if w%8<=3 else b*(w//8+1)+(w%8)-8,b,,,31,0xf9dfdc89b2df371f
19,com_or_word,15,8,1,15,1,level_override_allowed,b*(w//8)+(w%8) if w%8<=3 else b*(w//8+1)+(w%8)-8,b,,,31,0xf9dfdc89b2df371f
19,com_or_word,16,8,1,16,1,level_override_allowed,b*(w//8)+(w%8) if w%8<=3 else b*(w//8+1)+(w%8)-8,b,,,31,0xf9dfdc89b2df371f
19,com_or_word,17,8,1,17,1,level_override_allowed,b*(w//8)+(w%8) if w%8<=3 else b*(w//8+1)+(w%8)-8,b,,,31,0xf9dfdc89b2df371f
19,com_or_word,18,8,1,18,1,level_override_allowed,b*(w//8)+(w%8) if w%8<=3 else b*(w//8+1)+(w%8)-8,b,,,31,0xf9dfdc89b2df371f
19,com_or_word,19,8,1,19,1,level_override_allowed,b*(w//8)+(w%8) if w%8<=3 else b*(w//8+1)+(w%8)-8,b,,,31,0xf9dfdc89b2df371f
19,com_or_word,20,8,1,20,1,level_override_allowed,b*(w//8)+(w%8) if w%8<=3 else b*(w//8+1)+(w%8)-8,b,,,31,0xf9dfdc89b2df371f
19,com_or_word,21,8,1,21,1,level_override_allowed,b*(w//8)+(w%8) if w%8<=3 else b*(w//8+1)+(w%8)-8,b,,,31,0xf9dfdc89b2df371f
19,com_or_word,22,8,1,22,1,level_override_allowed,b*(w//8)+(w%8) if w%8<=3 else b*(w//8+1)+(w%8)-8,b,,,31,0xf9dfdc89b2df371f
19,com_or_word,23,8,1,23,1,level_override_allowed,b*(w//8)+(w%8) if w%8<=3 else b*(w//8+1)+(w%8)-8,b,,,31,0xf9dfdc89b2df371f
19,com_or_word,24,8,1,24,1,level_override_allowed,b*(w//8)+(w%8) if w%8<=3 else b*(w//8+1)+(w%8)-8,b,,,31,0xf9dfdc89b2df371f
19,com_or_word,25,8,1,25,1,level_override_allowed,b*(w//8)+(w%8) if w%8<=3 else b*(w//8+1)+(w%8)-8,b,,,31,0xf9dfdc89b2df371f
19,com_or_word,26,8,1,26,1,level_override_allowed,b*(w//8)+(w%8) if w%8<=3 else b*(w//8+1)+(w%8)-8,b,,,31,0xf9dfdc89b2df371f
19,com_or_word,27,8,1,27,1,level_override_allowed,b*(w//8)+(w%8) if w%8<=3 else b*(w//8+1)+(w%8)-8,b,,,31,0xf9dfdc89b2df371f
19,com_or_word,28,8,1,28,1,level_override_allowed,b*(w//8)+(w%8) if w%8<=3 else b*(w//8+1)+(w%8)-8,b,,,31,0xf9dfdc89b2df371f
19,com_or_word,29,8,1,29,1,level_override_allowed,b*(w//8)+(w%8) if w%8<=3 else b*(w//8+1)+(w%8)-8,b,,,31,0xf9dfdc89b2df371f
19,com_or_word,30,8,1,30,1,level_override_allowed,b*(w//8)+(w%8) if w%8<=3 else b*(w//8+1)+(w%8)-8,b,,,31,0xf9dfdc89b2df371f
19,com_or_word,31,8,1,31,1,level_override_allowed,b*(w//8)+(w%8) if w%8<=3 else b*(w//8+1)+(w%8)-8,b,,,31,0xf9dfdc89b2df371f
19,com_or_word,32,8,1,32,1,level_override_allowed,b*(w//8)+(w%8) if w%8<=3 else b*(w//8+1)+(w%8)-8,b,,,31,0xf9dfdc89b2df371f
19,com_or_word,33,8,1,33,1,level_override_allowed,b*(w//8)+(w%8) if w%8<=3 else b*(w//8+1)+(w%8)-8,b,,,31,0xf9dfdc89b2df371f
19,com_or_word,34,8,1,34,1,level_override_allowed,b*(w//8)+(w%8) if w%8<=3 else b*(w//8+1)+(w%8)-8,b,,,31,0xf9dfdc89b2df371f
19,com_or_word,35,8,1,35,1,level_override_allowed,b*(w//8)+(w%8) if w%8<=3 else b*(w//8+1)+(w%8)-8,b,,,31,0xf9dfdc89b2df371f
19,com_or_word,36,8,1,36,1,level_override_allowed,b*(w//8)+(w%8) if w%8<=3 else b*(w//8+1)+(w%8)-8,b,,,31,0xf9dfdc89b2df371f
19,com_or_word,37,8,1,37,1,level_override_allowed,b*(w//8)+(w%8) if w%8<=3 else b*(w//8+1)+(w%8)-8,b,,,31,0xf9dfdc89b2df371f
19,com_or_word,38,8,1,38,1,level_override_allowed,b*(w//8)+(w%8) if w%8<=3 else b*(w//8+1)+(w%8)-8,b,,,31,0xf9dfdc89b2df371f
19,com_or_word,39,8,1,39,1,level_override_allowed,b*(w//8)+(w%8) if w%8<=3 else b*(w//8+1)+(w%8)-8,b,,,31,0xf9dfdc89b2df371f
19,com_or_word,40,8,1,40,1,level_override_allowed,b*(w//8)+(w%8) if w%8<=3 else b*(w//8+1)+(w%8)-8,b,,,31,0xf9dfdc89b2df371f
19,com_or_word,41,8,1,41,1,level_override_allowed,b*(w//8)+(w%8) if w%8<=3 else b*(w//8+1)+(w%8)-8,b,,,31,0xf9dfdc89b2df371f
19,com_or_word,42,8,1,42,1,level_override_allowed,b*(w//8)+(w%8) if w%8<=3 else b*(w//8+1)+(w%8)-8,b,,,31,0xf9dfdc89b2df371f
19,com_or_word,43,8,1,43,1,level_override_allowed,b*(w//8)+(w%8) if w%8<=3 else b*(w//8+1)+(w%8)-8,b,,,31,0xf9dfdc89b2df371f
19,com_or_word,44,8,1,44,1,level_override_allowed,b*(w//8)+(w%8) if w%8<=3 else b*(w//8+1)+(w%8)-8,b,,,31,0xf9dfdc89b2df371f
19,com_or_word,45,8,1,45,1,level_override_allowed,b*(w//8)+(w%8) if w%8<=3 else b*(w//8+1)+(w%8)-8,b,,,31,0xf9dfdc89b2df371f
19,com_or_word,46,8,1,46,1,level_override_allowed,b*(w//8)+(w%8) if w%8<=3 else b*(w//8+1)+(w%8)-8,b,,,31,0xf9dfdc89b2df371f
19,com_or_word,47,8,1,47,1,level_override_allowed,b*(w//8)+(w%8) if w%8<=3 else b*(w//8+1)+(w%8)-8,b,,,31,0xf9dfdc89b2df371f
19,com_or_word,48,8,1,48,1,level_override_allowed,b*(w//8)+(w%8) if w%8<=3 else b*(w//8+1)+(w%8)-8,b,,,31,0xf9dfdc89b2df371f
19,com_or_word,49,8,1,49,1,level_override_allowed,b*(w//8)+(w%8) if w%8<=3 else b*(w//8+1)+(w%8)-8,b,,,31,0xf9dfdc89b2df371f
19,com_or_word,50,8,1,50,1,level_override_allowed,b*(w//8)+(w%8) if w%8<=3 else b*(w//8+1)+(w%8)-8,b,,,31,0xf9dfdc89b2df371f
19,com_or_word,51,8,1,51,1,level_override_allowed,b*(w//8)+(w%8) if w%8<=3 else b*(w//8+1)+(w%8)-8,b,,,31,0xf9dfdc89b2df371f
19,com_or_word,52,8,1,52,1,level_override_allowed,b*(w//8)+(w%8) if w%8<=3 else b*(w//8+1)+(w%8)-8,b,,,31,0xf9dfdc89b2df371f
19,com_or_word,53,8,1,53,1,level_override_allowed,b*(w//8)+(w%8) if w%8<=3 else b*(w//8+1)+(w%8)-8,b,,,31,0xf9dfdc89b2df371f
19,com_or_word,54,8,1,54,1,level_override_allowed,b*(w//8)+(w%8) if w%8<=3 else b*(w//8+1)+(w%8)-8,b,,,31,0xf9dfdc89b2df371f
19,com_or_word,55,8,1,55,1,level_override_allowed,b*(w//8)+(w%8) if w%8<=3 else b*(w//8+1)+(w%8)-8,b,,,31,0xf9dfdc89b2df371f
19,com_or_word,56,8,1,56,1,level_override_allowed,b*(w//8)+(w%8) if w%8<=3 else b*(w//8+1)+(w%8)-8,b,,,31,0xf9dfdc89b2df371f
19,com_or_word,57,8,1,57,1,level_override_allowed,b*(w//8)+(w%8) if w%8<=3 else b*(w//8+1)+(w%8)-8,b,,,31,0xf9dfdc89b2df371f
19,com_or_word,58,8,1,58,1,level_override_allowed,b*(w//8)+(w%8) if w%8<=3 else b*(w//8+1)+(w%8)-8,b,,,31,0xf9dfdc89b2df371f
19,com_or_word,59,8,1,59,1,level_override_allowed,b*(w//8)+(w%8) if w%8<=3 else b*(w//8+1)+(w%8)-8,b,,,31,0xf9dfdc89b2df371f
19,com_or_word,60,8,1,60,1,level_override_allowed,b*(w//8)+(w%8) if w%8<=3 else b*(w//8+1)+(w%8)-8,b,,,31,0xf9dfdc89b2df371f
19,com_or_word,61,8,1,61,1,level_override_allowed,b*(w//8)+(w%8) if w%8<=3 else b*(w//8+1)+(w%8)-8,b,,,31,0xf9dfdc89b2df371f
19,com_or_word,62,8,1,62,1,level_override_allowed,b*(w//8)+(w%8) if w%8<=3 else b*(w//8+1)+(w%8)-8,b,,,31,0xf9dfdc89b2df371f
19,com_or_word,63,8,1,63,1,level_override_allowed,b*(w//8)+(w%8) if w%8<=3 else b*(w//8+1)+(w%8)-8,b,,,31,0xf9dfdc89b2df371f
19,com_or_word,64,8,1,64,1,level_override_allowed,b*(w//8)+(w%8) if w%8<=3 else b*(w//8+1)+(w%8)-8,b,,,31,0xf9dfdc89b2df371f
20,com_and_word,1,8,1,1,1,level_override_allowed,b*(w//8)+(w%8) if w%8<=3 else b*(w//8+1)+(w%8)-8,b,,,192,0xda922e211a3bb0c0
20,com_and_word,2,8,1,2,1,level_override_allowed,b*(w//8)+(w%8) if w%8<=3 else b*(w//8+1)+(w%8)-8,b,,,192,0xda922e211a3bb0c0
20,com_and_word,3,8,1,3,1,level_override_allowed,b*(w//8)+(w%8) if w%8<=3 else b*(w//8+1)+(w%8)-8,b,,,192,0xda922e211a3bb0c0
20,com_and_word,4,8,1,4,1,level_override_allowed,b*(w//8)+(w%8) if w%8<=3 else b*(w//8+1)+(w%8)-8,b,,,192,0xda922e211a3bb0c0
20,com_and_word,5,8,1,5,1,level_override_allowed,b*(w//8)+(w%8) if w%8<=3 else b*(w//8+1)+(w%8)-8,b,,,192,0xda922e211a3bb0c0
20,com_and_word,6,8,1,6,1,level_override_allowed,b*(w//8)+(w%8) if w%8<=3 else b*(w//8+1)+(w%8)-8,b,,,192,0xda922e211a3bb0c0
20,com_and_word,7,8,1,7,1,level_override_allowed,b*(w//8)+(w%8) if w%8<=3 else b*(w//8+1)+(w%8)-8,b,,,192,0xda922e211a3bb0c0
20,com_and_word,8,8,1,8,1,level_override_allowed,b*(w//8)+(w%8) if w%8<=3 else b*(w//8+1)+(w%8)-8,b,,,192,0xda922e211a3bb0c0
20,com_and_word,9,8,1,9,1,level_override_allowed,b*(w//8)+(w%8) if w%8<=3 else b*(w//8+1)+(w%8)-8,b,,,192,0xda922e211a3bb0c0
20,com_and_word,10,8,1,10,1,level_override_allowed,b*(w//8)+(w%8) if w%8<=3 else b*(w//8+1)+(w%8)-8,b,,,192,0xda922e211a3bb0c0
20,com_and_word,11,8,1,11,1,level_override_allowed,b*(w//8)+(w%8) if w%8<=3 else b*(w//8+1)+(w%8)-8,b,,,192,0xda922e211a3bb0c0
20,com_and_word,12,8,1,12,1,level_override_allowed,b*(w//8)+(w%8) if w%8<=3 else b*(w//8+1)+(w%8)-8,b,,,192,0xda922e211a3bb0c0
20,com_and_word,13,8,1,13,1,level_override_allowed,b*(w//8)+(w%8) if w%8<=3 else b*(w//8+1)+(w%8)-8,b,,,192,0xda922e211a3bb0c0
20,com_and_word,14,8,1,14,1,level_override_allowed,b*(w//8)+(w%8) if w%8<=3 else b*(w//8+1)+(w%8)-8,b,,,192,0xda922e211a3bb0c0
20,com_and_word,15,8,1,15,1,level_override_allowed,b*(w//8)+(w%8) if w%8<=3 else b*(w//8+1)+(w%8)-8,b,,,192,0xda922e211a3bb0c0
20,com_and_word,16,8,1,16,1,level_override_allowed,b*(w//8)+(w%8) if w%8<=3 else b*(w//8+1)+(w%8)-8,b,,,192,0xda922e211a3bb0c0
20,com_and_word,17,8,1,17,1,level_override_allowed,b*(w//8)+(w%8) if w%8<=3 else b*(w//8+1)+(w%8)-8,b,,,192,0xda922e211a3bb0c0
20,com_and_word,18,8,1,18,1,level_override_allowed,b*(w//8)+(w%8) if w%8<=3 else b*(w//8+1)+(w%8)-8,b,,,192,0xda922e211a3bb0c0
20,com_and_word,19,8,1,19,1,level_override_allowed,b*(w//8)+(w%8) if w%8<=3 else b*(w//8+1)+(w%8)-8,b,,,192,0xda922e211a3bb0c0
20,com_and_word,20,8,1,20,1,level_override_allowed,b*(w//8)+(w%8) if w%8<=3 else b*(w//8+1)+(w%8)-8,b,,,192,0xda922e211a3bb0c0
20,com_and_word,21,8,1,21,1,level_override_allowed,b*(w//8)+(w%8) if w%8<=3 else b*(w//8+1)+(w%8)-8,b,,,192,0xda922e211a3bb0c0
20,com_and_word,22,8,1,22,1,level_override_allowed,b*(w//8)+(w%8) if w%8<=3 else b*(w//8+1)+(w%8)-8,b,,,192,0xda922e211a3bb0c0
20,com_and_word,23,8,1,23,1,level_override_allowed,b*(w//8)+(w%8) if w%8<=3 else b*(w//8+1)+(w%8)-8,b,,,192,0xda922e211a3bb0c0
20,com_and_word,24,8,1,24,1,level_override_allowed,b*(w//8)+(w%8) if w%8<=3 else b*(w//8+1)+(w%8)-8,b,,,192,0xda922e211a3bb0c0
20,com_and_word,25,8,1,25,1,level_override_allowed,b*(w//8)+(w%8) if w%8<=3 else b*(w//8+1)+(w%8)-8,b,,,192,0xda922e211a3bb0c0
20,com_and_word,26,8,1,26,1,level_override_allowed,b*(w//8)+(w%8) if w%8<=3 else b*(w//8+1)+(w%8)-8,b,,,192,0xda922e211a3bb0c0
20,com_and_word,27,8,1,27,1,level_override_allowed,b*(w//8)+(w%8) if w%8<=3 else b*(w//8+1)+(w%8)-8,b,,,192,0xda922e211a3bb0c0
20,com_and_word,28,8,1,28,1,level_override_allowed,b*(w//8)+(w%8) if w%8<=3 else b*(w//8+1)+(w%8)-8,b,,,192,0xda922e211a3bb0c0
20,com_and_word,29,8,1,29,1,level_override_allowed,b*(w//8)+(w%8) if w%8<=3 else b*(w//8+1)+(w%8)-8,b,,,192,0xda922e211a3bb0c0
20,com_and_word,30,8,1,30,1,level_override_allowed,b*(w//8)+(w%8) if w%8<=3 else b*(w//8+1)+(w%8)-8,b,,,192,0xda922e211a3bb0c0
20,com_and_word,31,8,1,31,1,level_override_allowed,b*(w//8)+(w%8) if w%8<=3 else b*(w//8+1)+(w%8)-8,b,,,192,0xda922e211a3bb0c0
20,com_and_word,32,8,1,32,1,level_override_allowed,b*(w//8)+(w%8) if w%8<=3 else b*(w//8+1)+(w%8)-8,b,,,192,0xda922e211a3bb0c0
20,com_and_word,33,8,1,33,1,level_override_allowed,b*(w//8)+(w%8) if w%8<=3 else b*(w//8+1)+(w%8)-8,b,,,192,0xda922e211a3bb0c0
20,com_and_word,34,8,1,34,1,level_override_allowed,b*(w//8)+(w%8) if w%8<=3 else b*(w//8+1)+(w%8)-8,b,,,192,0xda922e211a3bb0c0
20,com_and_word,35,8,1,35,1,level_override_allowed,b*(w//8)+(w%8) if w%8<=3 else b*(w//8+1)+(w%8)-8,b,,,192,0xda922e211a3bb0c0
20,com_and_word,36,8,1,36,1,level_override_allowed,b*(w//8)+(w%8) if w%8<=3 else b*(w//8+1)+(w%8)-8,b,,,192,0xda922e211a3bb0c0
20,com_and_word,37,8,1,37,1,level_override_allowed,b*(w//8)+(w%8) if w%8<=3 else b*(w//8+1)+(w%8)-8,b,,,192,0xda922e211a3bb0c0
20,com_and_word,38,8,1,38,1,level_override_allowed,b*(w//8)+(w%8) if w%8<=3 else b*(w//8+1)+(w%8)-8,b,,,192,0xda922e211a3bb0c0
20,com_and_word,39,8,1,39,1,level_override_allowed,b*(w//8)+(w%8) if w%8<=3 else b*(w//8+1)+(w%8)-8,b,,,192,0xda922e211a3bb0c0
20,com_and_word,40,8,1,40,1,level_override_allowed,b*(w//8)+(w%8) if w%8<=3 else b*(w//8+1)+(w%8)-8,b,,,192,0xda922e211a3bb0c0
20,com_and_word,41,8,1,41,1,level_override_allowed,b*(w//8)+(w%8) if w%8<=3 else b*(w//8+1)+(w%8)-8,b,,,192,0xda922e211a3bb0c0
20,com_and_word,42,8,1,42,1,level_override_allowed,b*(w//8)+(w%8) if w%8<=3 else b*(w//8+1)+(w%8)-8,b,,,192,0xda922e211a3bb0c0
20,com_and_word,43,8,1,43,1,level_override_allowed,b*(w//8)+(w%8) if w%8<=3 else b*(w//8+1)+(w%8)-8,b,,,192,0xda922e211a3bb0c0
20,com_and_word,44,8,1,44,1,level_override_allowed,b*(w//8)+(w%8) if w%8<=3 else b*(w//8+1)+(w%8)-8,b,,,192,0xda922e211a3bb0c0
20,com_and_word,45,8,1,45,1,level_override_allowed,b*(w//8)+(w%8) if w%8<=3 else b*(w//8+1)+(w%8)-8,b,,,192,0xda922e211a3bb0c0
20,com_and_word,46,8,1,46,1,level_override_allowed,b*(w//8)+(w%8) if w%8<=3 else b*(w//8+1)+(w%8)-8,b,,,192,0xda922e211a3bb0c0
20,com_and_word,47,8,1,47,1,level_override_allowed,b*(w//8)+(w%8) if w%8<=3 else b*(w//8+1)+(w%8)-8,b,,,192,0xda922e211a3bb0c0
20,com_and_word,48,8,1,48,1,level_override_allowed,b*(w//8)+(w%8) if w%8<=3 else b*(w//8+1)+(w%8)-8,b,,,192,0xda922e211a3bb0c0
20,com_and_word,49,8,1,49,1,level_override_allowed,b*(w//8)+(w%8) if w%8<=3 else b*(w//8+1)+(w%8)-8,b,,,192,0xda922e211a3bb0c0
20,com_and_word,50,8,1,50,1,level_override_allowed,b*(w//8)+(w%8) if w%8<=3 else b*(w//8+1)+(w%8)-8,b,,,192,0xda922e211a3bb0c0
20,com_and_word,51,8,1,51,1,level_override_allowed,b*(w//8)+(w%8) if w%8<=3 else b*(w//8+1)+(w%8)-8,b,,,192,0xda922e211a3bb0c0
20,com_and_word,52,8,1,52,1,level_override_allowed,b*(w//8)+(w%8) if w%8<=3 else b*(w//8+1)+(w%8)-8,b,,,192,0xda922e211a3bb0c0
20,com_and_word,53,8,1,53,1,level_override_allowed,b*(w//8)+(w%8) if w%8<=3 else b*(w//8+1)+(w%8)-8,b,,,192,0xda922e211a3bb0c0
20,com_and_word,54,8,1,54,1,level_override_allowed,b*(w//8)+(w%8) if w%8<=3 else b*(w//8+1)+(w%8)-8,b,,,192,0xda922e211a3bb0c0
20,com_and_word,55,8,1,55,1,level_override_allowed,b*(w//8)+(w%8) if w%8<=3 else b*(w//8+1)+(w%8)-8,b,,,192,0xda922e211a3bb0c0
20,com_and_word,56,8,1,56,1,level_override_allowed,b*(w//8)+(w%8) if w%8<=3 else b*(w//8+1)+(w%8)-8,b,,,192,0xda922e211a3bb0c0
20,com_and_word,57,8,1,57,1,level_override_allowed,b*(w//8)+(w%8) if w%8<=3 else b*(w//8+1)+(w%8)-8,b,,,192,0xda922e211a3bb0c0
20,com_and_word,58,8,1,58,1,level_override_allowed,b*(w//8)+(w%8) if w%8<=3 else b*(w//8+1)+(w%8)-8,b,,,192,0xda922e211a3bb0c0
20,com_and_word,59,8,1,59,1,level_override_allowed,b*(w//8)+(w%8) if w%8<=3 else b*(w//8+1)+(w%8)-8,b,,,192,0xda922e211a3bb0c0
20,com_and_word,60,8,1,60,1,level_override_allowed,b*(w//8)+(w%8) if w%8<=3 else b*(w//8+1)+(w%8)-8,b,,,192,0xda922e211a3bb0c0
20,com_and_word,61,8,1,61,1,level_override_allowed,b*(w//8)+(w%8) if w%8<=3 else b*(w//8+1)+(w%8)-8,b,,,192,0xda922e211a3bb0c0
20,com_and_word,62,8,1,62,1,level_override_allowed,b*(w//8)+(w%8) if w%8<=3 else b*(w//8+1)+(w%8)-8,b,,,192,0xda922e211a3bb0c0
20,com_and_word,63,8,1,63,1,level_override_allowed,b*(w//8)+(w%8) if w%8<=3 else b*(w//8+1)+(w%8)-8,b,,,192,0xda922e211a3bb0c0
20,com_and_word,64,8,1,64,1,level_override_allowed,b*(w//8)+(w%8) if w%8<=3 else b*(w//8+1)+(w%8)-8,b,,,192,0xda922e211a3bb0c0
21,com_nand_word,1,8,1,1,1,level_override_allowed,b*(w//8)+(w%8) if w%8<=3 else b*(w//8+1)+(w%8)-8,b,,,115,0xc481a3e471671173
21,com_nand_word,2,8,1,2,1,level_override_allowed,b*(w//8)+(w%8) if w%8<=3 else b*(w//8+1)+(w%8)-8,b,,,115,0xc481a3e471671173
21,com_nand_word,3,8,1,3,1,level_override_allowed,b*(w//8)+(w%8) if w%8<=3 else b*(w//8+1)+(w%8)-8,b,,,115,0xc481a3e471671173
21,com_nand_word,4,8,1,4,1,level_override_allowed,b*(w//8)+(w%8) if w%8<=3 else b*(w//8+1)+(w%8)-8,b,,,115,0xc481a3e471671173
21,com_nand_word,5,8,1,5,1,level_override_allowed,b*(w//8)+(w%8) if w%8<=3 else b*(w//8+1)+(w%8)-8,b,,,115,0xc481a3e471671173
21,com_nand_word,6,8,1,6,1,level_override_allowed,b*(w//8)+(w%8) if w%8<=3 else b*(w//8+1)+(w%8)-8,b,,,115,0xc481a3e471671173
21,com_nand_word,7,8,1,7,1,level_override_allowed,b*(w//8)+(w%8) if w%8<=3 else b*(w//8+1)+(w%8)-8,b,,,115,0xc481a3e471671173
21,com_nand_word,8,8,1,8,1,level_override_allowed,b*(w//8)+(w%8) if w%8<=3 else b*(w//8+1)+(w%8)-8,b,,,115,0xc481a3e471671173
21,com_nand_word,9,8,1,9,1,level_override_allowed,b*(w//8)+(w%8) if w%8<=3 else b*(w//8+1)+(w%8)-8,b,,,115,0xc481a3e471671173
21,com_nand_word,10,8,1,10,1,level_override_allowed,b*(w//8)+(w%8) if w%8<=3 else b*(w//8+1)+(w%8)-8,b,,,115,0xc481a3e471671173
21,com_nand_word,11,8,1,11,1,level_override_allowed,b*(w//8)+(w%8) if w%8<=3 else b*(w//8+1)+(w%8)-8,b,,,115,0xc481a3e471671173
21,com_nand_word,12,8,1,12,1,level_override_allowed,b*(w//8)+(w%8) if w%8<=3 else b*(w//8+1)+(w%8)-8,b,,,115,0xc481a3e471671173
21,com_nand_word,13,8,1,13,1,level_override_allowed,b*(w//8)+(w%8) if w%8<=3 else b*(w//8+1)+(w%8)-8,b,,,115,0xc481a3e471671173
21,com_nand_word,14,8,1,14,1,level_override_allowed,b*(w//8)+(w%8) if w%8<=3 else b*(w//8+1)+(w%8)-8,b,,,115,0xc481a3e471671173
21,com_nand_word,15,8,1,15,1,level_override_allowed,b*(w//8)+(w%8) if w%8<=3 else b*(w//8+1)+(w%8)-8,b,,,115,0xc481a3e471671173
21,com_nand_word,16,8,1,16,1,level_override_allowed,b*(w//8)+(w%8) if w%8<=3 else b*(w//8+1)+(w%8)-8,b,,,115,0xc481a3e471671173
21,com_nand_word,17,8,1,17,1,level_override_allowed,b*(w//8)+(w%8) if w%8<=3 else b*(w//8+1)+(w%8)-8,b,,,115,0xc481a3e471671173
21,com_nand_word,18,8,1,18,1,level_override_allowed,b*(w//8)+(w%8) if w%8<=3 else b*(w//8+1)+(w%8)-8,b,,,115,0xc481a3e471671173
21,com_nand_word,19,8,1,19,1,level_override_allowed,b*(w//8)+(w%8) if w%8<=3 else b*(w//8+1)+(w%8)-8,b,,,115,0xc481a3e471671173
21,com_nand_word,20,8,1,20,1,level_override_allowed,b*(w//8)+(w%8) if w%8<=3 else b*(w//8+1)+(w%8)-8,b,,,115,0xc481a3e471671173
21,com_nand_word,21,8,1,21,1,level_override_allowed,b*(w//8)+(w%8) if w%8<=3 else b*(w//8+1)+(w%8)-8,b,,,115,0xc481a3e471671173
21,com_nand_word,22,8,1,22,1,level_override_allowed,b*(w//8)+(w%8) if w%8<=3 else b*(w//8+1)+(w%8)-8,b,,,115,0xc481a3e471671173
21,com_nand_word,23,8,1,23,1,level_override_allowed,b*(w//8)+(w%8) if w%8<=3 else b*(w//8+1)+(w%8)-8,b,,,115,0xc481a3e471671173
21,com_nand_word,24,8,1,24,1,level_override_allowed,b*(w//8)+(w%8) if w%8<=3 else b*(w//8+1)+(w%8)-8,b,,,115,0xc481a3e471671173
21,com_nand_word,25,8,1,25,1,level_override_allowed,b*(w//8)+(w%8) if w%8<=3 else b*(w//8+1)+(w%8)-8,b,,,115,0xc481a3e471671173
21,com_nand_word,26,8,1,26,1,level_override_allowed,b*(w//8)+(w%8) if w%8<=3 else b*(w//8+1)+(w%8)-8,b,,,115,0xc481a3e471671173
21,com_nand_word,27,8,1,27,1,level_override_allowed,b*(w//8)+(w%8) if w%8<=3 else b*(w//8+1)+(w%8)-8,b,,,115,0xc481a3e471671173
21,com_nand_word,28,8,1,28,1,level_override_allowed,b*(w//8)+(w%8) if w%8<=3 else b*(w//8+1)+(w%8)-8,b,,,115,0xc481a3e471671173
21,com_nand_word,29,8,1,29,1,level_override_allowed,b*(w//8)+(w%8) if w%8<=3 else b*(w//8+1)+(w%8)-8,b,,,115,0xc481a3e471671173
21,com_nand_word,30,8,1,30,1,level_override_allowed,b*(w//8)+(w%8) if w%8<=3 else b*(w//8+1)+(w%8)-8,b,,,115,0xc481a3e471671173
21,com_nand_word,31,8,1,31,1,level_override_allowed,b*(w//8)+(w%8) if w%8<=3 else b*(w//8+1)+(w%8)-8,b,,,115,0xc481a3e471671173
21,com_nand_word,32,8,1,32,1,level_override_allowed,b*(w//8)+(w%8) if w%8<=3 else b*(w//8+1)+(w%8)-8,b,,,115,0xc481a3e471671173
21,com_nand_word,33,8,1,33,1,level_override_allowed,b*(w//8)+(w%8) if w%8<=3 else b*(w//8+1)+(w%8)-8,b,,,115,0xc481a3e471671173
21,com_nand_word,34,8,1,34,1,level_override_allowed,b*(w//8)+(w%8) if w%8<=3 else b*(w//8+1)+(w%8)-8,b,,,115,0xc481a3e471671173
21,com_nand_word,35,8,1,35,1,level_override_allowed,b*(w//8)+(w%8) if w%8<=3 else b*(w//8+1)+(w%8)-8,b,,,115,0xc481a3e471671173
21,com_nand_word,36,8,1,36,1,level_override_allowed,b*(w//8)+(w%8) if w%8<=3 else b*(w//8+1)+(w%8)-8,b,,,115,0xc481a3e471671173
21,com_nand_word,37,8,1,37,1,level_override_allowed,b*(w//8)+(w%8) if w%8<=3 else b*(w//8+1)+(w%8)-8,b,,,115,0xc481a3e471671173
21,com_nand_word,38,8,1,38,1,level_override_allowed,b*(w//8)+(w%8) if w%8<=3 else b*(w//8+1)+(w%8)-8,b,,,115,0xc481a3e471671173
21,com_nand_word,39,8,1,39,1,level_override_allowed,b*(w//8)+(w%8) if w%8<=3 else b*(w//8+1)+(w%8)-8,b,,,115,0xc481a3e471671173
21,com_nand_word,40,8,1,40,1,level_override_allowed,b*(w//8)+(w%8) if w%8<=3 else b*(w//8+1)+(w%8)-8,b,,,115,0xc481a3e471671173
21,com_nand_word,41,8,1,41,1,level_override_allowed,b*(w//8)+(w%8) if w%8<=3 else b*(w//8+1)+(w%8)-8,b,,,115,0xc481a3e471671173
21,com_nand_word,42,8,1,42,1,level_override_allowed,b*(w//8)+(w%8) if w%8<=3 else b*(w//8+1)+(w%8)-8,b,,,115,0xc481a3e471671173
21,com_nand_word,43,8,1,43,1,level_override_allowed,b*(w//8)+(w%8) if w%8<=3 else b*(w//8+1)+(w%8)-8,b,,,115,0xc481a3e471671173
21,com_nand_word,44,8,1,44,1,level_override_allowed,b*(w//8)+(w%8) if w%8<=3 else b*(w//8+1)+(w%8)-8,b,,,115,0xc481a3e471671173
21,com_nand_word,45,8,1,45,1,level_override_allowed,b*(w//8)+(w%8) if w%8<=3 else b*(w//8+1)+(w%8)-8,b,,,115,0xc481a3e471671173
21,com_nand_word,46,8,1,46,1,level_override_allowed,b*(w//8)+(w%8) if w%8<=3 else b*(w//8+1)+(w%8)-8,b,,,115,0xc481a3e471671173
21,com_nand_word,47,8,1,47,1,level_override_allowed,b*(w//8)+(w%8) if w%8<=3 else b*(w//8+1)+(w%8)-8,b,,,115,0xc481a3e471671173
21,com_nand_word,48,8,1,48,1,level_override_allowed,b*(w//8)+(w%8) if w%8<=3 else b*(w//8+1)+(w%8)-8,b,,,115,0xc481a3e471671173
21,com_nand_word,49,8,1,49,1,level_override_allowed,b*(w//8)+(w%8) if w%8<=3 else b*(w//8+1)+(w%8)-8,b,,,115,0xc481a3e471671173
21,com_nand_word,50,8,1,50,1,level_override_allowed,b*(w//8)+(w%8) if w%8<=3 else b*(w//8+1)+(w%8)-8,b,,,115,0xc481a3e471671173
21,com_nand_word,51,8,1,51,1,level_override_allowed,b*(w//8)+(w%8) if w%8<=3 else b*(w//8+1)+(w%8)-8,b,,,115,0xc481a3e471671173
21,com_nand_word,52,8,1,52,1,level_override_allowed,b*(w//8)+(w%8) if w%8<=3 else b*(w//8+1)+(w%8)-8,b,,,115,0xc481a3e471671173
21,com_nand_word,53,8,1,53,1,level_override_allowed,b*(w//8)+(w%8) if w%8<=3 else b*(w//8+1)+(w%8)-8,b,,,115,0xc481a3e471671173
21,com_nand_word,54,8,1,54,1,level_override_allowed,b*(w//8)+(w%8) if w%8<=3 else b*(w//8+1)+(w%8)-8,b,,,115,0xc481a3e471671173
21,com_nand_word,55,8,1,55,1,level_override_allowed,b*(w//8)+(w%8) if w%8<=3 else b*(w//8+1)+(w%8)-8,b,,,115,0xc481a3e471671173
21,com_nand_word,56,8,1,56,1,level_override_allowed,b*(w//8)+(w%8) if w%8<=3 else b*(w//8+1)+(w%8)-8,b,,,115,0xc481a3e471671173
21,com_nand_word,57,8,1,57,1,level_override_allowed,b*(w//8)+(w%8) if w%8<=3 else b*(w//8+1)+(w%8)-8,b,,,115,0xc481a3e471671173
21,com_nand_word,58,8,1,58,1,level_override_allowed,b*(w//8)+(w%8) if w%8<=3 else b*(w//8+1)+(w%8)-8,b,,,115,0xc481a3e471671173
21,com_nand_word,59,8,1,59,1,level_override_allowed,b*(w//8)+(w%8) if w%8<=3 else b*(w//8+1)+(w%8)-8,b,,,115,0xc481a3e471671173
21,com_nand_word,60,8,1,60,1,level_override_allowed,b*(w//8)+(w%8) if w%8<=3 else b*(w//8+1)+(w%8)-8,b,,,115,0xc481a3e471671173
21,com_nand_word,61,8,1,61,1,level_override_allowed,b*(w//8)+(w%8) if w%8<=3 else b*(w//8+1)+(w%8)-8,b,,,115,0xc481a3e471671173
21,com_nand_word,62,8,1,62,1,level_override_allowed,b*(w//8)+(w%8) if w%8<=3 else b*(w//8+1)+(w%8)-8,b,,,115,0xc481a3e471671173
21,com_nand_word,63,8,1,63,1,level_override_allowed,b*(w//8)+(w%8) if w%8<=3 else b*(w//8+1)+(w%8)-8,b,,,115,0xc481a3e471671173
21,com_nand_word,64,8,1,64,1,level_override_allowed,b*(w//8)+(w%8) if w%8<=3 else b*(w//8+1)+(w%8)-8,b,,,115,0xc481a3e471671173
22,com_nor_word,1,8,1,1,1,level_override_allowed,b*(w//8)+(w%8) if w%8<=3 else b*(w//8+1)+(w%8)-8,b,,,150,0x6a237bd007dce996
22,com_nor_word,2,8,1,2,1,level_override_allowed,b*(w//8)+(w%8) if w%8<=3 else b*(w//8+1)+(w%8)-8,b,,,150,0x6a237bd007dce996
22,com_nor_word,3,8,1,3,1,level_override_allowed,b*(w//8)+(w%8) if w%8<=3 else b*(w//8+1)+(w%8)-8,b,,,150,0x6a237bd007dce996
22,com_nor_word,4,8,1,4,1,level_override_allowed,b*(w//8)+(w%8) if w%8<=3 else b*(w//8+1)+(w%8)-8,b,,,150,0x6a237bd007dce996
22,com_nor_word,5,8,1,5,1,level_override_allowed,b*(w//8)+(w%8) if w%8<=3 else b*(w//8+1)+(w%8)-8,b,,,150,0x6a237bd007dce996
22,com_nor_word,6,8,1,6,1,level_override_allowed,b*(w//8)+(w%8) if w%8<=3 else b*(w//8+1)+(w%8)-8,b,,,150,0x6a237bd007dce996
22,com_nor_word,7,8,1,7,1,level_override_allowed,b*(w//8)+(w%8) if w%8<=3 else b*(w//8+1)+(w%8)-8,b,,,150,0x6a237bd007dce996
22,com_nor_word,8,8,1,8,1,level_override_allowed,b*(w//8)+(w%8) if w%8<=3 else b*(w//8+1)+(w%8)-8,b,,,150,0x6a237bd007dce996
22,com_nor_word,9,8,1,9,1,level_override_allowed,b*(w//8)+(w%8) if w%8<=3 else b*(w//8+1)+(w%8)-8,b,,,150,0x6a237bd007dce996
22,com_nor_word,10,8,1,10,1,level_override_allowed,b*(w//8)+(w%8) if w%8<=3 else b*(w//8+1)+(w%8)-8,b,,,150,0x6a237bd007dce996
22,com_nor_word,11,8,1,11,1,level_override_allowed,b*(w//8)+(w%8) if w%8<=3 else b*(w//8+1)+(w%8)-8,b,,,150,0x6a237bd007dce996
22,com_nor_word,12,8,1,12,1,level_override_allowed,b*(w//8)+(w%8) if w%8<=3 else b*(w//8+1)+(w%8)-8,b,,,150,0x6a237bd007dce996
22,com_nor_word,13,8,1,13,1,level_override_allowed,b*(w//8)+(w%8) if w%8<=3 else b*(w//8+1)+(w%8)-8,b,,,150,0x6a237bd007dce996
22,com_nor_word,14,8,1,14,1,level_override_allowed,b*(w//8)+(w%8) if w%8<=3 else b*(w//8+1)+(w%8)-8,b,,,150,0x6a237bd007dce996
22,com_nor_word,15,8,1,15,1,level_override_allowed,b*(w//8)+(w%8) if w%8<=3 else b*(w//8+1)+(w%8)-8,b,,,150,0x6a237bd007dce996
22,com_nor_word,16,8,1,16,1,level_override_allowed,b*(w//8)+(w%8) if w%8<=3 else b*(w//8+1)+(w%8)-8,b,,,150,0x6a237bd007dce996
22,com_nor_word,17,8,1,17,1,level_override_allowed,b*(w//8)+(w%8) if w%8<=3 else b*(w//8+1)+(w%8)-8,b,,,150,0x6a237bd007dce996
22,com_nor_word,18,8,1,18,1,level_override_allowed,b*(w//8)+(w%8) if w%8<=3 else b*(w//8+1)+(w%8)-8,b,,,150,0x6a237bd007dce996
22,com_nor_word,19,8,1,19,1,level_override_allowed,b*(w//8)+(w%8) if w%8<=3 else b*(w//8+1)+(w%8)-8,b,,,150,0x6a237bd007dce996
22,com_nor_word,20,8,1,20,1,level_override_allowed,b*(w//8)+(w%8) if w%8<=3 else b*(w//8+1)+(w%8)-8,b,,,150,0x6a237bd007dce996
22,com_nor_word,21,8,1,21,1,level_override_allowed,b*(w//8)+(w%8) if w%8<=3 else b*(w//8+1)+(w%8)-8,b,,,150,0x6a237bd007dce996
22,com_nor_word,22,8,1,22,1,level_override_allowed,b*(w//8)+(w%8) if w%8<=3 else b*(w//8+1)+(w%8)-8,b,,,150,0x6a237bd007dce996
22,com_nor_word,23,8,1,23,1,level_override_allowed,b*(w//8)+(w%8) if w%8<=3 else b*(w//8+1)+(w%8)-8,b,,,150,0x6a237bd007dce996
22,com_nor_word,24,8,1,24,1,level_override_allowed,b*(w//8)+(w%8) if w%8<=3 else b*(w//8+1)+(w%8)-8,b,,,150,0x6a237bd007dce996
22,com_nor_word,25,8,1,25,1,level_override_allowed,b*(w//8)+(w%8) if w%8<=3 else b*(w//8+1)+(w%8)-8,b,,,150,0x6a237bd007dce996
22,com_nor_word,26,8,1,26,1,level_override_allowed,b*(w//8)+(w%8) if w%8<=3 else b*(w//8+1)+(w%8)-8,b,,,150,0x6a237bd007dce996
22,com_nor_word,27,8,1,27,1,level_override_allowed,b*(w//8)+(w%8) if w%8<=3 else b*(w//8+1)+(w%8)-8,b,,,150,0x6a237bd007dce996
22,com_nor_word,28,8,1,28,1,level_override_allowed,b*(w//8)+(w%8) if w%8<=3 else b*(w//8+1)+(w%8)-8,b,,,150,0x6a237bd007dce996
22,com_nor_word,29,8,1,29,1,level_override_allowed,b*(w//8)+(w%8) if w%8<=3 else b*(w//8+1)+(w%8)-8,b,,,150,0x6a237bd007dce996
22,com_nor_word,30,8,1,30,1,level_override_allowed,b*(w//8)+(w%8) if w%8<=3 else b*(w//8+1)+(w%8)-8,b,,,150,0x6a237bd007dce996
22,com_nor_word,31,8,1,31,1,level_override_allowed,b*(w//8)+(w%8) if w%8<=3 else b*(w//8+1)+(w%8)-8,b,,,150,0x6a237bd007dce996
22,com_nor_word,32,8,1,32,1,level_override_allowed,b*(w//8)+(w%8) if w%8<=3 else b*(w//8+1)+(w%8)-8,b,,,150,0x6a237bd007dce996
22,com_nor_word,33,8,1,33,1,level_override_allowed,b*(w//8)+(w%8) if w%8<=3 else b*(w//8+1)+(w%8)-8,b,,,150,0x6a237bd007dce996
22,com_nor_word,34,8,1,34,1,level_override_allowed,b*(w//8)+(w%8) if w%8<=3 else b*(w//8+1)+(w%8)-8,b,,,150,0x6a237bd007dce996
22,com_nor_word,35,8,1,35,1,level_override_allowed,b*(w//8)+(w%8) if w%8<=3 else b*(w//8+1)+(w%8)-8,b,,,150,0x6a237bd007dce996
22,com_nor_word,36,8,1,36,1,level_override_allowed,b*(w//8)+(w%8) if w%8<=3 else b*(w//8+1)+(w%8)-8,b,,,150,0x6a237bd007dce996
22,com_nor_word,37,8,1,37,1,level_override_allowed,b*(w//8)+(w%8) if w%8<=3 else b*(w//8+1)+(w%8)-8,b,,,150,0x6a237bd007dce996
22,com_nor_word,38,8,1,38,1,level_override_allowed,b*(w//8)+(w%8) if w%8<=3 else b*(w//8+1)+(w%8)-8,b,,,150,0x6a237bd007dce996
22,com_nor_word,39,8,1,39,1,level_override_allowed,b*(w//8)+(w%8) if w%8<=3 else b*(w//8+1)+(w%8)-8,b,,,150,0x6a237bd007dce996
22,com_nor_word,40,8,1,40,1,level_override_allowed,b*(w//8)+(w%8) if w%8<=3 else b*(w//8+1)+(w%8)-8,b,,,150,0x6a237bd007dce996
22,com_nor_word,41,8,1,41,1,level_override_allowed,b*(w//8)+(w%8) if w%8<=3 else b*(w//8+1)+(w%8)-8,b,,,150,0x6a237bd007dce996
22,com_nor_word,42,8,1,42,1,level_override_allowed,b*(w//8)+(w%8) if w%8<=3 else b*(w//8+1)+(w%8)-8,b,,,150,0x6a237bd007dce996
22,com_nor_word,43,8,1,43,1,level_override_allowed,b*(w//8)+(w%8) if w%8<=3 else b*(w//8+1)+(w%8)-8,b,,,150,0x6a237bd007dce996
22,com_nor_word,44,8,1,44,1,level_override_allowed,b*(w//8)+(w%8) if w%8<=3 else b*(w//8+1)+(w%8)-8,b,,,150,0x6a237bd007dce996
22,com_nor_word,45,8,1,45,1,level_override_allowed,b*(w//8)+(w%8) if w%8<=3 else b*(w//8+1)+(w%8)-8,b,,,150,0x6a237bd007dce996
22,com_nor_word,46,8,1,46,1,level_override_allowed,b*(w//8)+(w%8) if w%8<=3 else b*(w//8+1)+(w%8)-8,b,,,150,0x6a237bd007dce996
22,com_nor_word,47,8,1,47,1,level_override_allowed,b*(w//8)+(w%8) if w%8<=3 else b*(w//8+1)+(w%8)-8,b,,,150,0x6a237bd007dce996
22,com_nor_word,48,8,1,48,1,level_override_allowed,b*(w//8)+(w%8) if w%8<=3 else b*(w//8+1)+(w%8)-8,b,,,150,0x6a237bd007dce996
22,com_nor_word,49,8,1,49,1,level_override_allowed,b*(w//8)+(w%8) if w%8<=3 else b*(w//8+1)+(w%8)-8,b,,,150,0x6a237bd007dce996
22,com_nor_word,50,8,1,50,1,level_override_allowed,b*(w//8)+(w%8) if w%8<=3 else b*(w//8+1)+(w%8)-8,b,,,150,0x6a237bd007dce996
22,com_nor_word,51,8,1,51,1,level_override_allowed,b*(w//8)+(w%8) if w%8<=3 else b*(w//8+1)+(w%8)-8,b,,,150,0x6a237bd007dce996
22,com_nor_word,52,8,1,52,1,level_override_allowed,b*(w//8)+(w%8) if w%8<=3 else b*(w//8+1)+(w%8)-8,b,,,150,0x6a237bd007dce996
22,com_nor_word,53,8,1,53,1,level_override_allowed,b*(w//8)+(w%8) if w%8<=3 else b*(w//8+1)+(w%8)-8,b,,,150,0x6a237bd007dce996
22,com_nor_word,54,8,1,54,1,level_override_allowed,b*(w//8)+(w%8) if w%8<=3 else b*(w//8+1)+(w%8)-8,b,,,150,0x6a237bd007dce996
22,com_nor_word,55,8,1,55,1,level_override_allowed,b*(w//8)+(w%8) if w%8<=3 else b*(w//8+1)+(w%8)-8,b,,,150,0x6a237bd007dce996
22,com_nor_word,56,8,1,56,1,level_override_allowed,b*(w//8)+(w%8) if w%8<=3 else b*(w//8+1)+(w%8)-8,b,,,150,0x6a237bd007dce996
22,com_nor_word,57,8,1,57,1,level_override_allowed,b*(w//8)+(w%8) if w%8<=3 else b*(w//8+1)+(w%8)-8,b,,,150,0x6a237bd007dce996
22,com_nor_word,58,8,1,58,1,level_override_allowed,b*(w//8)+(w%8) if w%8<=3 else b*(w//8+1)+(w%8)-8,b,,,150,0x6a237bd007dce996
22,com_nor_word,59,8,1,59,1,level_override_allowed,b*(w//8)+(w%8) if w%8<=3 else b*(w//8+1)+(w%8)-8,b,,,150,0x6a237bd007dce996
22,com_nor_word,60,8,1,60,1,level_override_allowed,b*(w//8)+(w%8) if w%8<=3 else b*(w//8+1)+(w%8)-8,b,,,150,0x6a237bd007dce996
22,com_nor_word,61,8,1,61,1,level_override_allowed,b*(w//8)+(w%8) if w%8<=3 else b*(w//8+1)+(w%8)-8,b,,,150,0x6a237bd007dce996
22,com_nor_word,62,8,1,62,1,level_override_allowed,b*(w//8)+(w%8) if w%8<=3 else b*(w//8+1)+(w%8)-8,b,,,150,0x6a237bd007dce996
22,com_nor_word,63,8,1,63,1,level_override_allowed,b*(w//8)+(w%8) if w%8<=3 else b*(w//8+1)+(w%8)-8,b,,,150,0x6a237bd007dce996
22,com_nor_word,64,8,1,64,1,level_override_allowed,b*(w//8)+(w%8) if w%8<=3 else b*(w//8+1)+(w%8)-8,b,,,150,0x6a237bd007dce996
23,com_xor_word,1,32,3,1,3,level_override_allowed,b*(w//8)+(w%8) if w%8<=3 else b*(w//8+1)+(w%8)-8,b,,,113,0xb49bec192b1d3a71
23,com_xor_word,2,32,3,2,3,level_override_allowed,b*(w//8)+(w%8) if w%8<=3 else b*(w//8+1)+(w%8)-8,b,,,113,0xb49bec192b1d3a71
23,com_xor_word,3,32,3,3,3,level_override_allowed,b*(w//8)+(w%8) if w%8<=3 else b*(w//8+1)+(w%8)-8,b,,,113,0xb49bec192b1d3a71
23,com_xor_word,4,32,3,28,3,level_override_allowed,b*(w//8)+(w%8) if w%8<=3 else b*(w//8+1)+(w%8)-8,b,,,113,0xb49bec192b1d3a71
23,com_xor_word,5,32,3,29,3,level_override_allowed,b*(w//8)+(w%8) if w%8<=3 else b*(w//8+1)+(w%8)-8,b,,,113,0xb49bec192b1d3a71
23,com_xor_word,6,32,3,30,3,level_override_allowed,b*(w//8)+(w%8) if w%8<=3 else b*(w//8+1)+(w%8)-8,b,,,113,0xb49bec192b1d3a71
23,com_xor_word,7,32,3,31,3,level_override_allowed,b*(w//8)+(w%8) if w%8<=3 else b*(w//8+1)+(w%8)-8,b,,,113,0xb49bec192b1d3a71
23,com_xor_word,8,32,3,32,3,level_override_allowed,b*(w//8)+(w%8) if w%8<=3 else b*(w//8+1)+(w%8)-8,b,,,113,0xb49bec192b1d3a71
23,com_xor_word,9,32,3,33,3,level_override_allowed,b*(w//8)+(w%8) if w%8<=3 else b*(w//8+1)+(w%8)-8,b,,,113,0xb49bec192b1d3a71
23,com_xor_word,10,32,3,34,3,level_override_allowed,b*(w//8)+(w%8) if w%8<=3 else b*(w//8+1)+(w%8)-8,b,,,113,0xb49bec192b1d3a71
23,com_xor_word,11,32,3,35,3,level_override_allowed,b*(w//8)+(w%8) if w%8<=3 else b*(w//8+1)+(w%8)-8,b,,,113,0xb49bec192b1d3a71
23,com_xor_word,12,32,3,60,3,level_override_allowed,b*(w//8)+(w%8) if w%8<=3 else b*(w//8+1)+(w%8)-8,b,,,113,0xb49bec192b1d3a71
23,com_xor_word,13,32,3,61,3,level_override_allowed,b*(w//8)+(w%8) if w%8<=3 else b*(w//8+1)+(w%8)-8,b,,,113,0xb49bec192b1d3a71
23,com_xor_word,14,32,3,62,3,level_override_allowed,b*(w//8)+(w%8) if w%8<=3 else b*(w//8+1)+(w%8)-8,b,,,113,0xb49bec192b1d3a71
23,com_xor_word,15,32,3,63,3,level_override_allowed,b*(w//8)+(w%8) if w%8<=3 else b*(w//8+1)+(w%8)-8,b,,,113,0xb49bec192b1d3a71
23,com_xor_word,16,32,3,64,3,level_override_allowed,b*(w//8)+(w%8) if w%8<=3 else b*(w//8+1)+(w%8)-8,b,,,113,0xb49bec192b1d3a71
23,com_xor_word,17,32,3,65,3,level_override_allowed,b*(w//8)+(w%8) if w%8<=3 else b*(w//8+1)+(w%8)-8,b,,,113,0xb49bec192b1d3a71
23,com_xor_word,18,32,3,66,3,level_override_allowed,b*(w//8)+(w%8) if w%8<=3 else b*(w//8+1)+(w%8)-8,b,,,113,0xb49bec192b1d3a71
23,com_xor_word,19,32,3,67,3,level_override_allowed,b*(w//8)+(w%8) if w%8<=3 else b*(w//8+1)+(w%8)-8,b,,,113,0xb49bec192b1d3a71
23,com_xor_word,20,32,3,92,3,level_override_allowed,b*(w//8)+(w%8) if w%8<=3 else b*(w//8+1)+(w%8)-8,b,,,113,0xb49bec192b1d3a71
23,com_xor_word,21,32,3,93,3,level_override_allowed,b*(w//8)+(w%8) if w%8<=3 else b*(w//8+1)+(w%8)-8,b,,,113,0xb49bec192b1d3a71
23,com_xor_word,22,32,3,94,3,level_override_allowed,b*(w//8)+(w%8) if w%8<=3 else b*(w//8+1)+(w%8)-8,b,,,113,0xb49bec192b1d3a71
23,com_xor_word,23,32,3,95,3,level_override_allowed,b*(w//8)+(w%8) if w%8<=3 else b*(w//8+1)+(w%8)-8,b,,,113,0xb49bec192b1d3a71
23,com_xor_word,24,32,3,96,3,level_override_allowed,b*(w//8)+(w%8) if w%8<=3 else b*(w//8+1)+(w%8)-8,b,,,113,0xb49bec192b1d3a71
23,com_xor_word,25,32,3,97,3,level_override_allowed,b*(w//8)+(w%8) if w%8<=3 else b*(w//8+1)+(w%8)-8,b,,,113,0xb49bec192b1d3a71
23,com_xor_word,26,32,3,98,3,level_override_allowed,b*(w//8)+(w%8) if w%8<=3 else b*(w//8+1)+(w%8)-8,b,,,113,0xb49bec192b1d3a71
23,com_xor_word,27,32,3,99,3,level_override_allowed,b*(w//8)+(w%8) if w%8<=3 else b*(w//8+1)+(w%8)-8,b,,,113,0xb49bec192b1d3a71
23,com_xor_word,28,32,3,124,3,level_override_allowed,b*(w//8)+(w%8) if w%8<=3 else b*(w//8+1)+(w%8)-8,b,,,113,0xb49bec192b1d3a71
23,com_xor_word,29,32,3,125,3,level_override_allowed,b*(w//8)+(w%8) if w%8<=3 else b*(w//8+1)+(w%8)-8,b,,,113,0xb49bec192b1d3a71
23,com_xor_word,30,32,3,126,3,level_override_allowed,b*(w//8)+(w%8) if w%8<=3 else b*(w//8+1)+(w%8)-8,b,,,113,0xb49bec192b1d3a71
23,com_xor_word,31,32,3,127,3,level_override_allowed,b*(w//8)+(w%8) if w%8<=3 else b*(w//8+1)+(w%8)-8,b,,,113,0xb49bec192b1d3a71
23,com_xor_word,32,32,3,128,3,level_override_allowed,b*(w//8)+(w%8) if w%8<=3 else b*(w//8+1)+(w%8)-8,b,,,113,0xb49bec192b1d3a71
23,com_xor_word,33,32,3,129,3,level_override_allowed,b*(w//8)+(w%8) if w%8<=3 else b*(w//8+1)+(w%8)-8,b,,,113,0xb49bec192b1d3a71
23,com_xor_word,34,32,3,130,3,level_override_allowed,b*(w//8)+(w%8) if w%8<=3 else b*(w//8+1)+(w%8)-8,b,,,113,0xb49bec192b1d3a71
23,com_xor_word,35,32,3,131,3,level_override_allowed,b*(w//8)+(w%8) if w%8<=3 else b*(w//8+1)+(w%8)-8,b,,,113,0xb49bec192b1d3a71
23,com_xor_word,36,32,3,156,3,level_override_allowed,b*(w//8)+(w%8) if w%8<=3 else b*(w//8+1)+(w%8)-8,b,,,113,0xb49bec192b1d3a71
23,com_xor_word,37,32,3,157,3,level_override_allowed,b*(w//8)+(w%8) if w%8<=3 else b*(w//8+1)+(w%8)-8,b,,,113,0xb49bec192b1d3a71
23,com_xor_word,38,32,3,158,3,level_override_allowed,b*(w//8)+(w%8) if w%8<=3 else b*(w//8+1)+(w%8)-8,b,,,113,0xb49bec192b1d3a71
23,com_xor_word,39,32,3,159,3,level_override_allowed,b*(w//8)+(w%8) if w%8<=3 else b*(w//8+1)+(w%8)-8,b,,,113,0xb49bec192b1d3a71
23,com_xor_word,40,32,3,160,3,level_override_allowed,b*(w//8)+(w%8) if w%8<=3 else b*(w//8+1)+(w%8)-8,b,,,113,0xb49bec192b1d3a71
23,com_xor_word,41,32,3,161,3,level_override_allowed,b*(w//8)+(w%8) if w%8<=3 else b*(w//8+1)+(w%8)-8,b,,,113,0xb49bec192b1d3a71
23,com_xor_word,42,32,3,162,3,level_override_allowed,b*(w//8)+(w%8) if w%8<=3 else b*(w//8+1)+(w%8)-8,b,,,113,0xb49bec192b1d3a71
23,com_xor_word,43,32,3,163,3,level_override_allowed,b*(w//8)+(w%8) if w%8<=3 else b*(w//8+1)+(w%8)-8,b,,,113,0xb49bec192b1d3a71
23,com_xor_word,44,32,3,188,3,level_override_allowed,b*(w//8)+(w%8) if w%8<=3 else b*(w//8+1)+(w%8)-8,b,,,113,0xb49bec192b1d3a71
23,com_xor_word,45,32,3,189,3,level_override_allowed,b*(w//8)+(w%8) if w%8<=3 else b*(w//8+1)+(w%8)-8,b,,,113,0xb49bec192b1d3a71
23,com_xor_word,46,32,3,190,3,level_override_allowed,b*(w//8)+(w%8) if w%8<=3 else b*(w//8+1)+(w%8)-8,b,,,113,0xb49bec192b1d3a71
23,com_xor_word,47,32,3,191,3,level_override_allowed,b*(w//8)+(w%8) if w%8<=3 else b*(w//8+1)+(w%8)-8,b,,,113,0xb49bec192b1d3a71
23,com_xor_word,48,32,3,192,3,level_override_allowed,b*(w//8)+(w%8) if w%8<=3 else b*(w//8+1)+(w%8)-8,b,,,113,0xb49bec192b1d3a71
23,com_xor_word,49,32,3,193,3,level_override_allowed,b*(w//8)+(w%8) if w%8<=3 else b*(w//8+1)+(w%8)-8,b,,,113,0xb49bec192b1d3a71
23,com_xor_word,50,32,3,194,3,level_override_allowed,b*(w//8)+(w%8) if w%8<=3 else b*(w//8+1)+(w%8)-8,b,,,113,0xb49bec192b1d3a71
23,com_xor_word,51,32,3,195,3,level_override_allowed,b*(w//8)+(w%8) if w%8<=3 else b*(w//8+1)+(w%8)-8,b,,,113,0xb49bec192b1d3a71
23,com_xor_word,52,32,3,220,3,level_override_allowed,b*(w//8)+(w%8) if w%8<=3 else b*(w//8+1)+(w%8)-8,b,,,113,0xb49bec192b1d3a71
23,com_xor_word,53,32,3,221,3,level_override_allowed,b*(w//8)+(w%8) if w%8<=3 else b*(w//8+1)+(w%8)-8,b,,,113,0xb49bec192b1d3a71
23,com_xor_word,54,32,3,222,3,level_override_allowed,b*(w//8)+(w%8) if w%8<=3 else b*(w//8+1)+(w%8)-8,b,,,113,0xb49bec192b1d3a71
23,com_xor_word,55,32,3,223,3,level_override_allowed,b*(w//8)+(w%8) if w%8<=3 else b*(w//8+1)+(w%8)-8,b,,,113,0xb49bec192b1d3a71
23,com_xor_word,56,32,3,224,3,level_override_allowed,b*(w//8)+(w%8) if w%8<=3 else b*(w//8+1)+(w%8)-8,b,,,113,0xb49bec192b1d3a71
23,com_xor_word,57,32,3,225,3,level_override_allowed,b*(w//8)+(w%8) if w%8<=3 else b*(w//8+1)+(w%8)-8,b,,,113,0xb49bec192b1d3a71
23,com_xor_word,58,32,3,226,3,level_override_allowed,b*(w//8)+(w%8) if w%8<=3 else b*(w//8+1)+(w%8)-8,b,,,113,0xb49bec192b1d3a71
23,com_xor_word,59,32,3,227,3,level_override_allowed,b*(w//8)+(w%8) if w%8<=3 else b*(w//8+1)+(w%8)-8,b,,,113,0xb49bec192b1d3a71
23,com_xor_word,60,32,3,252,3,level_override_allowed,b*(w//8)+(w%8) if w%8<=3 else b*(w//8+1)+(w%8)-8,b,,,113,0xb49bec192b1d3a71
23,com_xor_word,61,32,3,253,3,level_override_allowed,b*(w//8)+(w%8) if w%8<=3 else b*(w//8+1)+(w%8)-8,b,,,113,0xb49bec192b1d3a71
23,com_xor_word,62,32,3,254,3,level_override_allowed,b*(w//8)+(w%8) if w%8<=3 else b*(w//8+1)+(w%8)-8,b,,,113,0xb49bec192b1d3a71
23,com_xor_word,63,32,3,255,3,level_override_allowed,b*(w//8)+(w%8) if w%8<=3 else b*(w//8+1)+(w%8)-8,b,,,113,0xb49bec192b1d3a71
23,com_xor_word,64,32,3,256,3,level_override_allowed,b*(w//8)+(w%8) if w%8<=3 else b*(w//8+1)+(w%8)-8,b,,,113,0xb49bec192b1d3a71
24,com_xnor_word,1,32,3,1,3,level_override_allowed,b*(w//8)+(w%8) if w%8<=3 else b*(w//8+1)+(w%8)-8,b,,,240,0x2b1878f0027d73f0
24,com_xnor_word,2,32,3,2,3,level_override_allowed,b*(w//8)+(w%8) if w%8<=3 else b*(w//8+1)+(w%8)-8,b,,,240,0x2b1878f0027d73f0
24,com_xnor_word,3,32,3,3,3,level_override_allowed,b*(w//8)+(w%8) if w%8<=3 else b*(w//8+1)+(w%8)-8,b,,,240,0x2b1878f0027d73f0
24,com_xnor_word,4,32,3,28,3,level_override_allowed,b*(w//8)+(w%8) if w%8<=3 else b*(w//8+1)+(w%8)-8,b,,,240,0x2b1878f0027d73f0
24,com_xnor_word,5,32,3,29,3,level_override_allowed,b*(w//8)+(w%8) if w%8<=3 else b*(w//8+1)+(w%8)-8,b,,,240,0x2b1878f0027d73f0
24,com_xnor_word,6,32,3,30,3,level_override_allowed,b*(w//8)+(w%8) if w%8<=3 else b*(w//8+1)+(w%8)-8,b,,,240,0x2b1878f0027d73f0
24,com_xnor_word,7,32,3,31,3,level_override_allowed,b*(w//8)+(w%8) if w%8<=3 else b*(w//8+1)+(w%8)-8,b,,,240,0x2b1878f0027d73f0
24,com_xnor_word,8,32,3,32,3,level_override_allowed,b*(w//8)+(w%8) if w%8<=3 else b*(w//8+1)+(w%8)-8,b,,,240,0x2b1878f0027d73f0
24,com_xnor_word,9,32,3,33,3,level_override_allowed,b*(w//8)+(w%8) if w%8<=3 else b*(w//8+1)+(w%8)-8,b,,,240,0x2b1878f0027d73f0
24,com_xnor_word,10,32,3,34,3,level_override_allowed,b*(w//8)+(w%8) if w%8<=3 else b*(w//8+1)+(w%8)-8,b,,,240,0x2b1878f0027d73f0
24,com_xnor_word,11,32,3,35,3,level_override_allowed,b*(w//8)+(w%8) if w%8<=3 else b*(w//8+1)+(w%8)-8,b,,,240,0x2b1878f0027d73f0
24,com_xnor_word,12,32,3,60,3,level_override_allowed,b*(w//8)+(w%8) if w%8<=3 else b*(w//8+1)+(w%8)-8,b,,,240,0x2b1878f0027d73f0
24,com_xnor_word,13,32,3,61,3,level_override_allowed,b*(w//8)+(w%8) if w%8<=3 else b*(w//8+1)+(w%8)-8,b,,,240,0x2b1878f0027d73f0
24,com_xnor_word,14,32,3,62,3,level_override_allowed,b*(w//8)+(w%8) if w%8<=3 else b*(w//8+1)+(w%8)-8,b,,,240,0x2b1878f0027d73f0
24,com_xnor_word,15,32,3,63,3,level_override_allowed,b*(w//8)+(w%8) if w%8<=3 else b*(w//8+1)+(w%8)-8,b,,,240,0x2b1878f0027d73f0
24,com_xnor_word,16,32,3,64,3,level_override_allowed,b*(w//8)+(w%8) if w%8<=3 else b*(w//8+1)+(w%8)-8,b,,,240,0x2b1878f0027d73f0
24,com_xnor_word,17,32,3,65,3,level_override_allowed,b*(w//8)+(w%8) if w%8<=3 else b*(w//8+1)+(w%8)-8,b,,,240,0x2b1878f0027d73f0
24,com_xnor_word,18,32,3,66,3,level_override_allowed,b*(w//8)+(w%8) if w%8<=3 else b*(w//8+1)+(w%8)-8,b,,,240,0x2b1878f0027d73f0
24,com_xnor_word,19,32,3,67,3,level_override_allowed,b*(w//8)+(w%8) if w%8<=3 else b*(w//8+1)+(w%8)-8,b,,,240,0x2b1878f0027d73f0
24,com_xnor_word,20,32,3,92,3,level_override_allowed,b*(w//8)+(w%8) if w%8<=3 else b*(w//8+1)+(w%8)-8,b,,,240,0x2b1878f0027d73f0
24,com_xnor_word,21,32,3,93,3,level_override_allowed,b*(w//8)+(w%8) if w%8<=3 else b*(w//8+1)+(w%8)-8,b,,,240,0x2b1878f0027d73f0
24,com_xnor_word,22,32,3,94,3,level_override_allowed,b*(w//8)+(w%8) if w%8<=3 else b*(w//8+1)+(w%8)-8,b,,,240,0x2b1878f0027d73f0
24,com_xnor_word,23,32,3,95,3,level_override_allowed,b*(w//8)+(w%8) if w%8<=3 else b*(w//8+1)+(w%8)-8,b,,,240,0x2b1878f0027d73f0
24,com_xnor_word,24,32,3,96,3,level_override_allowed,b*(w//8)+(w%8) if w%8<=3 else b*(w//8+1)+(w%8)-8,b,,,240,0x2b1878f0027d73f0
24,com_xnor_word,25,32,3,97,3,level_override_allowed,b*(w//8)+(w%8) if w%8<=3 else b*(w//8+1)+(w%8)-8,b,,,240,0x2b1878f0027d73f0
24,com_xnor_word,26,32,3,98,3,level_override_allowed,b*(w//8)+(w%8) if w%8<=3 else b*(w//8+1)+(w%8)-8,b,,,240,0x2b1878f0027d73f0
24,com_xnor_word,27,32,3,99,3,level_override_allowed,b*(w//8)+(w%8) if w%8<=3 else b*(w//8+1)+(w%8)-8,b,,,240,0x2b1878f0027d73f0
24,com_xnor_word,28,32,3,124,3,level_override_allowed,b*(w//8)+(w%8) if w%8<=3 else b*(w//8+1)+(w%8)-8,b,,,240,0x2b1878f0027d73f0
24,com_xnor_word,29,32,3,125,3,level_override_allowed,b*(w//8)+(w%8) if w%8<=3 else b*(w//8+1)+(w%8)-8,b,,,240,0x2b1878f0027d73f0
24,com_xnor_word,30,32,3,126,3,level_override_allowed,b*(w//8)+(w%8) if w%8<=3 else b*(w//8+1)+(w%8)-8,b,,,240,0x2b1878f0027d73f0
24,com_xnor_word,31,32,3,127,3,level_override_allowed,b*(w//8)+(w%8) if w%8<=3 else b*(w//8+1)+(w%8)-8,b,,,240,0x2b1878f0027d73f0
24,com_xnor_word,32,32,3,128,3,level_override_allowed,b*(w//8)+(w%8) if w%8<=3 else b*(w//8+1)+(w%8)-8,b,,,240,0x2b1878f0027d73f0
24,com_xnor_word,33,32,3,129,3,level_override_allowed,b*(w//8)+(w%8) if w%8<=3 else b*(w//8+1)+(w%8)-8,b,,,240,0x2b1878f0027d73f0
24,com_xnor_word,34,32,3,130,3,level_override_allowed,b*(w//8)+(w%8) if w%8<=3 else b*(w//8+1)+(w%8)-8,b,,,240,0x2b1878f0027d73f0
24,com_xnor_word,35,32,3,131,3,level_override_allowed,b*(w//8)+(w%8) if w%8<=3 else b*(w//8+1)+(w%8)-8,b,,,240,0x2b1878f0027d73f0
24,com_xnor_word,36,32,3,156,3,level_override_allowed,b*(w//8)+(w%8) if w%8<=3 else b*(w//8+1)+(w%8)-8,b,,,240,0x2b1878f0027d73f0
24,com_xnor_word,37,32,3,157,3,level_override_allowed,b*(w//8)+(w%8) if w%8<=3 else b*(w//8+1)+(w%8)-8,b,,,240,0x2b1878f0027d73f0
24,com_xnor_word,38,32,3,158,3,level_override_allowed,b*(w//8)+(w%8) if w%8<=3 else b*(w//8+1)+(w%8)-8,b,,,240,0x2b1878f0027d73f0
24,com_xnor_word,39,32,3,159,3,level_override_allowed,b*(w//8)+(w%8) if w%8<=3 else b*(w//8+1)+(w%8)-8,b,,,240,0x2b1878f0027d73f0
24,com_xnor_word,40,32,3,160,3,level_override_allowed,b*(w//8)+(w%8) if w%8<=3 else b*(w//8+1)+(w%8)-8,b,,,240,0x2b1878f0027d73f0
24,com_xnor_word,41,32,3,161,3,level_override_allowed,b*(w//8)+(w%8) if w%8<=3 else b*(w//8+1)+(w%8)-8,b,,,240,0x2b1878f0027d73f0
24,com_xnor_word,42,32,3,162,3,level_override_allowed,b*(w//8)+(w%8) if w%8<=3 else b*(w//8+1)+(w%8)-8,b,,,240,0x2b1878f0027d73f0
24,com_xnor_word,43,32,3,163,3,level_override_allowed,b*(w//8)+(w%8) if w%8<=3 else b*(w//8+1)+(w%8)-8,b,,,240,0x2b1878f0027d73f0
24,com_xnor_word,44,32,3,188,3,level_override_allowed,b*(w//8)+(w%8) if w%8<=3 else b*(w//8+1)+(w%8)-8,b,,,240,0x2b1878f0027d73f0
24,com_xnor_word,45,32,3,189,3,level_override_allowed,b*(w//8)+(w%8) if w%8<=3 else b*(w//8+1)+(w%8)-8,b,,,240,0x2b1878f0027d73f0
24,com_xnor_word,46,32,3,190,3,level_override_allowed,b*(w//8)+(w%8) if w%8<=3 else b*(w//8+1)+(w%8)-8,b,,,240,0x2b1878f0027d73f0
24,com_xnor_word,47,32,3,191,3,level_override_allowed,b*(w//8)+(w%8) if w%8<=3 else b*(w//8+1)+(w%8)-8,b,,,240,0x2b1878f0027d73f0
24,com_xnor_word,48,32,3,192,3,level_override_allowed,b*(w//8)+(w%8) if w%8<=3 else b*(w//8+1)+(w%8)-8,b,,,240,0x2b1878f0027d73f0
24,com_xnor_word,49,32,3,193,3,level_override_allowed,b*(w//8)+(w%8) if w%8<=3 else b*(w//8+1)+(w%8)-8,b,,,240,0x2b1878f0027d73f0
24,com_xnor_word,50,32,3,194,3,level_override_allowed,b*(w//8)+(w%8) if w%8<=3 else b*(w//8+1)+(w%8)-8,b,,,240,0x2b1878f0027d73f0
24,com_xnor_word,51,32,3,195,3,level_override_allowed,b*(w//8)+(w%8) if w%8<=3 else b*(w//8+1)+(w%8)-8,b,,,240,0x2b1878f0027d73f0
24,com_xnor_word,52,32,3,220,3,level_override_allowed,b*(w//8)+(w%8) if w%8<=3 else b*(w//8+1)+(w%8)-8,b,,,240,0x2b1878f0027d73f0
24,com_xnor_word,53,32,3,221,3,level_override_allowed,b*(w//8)+(w%8) if w%8<=3 else b*(w//8+1)+(w%8)-8,b,,,240,0x2b1878f0027d73f0
24,com_xnor_word,54,32,3,222,3,level_override_allowed,b*(w//8)+(w%8) if w%8<=3 else b*(w//8+1)+(w%8)-8,b,,,240,0x2b1878f0027d73f0
24,com_xnor_word,55,32,3,223,3,level_override_allowed,b*(w//8)+(w%8) if w%8<=3 else b*(w//8+1)+(w%8)-8,b,,,240,0x2b1878f0027d73f0
24,com_xnor_word,56,32,3,224,3,level_override_allowed,b*(w//8)+(w%8) if w%8<=3 else b*(w//8+1)+(w%8)-8,b,,,240,0x2b1878f0027d73f0
24,com_xnor_word,57,32,3,225,3,level_override_allowed,b*(w//8)+(w%8) if w%8<=3 else b*(w//8+1)+(w%8)-8,b,,,240,0x2b1878f0027d73f0
24,com_xnor_word,58,32,3,226,3,level_override_allowed,b*(w//8)+(w%8) if w%8<=3 else b*(w//8+1)+(w%8)-8,b,,,240,0x2b1878f0027d73f0
24,com_xnor_word,59,32,3,227,3,level_override_allowed,b*(w//8)+(w%8) if w%8<=3 else b*(w//8+1)+(w%8)-8,b,,,240,0x2b1878f0027d73f0
24,com_xnor_word,60,32,3,252,3,level_override_allowed,b*(w//8)+(w%8) if w%8<=3 else b*(w//8+1)+(w%8)-8,b,,,240,0x2b1878f0027d73f0
24,com_xnor_word,61,32,3,253,3,level_override_allowed,b*(w//8)+(w%8) if w%8<=3 else b*(w//8+1)+(w%8)-8,b,,,240,0x2b1878f0027d73f0
24,com_xnor_word,62,32,3,254,3,level_override_allowed,b*(w//8)+(w%8) if w%8<=3 else b*(w//8+1)+(w%8)-8,b,,,240,0x2b1878f0027d73f0
24,com_xnor_word,63,32,3,255,3,level_override_allowed,b*(w//8)+(w%8) if w%8<=3 else b*(w//8+1)+(w%8)-8,b,,,240,0x2b1878f0027d73f0
24,com_xnor_word,64,32,3,256,3,level_override_allowed,b*(w//8)+(w%8) if w%8<=3 else b*(w//8+1)+(w%8)-8,b,,,240,0x2b1878f0027d73f0
25,com_switch_word,1,16,1,2,1,level_override_allowed,2*w,b,,,216,0x821b3057eb08bbd8
25,com_switch_word,2,16,1,4,1,level_override_allowed,2*w,b,,,216,0x821b3057eb08bbd8
25,com_switch_word,3,16,1,6,1,level_override_allowed,2*w,b,,,216,0x821b3057eb08bbd8
25,com_switch_word,4,16,1,8,1,level_override_allowed,2*w,b,,,216,0x821b3057eb08bbd8
25,com_switch_word,5,16,1,10,1,level_override_allowed,2*w,b,,,216,0x821b3057eb08bbd8
25,com_switch_word,6,16,1,12,1,level_override_allowed,2*w,b,,,216,0x821b3057eb08bbd8
25,com_switch_word,7,16,1,14,1,level_override_allowed,2*w,b,,,216,0x821b3057eb08bbd8
25,com_switch_word,8,16,1,16,1,level_override_allowed,2*w,b,,,216,0x821b3057eb08bbd8
25,com_switch_word,9,16,1,18,1,level_override_allowed,2*w,b,,,216,0x821b3057eb08bbd8
25,com_switch_word,10,16,1,20,1,level_override_allowed,2*w,b,,,216,0x821b3057eb08bbd8
25,com_switch_word,11,16,1,22,1,level_override_allowed,2*w,b,,,216,0x821b3057eb08bbd8
25,com_switch_word,12,16,1,24,1,level_override_allowed,2*w,b,,,216,0x821b3057eb08bbd8
25,com_switch_word,13,16,1,26,1,level_override_allowed,2*w,b,,,216,0x821b3057eb08bbd8
25,com_switch_word,14,16,1,28,1,level_override_allowed,2*w,b,,,216,0x821b3057eb08bbd8
25,com_switch_word,15,16,1,30,1,level_override_allowed,2*w,b,,,216,0x821b3057eb08bbd8
25,com_switch_word,16,16,1,32,1,level_override_allowed,2*w,b,,,216,0x821b3057eb08bbd8
25,com_switch_word,17,16,1,34,1,level_override_allowed,2*w,b,,,216,0x821b3057eb08bbd8
25,com_switch_word,18,16,1,36,1,level_override_allowed,2*w,b,,,216,0x821b3057eb08bbd8
25,com_switch_word,19,16,1,38,1,level_override_allowed,2*w,b,,,216,0x821b3057eb08bbd8
25,com_switch_word,20,16,1,40,1,level_override_allowed,2*w,b,,,216,0x821b3057eb08bbd8
25,com_switch_word,21,16,1,42,1,level_override_allowed,2*w,b,,,216,0x821b3057eb08bbd8
25,com_switch_word,22,16,1,44,1,level_override_allowed,2*w,b,,,216,0x821b3057eb08bbd8
25,com_switch_word,23,16,1,46,1,level_override_allowed,2*w,b,,,216,0x821b3057eb08bbd8
25,com_switch_word,24,16,1,48,1,level_override_allowed,2*w,b,,,216,0x821b3057eb08bbd8
25,com_switch_word,25,16,1,50,1,level_override_allowed,2*w,b,,,216,0x821b3057eb08bbd8
25,com_switch_word,26,16,1,52,1,level_override_allowed,2*w,b,,,216,0x821b3057eb08bbd8
25,com_switch_word,27,16,1,54,1,level_override_allowed,2*w,b,,,216,0x821b3057eb08bbd8
25,com_switch_word,28,16,1,56,1,level_override_allowed,2*w,b,,,216,0x821b3057eb08bbd8
25,com_switch_word,29,16,1,58,1,level_override_allowed,2*w,b,,,216,0x821b3057eb08bbd8
25,com_switch_word,30,16,1,60,1,level_override_allowed,2*w,b,,,216,0x821b3057eb08bbd8
25,com_switch_word,31,16,1,62,1,level_override_allowed,2*w,b,,,216,0x821b3057eb08bbd8
25,com_switch_word,32,16,1,64,1,level_override_allowed,2*w,b,,,216,0x821b3057eb08bbd8
25,com_switch_word,33,16,1,66,1,level_override_allowed,2*w,b,,,216,0x821b3057eb08bbd8
25,com_switch_word,34,16,1,68,1,level_override_allowed,2*w,b,,,216,0x821b3057eb08bbd8
25,com_switch_word,35,16,1,70,1,level_override_allowed,2*w,b,,,216,0x821b3057eb08bbd8
25,com_switch_word,36,16,1,72,1,level_override_allowed,2*w,b,,,216,0x821b3057eb08bbd8
25,com_switch_word,37,16,1,74,1,level_override_allowed,2*w,b,,,216,0x821b3057eb08bbd8
25,com_switch_word,38,16,1,76,1,level_override_allowed,2*w,b,,,216,0x821b3057eb08bbd8
25,com_switch_word,39,16,1,78,1,level_override_allowed,2*w,b,,,216,0x821b3057eb08bbd8
25,com_switch_word,40,16,1,80,1,level_override_allowed,2*w,b,,,216,0x821b3057eb08bbd8
25,com_switch_word,41,16,1,82,1,level_override_allowed,2*w,b,,,216,0x821b3057eb08bbd8
25,com_switch_word,42,16,1,84,1,level_override_allowed,2*w,b,,,216,0x821b3057eb08bbd8
25,com_switch_word,43,16,1,86,1,level_override_allowed,2*w,b,,,216,0x821b3057eb08bbd8
25,com_switch_word,44,16,1,88,1,level_override_allowed,2*w,b,,,216,0x821b3057eb08bbd8
25,com_switch_word,45,16,1,90,1,level_override_allowed,2*w,b,,,216,0x821b3057eb08bbd8
25,com_switch_word,46,16,1,92,1,level_override_allowed,2*w,b,,,216,0x821b3057eb08bbd8
25,com_switch_word,47,16,1,94,1,level_override_allowed,2*w,b,,,216,0x821b3057eb08bbd8
25,com_switch_word,48,16,1,96,1,level_override_allowed,2*w,b,,,216,0x821b3057eb08bbd8
25,com_switch_word,49,16,1,98,1,level_override_allowed,2*w,b,,,216,0x821b3057eb08bbd8
25,com_switch_word,50,16,1,100,1,level_override_allowed,2*w,b,,,216,0x821b3057eb08bbd8
25,com_switch_word,51,16,1,102,1,level_override_allowed,2*w,b,,,216,0x821b3057eb08bbd8
25,com_switch_word,52,16,1,104,1,level_override_allowed,2*w,b,,,216,0x821b3057eb08bbd8
25,com_switch_word,53,16,1,106,1,level_override_allowed,2*w,b,,,216,0x821b3057eb08bbd8
25,com_switch_word,54,16,1,108,1,level_override_allowed,2*w,b,,,216,0x821b3057eb08bbd8
25,com_switch_word,55,16,1,110,1,level_override_allowed,2*w,b,,,216,0x821b3057eb08bbd8
25,com_switch_word,56,16,1,112,1,level_override_allowed,2*w,b,,,216,0x821b3057eb08bbd8
25,com_switch_word,57,16,1,114,1,level_override_allowed,2*w,b,,,216,0x821b3057eb08bbd8
25,com_switch_word,58,16,1,116,1,level_override_allowed,2*w,b,,,216,0x821b3057eb08bbd8
25,com_switch_word,59,16,1,118,1,level_override_allowed,2*w,b,,,216,0x821b3057eb08bbd8
25,com_switch_word,60,16,1,120,1,level_override_allowed,2*w,b,,,216,0x821b3057eb08bbd8
25,com_switch_word,61,16,1,122,1,level_override_allowed,2*w,b,,,216,0x821b3057eb08bbd8
25,com_switch_word,62,16,1,124,1,level_override_allowed,2*w,b,,,216,0x821b3057eb08bbd8
25,com_switch_word,63,16,1,126,1,level_override_allowed,2*w,b,,,216,0x821b3057eb08bbd8
25,com_switch_word,64,16,1,128,1,level_override_allowed,2*w,b,,,216,0x821b3057eb08bbd8
26,com_equal,1,50,10,1,10,level_override_allowed,b*(w//8)+(w%8) if w%8<=3 else b*(w//8+1)+(w%8)-8,"b+max(0, ceil(log2(w/8)))",,,22,0xeb4f980171402f16
26,com_equal,2,50,10,2,10,level_override_allowed,b*(w//8)+(w%8) if w%8<=3 else b*(w//8+1)+(w%8)-8,"b+max(0, ceil(log2(w/8)))",,,22,0xeb4f980171402f16
26,com_equal,3,50,10,3,10,level_override_allowed,b*(w//8)+(w%8) if w%8<=3 else b*(w//8+1)+(w%8)-8,"b+max(0, ceil(log2(w/8)))",,,22,0xeb4f980171402f16
26,com_equal,4,50,10,46,10,level_override_allowed,b*(w//8)+(w%8) if w%8<=3 else b*(w//8+1)+(w%8)-8,"b+max(0, ceil(log2(w/8)))",,,22,0xeb4f980171402f16
26,com_equal,5,50,10,47,10,level_override_allowed,b*(w//8)+(w%8) if w%8<=3 else b*(w//8+1)+(w%8)-8,"b+max(0, ceil(log2(w/8)))",,,22,0xeb4f980171402f16
26,com_equal,6,50,10,48,10,level_override_allowed,b*(w//8)+(w%8) if w%8<=3 else b*(w//8+1)+(w%8)-8,"b+max(0, ceil(log2(w/8)))",,,22,0xeb4f980171402f16
26,com_equal,7,50,10,49,10,level_override_allowed,b*(w//8)+(w%8) if w%8<=3 else b*(w//8+1)+(w%8)-8,"b+max(0, ceil(log2(w/8)))",,,22,0xeb4f980171402f16
26,com_equal,8,50,10,50,10,level_override_allowed,b*(w//8)+(w%8) if w%8<=3 else b*(w//8+1)+(w%8)-8,"b+max(0, ceil(log2(w/8)))",,,22,0xeb4f980171402f16
26,com_equal,9,50,10,51,11,level_override_allowed,b*(w//8)+(w%8) if w%8<=3 else b*(w//8+1)+(w%8)-8,"b+max(0, ceil(log2(w/8)))",,,22,0xeb4f980171402f16
26,com_equal,10,50,10,52,11,level_override_allowed,b*(w//8)+(w%8) if w%8<=3 else b*(w//8+1)+(w%8)-8,"b+max(0, ceil(log2(w/8)))",,,22,0xeb4f980171402f16
26,com_equal,11,50,10,53,11,level_override_allowed,b*(w//8)+(w%8) if w%8<=3 else b*(w//8+1)+(w%8)-8,"b+max(0, ceil(log2(w/8)))",,,22,0xeb4f980171402f16
26,com_equal,12,50,10,96,11,level_override_allowed,b*(w//8)+(w%8) if w%8<=3 else b*(w//8+1)+(w%8)-8,"b+max(0, ceil(log2(w/8)))",,,22,0xeb4f980171402f16
26,com_equal,13,50,10,97,11,level_override_allowed,b*(w//8)+(w%8) if w%8<=3 else b*(w//8+1)+(w%8)-8,"b+max(0, ceil(log2(w/8)))",,,22,0xeb4f980171402f16
26,com_equal,14,50,10,98,11,level_override_allowed,b*(w//8)+(w%8) if w%8<=3 else b*(w//8+1)+(w%8)-8,"b+max(0, ceil(log2(w/8)))",,,22,0xeb4f980171402f16
26,com_equal,15,50,10,99,11,level_override_allowed,b*(w//8)+(w%8) if w%8<=3 else b*(w//8+1)+(w%8)-8,"b+max(0, ceil(log2(w/8)))",,,22,0xeb4f980171402f16
26,com_equal,16,50,10,100,11,level_override_allowed,b*(w//8)+(w%8) if w%8<=3 else b*(w//8+1)+(w%8)-8,"b+max(0, ceil(log2(w/8)))",,,22,0xeb4f980171402f16
26,com_equal,17,50,10,101,12,level_override_allowed,b*(w//8)+(w%8) if w%8<=3 else b*(w//8+1)+(w%8)-8,"b+max(0, ceil(log2(w/8)))",,,22,0xeb4f980171402f16
26,com_equal,18,50,10,102,12,level_override_allowed,b*(w//8)+(w%8) if w%8<=3 else b*(w//8+1)+(w%8)-8,"b+max(0, ceil(log2(w/8)))",,,22,0xeb4f980171402f16
26,com_equal,19,50,10,103,12,level_override_allowed,b*(w//8)+(w%8) if w%8<=3 else b*(w//8+1)+(w%8)-8,"b+max(0, ceil(log2(w/8)))",,,22,0xeb4f980171402f16
26,com_equal,20,50,10,146,12,level_override_allowed,b*(w//8)+(w%8) if w%8<=3 else b*(w//8+1)+(w%8)-8,"b+max(0, ceil(log2(w/8)))",,,22,0xeb4f980171402f16
26,com_equal,21,50,10,147,12,level_override_allowed,b*(w//8)+(w%8) if w%8<=3 else b*(w//8+1)+(w%8)-8,"b+max(0, ceil(log2(w/8)))",,,22,0xeb4f980171402f16
26,com_equal,22,50,10,148,12,level_override_allowed,b*(w//8)+(w%8) if w%8<=3 else b*(w//8+1)+(w%8)-8,"b+max(0, ceil(log2(w/8)))",,,22,0xeb4f980171402f16
26,com_equal,23,50,10,149,12,level_override_allowed,b*(w//8)+(w%8) if w%8<=3 else b*(w//8+1)+(w%8)-8,"b+max(0, ceil(log2(w/8)))",,,22,0xeb4f980171402f16
26,com_equal,24,50,10,150,12,level_override_allowed,b*(w//8)+(w%8) if w%8<=3 else b*(w//8+1)+(w%8)-8,"b+max(0, ceil(log2(w/8)))",,,22,0xeb4f980171402f16
26,com_equal,25,50,10,151,12,level_override_allowed,b*(w//8)+(w%8) if w%8<=3 else b*(w//8+1)+(w%8)-8,"b+max(0, ceil(log2(w/8)))",,,22,0xeb4f980171402f16
26,com_equal,26,50,10,152,12,level_override_allowed,b*(w//8)+(w%8) if w%8<=3 else b*(w//8+1)+(w%8)-8,"b+max(0, ceil(log2(w/8)))",,,22,0xeb4f980171402f16
26,com_equal,27,50,10,153,12,level_override_allowed,b*(w//8)+(w%8) if w%8<=3 else b*(w//8+1)+(w%8)-8,"b+max(0, ceil(log2(w/8)))",,,22,0xeb4f980171402f16
26,com_equal,28,50,10,196,12,level_override_allowed,b*(w//8)+(w%8) if w%8<=3 else b*(w//8+1)+(w%8)-8,"b+max(0, ceil(log2(w/8)))",,,22,0xeb4f980171402f16
26,com_equal,29,50,10,197,12,level_override_allowed,b*(w//8)+(w%8) if w%8<=3 else b*(w//8+1)+(w%8)-8,"b+max(0, ceil(log2(w/8)))",,,22,0xeb4f980171402f16
26,com_equal,30,50,10,198,12,level_override_allowed,b*(w//8)+(w%8) if w%8<=3 else b*(w//8+1)+(w%8)-8,"b+max(0, ceil(log2(w/8)))",,,22,0xeb4f980171402f16
26,com_equal,31,50,10,199,12,level_override_allowed,b*(w//8)+(w%8) if w%8<=3 else b*(w//8+1)+(w%8)-8,"b+max(0, ceil(log2(w/8)))",,,22,0xeb4f980171402f16
26,com_equal,32,50,10,200,12,level_override_allowed,b*(w//8)+(w%8) if w%8<=3 else b*(w//8+1)+(w%8)-8,"b+max(0, ceil(log2(w/8)))",,,22,0xeb4f980171402f16
26,com_equal,33,50,10,201,13,level_override_allowed,b*(w//8)+(w%8) if w%8<=3 else b*(w//8+1)+(w%8)-8,"b+max(0, ceil(log2(w/8)))",,,22,0xeb4f980171402f16
26,com_equal,34,50,10,202,13,level_override_allowed,b*(w//8)+(w%8) if w%8<=3 else b*(w//8+1)+(w%8)-8,"b+max(0, ceil(log2(w/8)))",,,22,0xeb4f980171402f16
26,com_equal,35,50,10,203,13,level_override_allowed,b*(w//8)+(w%8) if w%8<=3 else b*(w//8+1)+(w%8)-8,"b+max(0, ceil(log2(w/8)))",,,22,0xeb4f980171402f16
26,com_equal,36,50,10,246,13,level_override_allowed,b*(w//8)+(w%8) if w%8<=3 else b*(w//8+1)+(w%8)-8,"b+max(0, ceil(log2(w/8)))",,,22,0xeb4f980171402f16
26,com_equal,37,50,10,247,13,level_override_allowed,b*(w//8)+(w%8) if w%8<=3 else b*(w//8+1)+(w%8)-8,"b+max(0, ceil(log2(w/8)))",,,22,0xeb4f980171402f16
26,com_equal,38,50,10,248,13,level_override_allowed,b*(w//8)+(w%8) if w%8<=3 else b*(w//8+1)+(w%8)-8,"b+max(0, ceil(log2(w/8)))",,,22,0xeb4f980171402f16
26,com_equal,39,50,10,249,13,level_override_allowed,b*(w//8)+(w%8) if w%8<=3 else b*(w//8+1)+(w%8)-8,"b+max(0, ceil(log2(w/8)))",,,22,0xeb4f980171402f16
26,com_equal,40,50,10,250,13,level_override_allowed,b*(w//8)+(w%8) if w%8<=3 else b*(w//8+1)+(w%8)-8,"b+max(0, ceil(log2(w/8)))",,,22,0xeb4f980171402f16
26,com_equal,41,50,10,251,13,level_override_allowed,b*(w//8)+(w%8) if w%8<=3 else b*(w//8+1)+(w%8)-8,"b+max(0, ceil(log2(w/8)))",,,22,0xeb4f980171402f16
26,com_equal,42,50,10,252,13,level_override_allowed,b*(w//8)+(w%8) if w%8<=3 else b*(w//8+1)+(w%8)-8,"b+max(0, ceil(log2(w/8)))",,,22,0xeb4f980171402f16
26,com_equal,43,50,10,253,13,level_override_allowed,b*(w//8)+(w%8) if w%8<=3 else b*(w//8+1)+(w%8)-8,"b+max(0, ceil(log2(w/8)))",,,22,0xeb4f980171402f16
26,com_equal,44,50,10,296,13,level_override_allowed,b*(w//8)+(w%8) if w%8<=3 else b*(w//8+1)+(w%8)-8,"b+max(0, ceil(log2(w/8)))",,,22,0xeb4f980171402f16
26,com_equal,45,50,10,297,13,level_override_allowed,b*(w//8)+(w%8) if w%8<=3 else b*(w//8+1)+(w%8)-8,"b+max(0, ceil(log2(w/8)))",,,22,0xeb4f980171402f16
26,com_equal,46,50,10,298,13,level_override_allowed,b*(w//8)+(w%8) if w%8<=3 else b*(w//8+1)+(w%8)-8,"b+max(0, ceil(log2(w/8)))",,,22,0xeb4f980171402f16
26,com_equal,47,50,10,299,13,level_override_allowed,b*(w//8)+(w%8) if w%8<=3 else b*(w//8+1)+(w%8)-8,"b+max(0, ceil(log2(w/8)))",,,22,0xeb4f980171402f16
26,com_equal,48,50,10,300,13,level_override_allowed,b*(w//8)+(w%8) if w%8<=3 else b*(w//8+1)+(w%8)-8,"b+max(0, ceil(log2(w/8)))",,,22,0xeb4f980171402f16
26,com_equal,49,50,10,301,13,level_override_allowed,b*(w//8)+(w%8) if w%8<=3 else b*(w//8+1)+(w%8)-8,"b+max(0, ceil(log2(w/8)))",,,22,0xeb4f980171402f16
26,com_equal,50,50,10,302,13,level_override_allowed,b*(w//8)+(w%8) if w%8<=3 else b*(w//8+1)+(w%8)-8,"b+max(0, ceil(log2(w/8)))",,,22,0xeb4f980171402f16
26,com_equal,51,50,10,303,13,level_override_allowed,b*(w//8)+(w%8) if w%8<=3 else b*(w//8+1)+(w%8)-8,"b+max(0, ceil(log2(w/8)))",,,22,0xeb4f980171402f16
26,com_equal,52,50,10,346,13,level_override_allowed,b*(w//8)+(w%8) if w%8<=3 else b*(w//8+1)+(w%8)-8,"b+max(0, ceil(log2(w/8)))",,,22,0xeb4f980171402f16
26,com_equal,53,50,10,347,13,level_override_allowed,b*(w//8)+(w%8) if w%8<=3 else b*(w//8+1)+(w%8)-8,"b+max(0, ceil(log2(w/8)))",,,22,0xeb4f980171402f16
26,com_equal,54,50,10,348,13,level_override_allowed,b*(w//8)+(w%8) if w%8<=3 else b*(w//8+1)+(w%8)-8,"b+max(0, ceil(log2(w/8)))",,,22,0xeb4f980171402f16
26,com_equal,55,50,10,349,13,level_override_allowed,b*(w//8)+(w%8) if w%8<=3 else b*(w//8+1)+(w%8)-8,"b+max(0, ceil(log2(w/8)))",,,22,0xeb4f980171402f16
26,com_equal,56,50,10,350,13,level_override_allowed,b*(w//8)+(w%8) if w%8<=3 else b*(w//8+1)+(w%8)-8,"b+max(0, ceil(log2(w/8)))",,,22,0xeb4f980171402f16
26,com_equal,57,50,10,351,13,level_override_allowed,b*(w//8)+(w%8) if w%8<=3 else b*(w//8+1)+(w%8)-8,"b+max(0, ceil(log2(w/8)))",,,22,0xeb4f980171402f16
26,com_equal,58,50,10,352,13,level_override_allowed,b*(w//8)+(w%8) if w%8<=3 else b*(w//8+1)+(w%8)-8,"b+max(0, ceil(log2(w/8)))",,,22,0xeb4f980171402f16
26,com_equal,59,50,10,353,13,level_override_allowed,b*(w//8)+(w%8) if w%8<=3 else b*(w//8+1)+(w%8)-8,"b+max(0, ceil(log2(w/8)))",,,22,0xeb4f980171402f16
26,com_equal,60,50,10,396,13,level_override_allowed,b*(w//8)+(w%8) if w%8<=3 else b*(w//8+1)+(w%8)-8,"b+max(0, ceil(log2(w/8)))",,,22,0xeb4f980171402f16
26,com_equal,61,50,10,397,13,level_override_allowed,b*(w//8)+(w%8) if w%8<=3 else b*(w//8+1)+(w%8)-8,"b+max(0, ceil(log2(w/8)))",,,22,0xeb4f980171402f16
26,com_equal,62,50,10,398,13,level_override_allowed,b*(w//8)+(w%8) if w%8<=3 else b*(w//8+1)+(w%8)-8,"b+max(0, ceil(log2(w/8)))",,,22,0xeb4f980171402f16
26,com_equal,63,50,10,399,13,level_override_allowed,b*(w//8)+(w%8) if w%8<=3 else b*(w//8+1)+(w%8)-8,"b+max(0, ceil(log2(w/8)))",,,22,0xeb4f980171402f16
26,com_equal,64,50,10,400,13,level_override_allowed,b*(w//8)+(w%8) if w%8<=3 else b*(w//8+1)+(w%8)-8,"b+max(0, ceil(log2(w/8)))",,,22,0xeb4f980171402f16
27,com_less_u,1,100,18,13,4,level_override_allowed,b+ceil((w-8)*b/(7 if w>8 else 8)),"max(min(b,4), ceil(w*b/8))",,,100,0xbbec450ead7ee964
27,com_less_u,2,100,18,25,5,level_override_allowed,b+ceil((w-8)*b/(7 if w>8 else 8)),"max(min(b,4), ceil(w*b/8))",,,100,0xbbec450ead7ee964
27,com_less_u,3,100,18,38,7,level_override_allowed,b+ceil((w-8)*b/(7 if w>8 else 8)),"max(min(b,4), ceil(w*b/8))",,,100,0xbbec450ead7ee964
27,com_less_u,4,100,18,50,9,level_override_allowed,b+ceil((w-8)*b/(7 if w>8 else 8)),"max(min(b,4), ceil(w*b/8))",,,100,0xbbec450ead7ee964
27,com_less_u,5,100,18,63,12,level_override_allowed,b+ceil((w-8)*b/(7 if w>8 else 8)),"max(min(b,4), ceil(w*b/8))",,,100,0xbbec450ead7ee964
27,com_less_u,6,100,18,75,14,level_override_allowed,b+ceil((w-8)*b/(7 if w>8 else 8)),"max(min(b,4), ceil(w*b/8))",,,100,0xbbec450ead7ee964
27,com_less_u,7,100,18,88,16,level_override_allowed,b+ceil((w-8)*b/(7 if w>8 else 8)),"max(min(b,4), ceil(w*b/8))",,,100,0xbbec450ead7ee964
27,com_less_u,8,100,18,100,18,level_override_allowed,b+ceil((w-8)*b/(7 if w>8 else 8)),"max(min(b,4), ceil(w*b/8))",,,100,0xbbec450ead7ee964
27,com_less_u,9,100,18,115,21,level_override_allowed,b+ceil((w-8)*b/(7 if w>8 else 8)),"max(min(b,4), ceil(w*b/8))",,,100,0xbbec450ead7ee964
27,com_less_u,10,100,18,129,23,level_override_allowed,b+ceil((w-8)*b/(7 if w>8 else 8)),"max(min(b,4), ceil(w*b/8))",,,100,0xbbec450ead7ee964
27,com_less_u,11,100,18,143,25,level_override_allowed,b+ceil((w-8)*b/(7 if w>8 else 8)),"max(min(b,4), ceil(w*b/8))",,,100,0xbbec450ead7ee964
27,com_less_u,12,100,18,158,27,level_override_allowed,b+ceil((w-8)*b/(7 if w>8 else 8)),"max(min(b,4), ceil(w*b/8))",,,100,0xbbec450ead7ee964
27,com_less_u,13,100,18,172,30,level_override_allowed,b+ceil((w-8)*b/(7 if w>8 else 8)),"max(min(b,4), ceil(w*b/8))",,,100,0xbbec450ead7ee964
27,com_less_u,14,100,18,186,32,level_override_allowed,b+ceil((w-8)*b/(7 if w>8 else 8)),"max(min(b,4), ceil(w*b/8))",,,100,0xbbec450ead7ee964
27,com_less_u,15,100,18,200,34,level_override_allowed,b+ceil((w-8)*b/(7 if w>8 else 8)),"max(min(b,4), ceil(w*b/8))",,,100,0xbbec450ead7ee964
27,com_less_u,16,100,18,215,36,level_override_allowed,b+ceil((w-8)*b/(7 if w>8 else 8)),"max(min(b,4), ceil(w*b/8))",,,100,0xbbec450ead7ee964
27,com_less_u,17,100,18,229,39,level_override_allowed,b+ceil((w-8)*b/(7 if w>8 else 8)),"max(min(b,4), ceil(w*b/8))",,,100,0xbbec450ead7ee964
27,com_less_u,18,100,18,243,41,level_override_allowed,b+ceil((w-8)*b/(7 if w>8 else 8)),"max(min(b,4), ceil(w*b/8))",,,100,0xbbec450ead7ee964
27,com_less_u,19,100,18,258,43,level_override_allowed,b+ceil((w-8)*b/(7 if w>8 else 8)),"max(min(b,4), ceil(w*b/8))",,,100,0xbbec450ead7ee964
27,com_less_u,20,100,18,272,45,level_override_allowed,b+ceil((w-8)*b/(7 if w>8 else 8)),"max(min(b,4), ceil(w*b/8))",,,100,0xbbec450ead7ee964
27,com_less_u,21,100,18,286,48,level_override_allowed,b+ceil((w-8)*b/(7 if w>8 else 8)),"max(min(b,4), ceil(w*b/8))",,,100,0xbbec450ead7ee964
27,com_less_u,22,100,18,300,50,level_override_allowed,b+ceil((w-8)*b/(7 if w>8 else 8)),"max(min(b,4), ceil(w*b/8))",,,100,0xbbec450ead7ee964
27,com_less_u,23,100,18,315,52,level_override_allowed,b+ceil((w-8)*b/(7 if w>8 else 8)),"max(min(b,4), ceil(w*b/8))",,,100,0xbbec450ead7ee964
27,com_less_u,24,100,18,329,54,level_override_allowed,b+ceil((w-8)*b/(7 if w>8 else 8)),"max(min(b,4), ceil(w*b/8))",,,100,0xbbec450ead7ee964
27,com_less_u,25,100,18,343,57,level_override_allowed,b+ceil((w-8)*b/(7 if w>8 else 8)),"max(min(b,4), ceil(w*b/8))",,,100,0xbbec450ead7ee964
27,com_less_u,26,100,18,358,59,level_override_allowed,b+ceil((w-8)*b/(7 if w>8 else 8)),"max(min(b,4), ceil(w*b/8))",,,100,0xbbec450ead7ee964
27,com_less_u,27,100,18,372,61,level_override_allowed,b+ceil((w-8)*b/(7 if w>8 else 8)),"max(min(b,4), ceil(w*b/8))",,,100,0xbbec450ead7ee964
27,com_less_u,28,100,18,386,63,level_override_allowed,b+ceil((w-8)*b/(7 if w>8 else 8)),"max(min(b,4), ceil(w*b/8))",,,100,0xbbec450ead7ee964
27,com_less_u,29,100,18,400,66,level_override_allowed,b+ceil((w-8)*b/(7 if w>8 else 8)),"max(min(b,4), ceil(w*b/8))",,,100,0xbbec450ead7ee964
27,com_less_u,30,100,18,415,68,level_override_allowed,b+ceil((w-8)*b/(7 if w>8 else 8)),"max(min(b,4), ceil(w*b/8))",,,100,0xbbec450ead7ee964
27,com_less_u,31,100,18,429,70,level_override_allowed,b+ceil((w-8)*b/(7 if w>8 else 8)),"max(min(b,4), ceil(w*b/8))",,,100,0xbbec450ead7ee964
27,com_less_u,32,100,18,443,72,level_override_allowed,b+ceil((w-8)*b/(7 if w>8 else 8)),"max(min(b,4), ceil(w*b/8))",,,100,0xbbec450ead7ee964
27,com_less_u,33,100,18,458,75,level_override_allowed,b+ceil((w-8)*b/(7 if w>8 else 8)),"max(min(b,4), ceil(w*b/8))",,,100,0xbbec450ead7ee964
27,com_less_u,34,100,18,472,77,level_override_allowed,b+ceil((w-8)*b/(7 if w>8 else 8)),"max(min(b,4), ceil(w*b/8))",,,100,0xbbec450ead7ee964
27,com_less_u,35,100,18,486,79,level_override_allowed,b+ceil((w-8)*b/(7 if w>8 else 8)),"max(min(b,4), ceil(w*b/8))",,,100,0xbbec450ead7ee964
27,com_less_u,36,100,18,500,81,level_override_allowed,b+ceil((w-8)*b/(7 if w>8 else 8)),"max(min(b,4), ceil(w*b/8))",,,100,0xbbec450ead7ee964
27,com_less_u,37,100,18,515,84,level_override_allowed,b+ceil((w-8)*b/(7 if w>8 else 8)),"max(min(b,4), ceil(w*b/8))",,,100,0xbbec450ead7ee964
27,com_less_u,38,100,18,529,86,level_override_allowed,b+ceil((w-8)*b/(7 if w>8 else 8)),"max(min(b,4), ceil(w*b/8))",,,100,0xbbec450ead7ee964
27,com_less_u,39,100,18,543,88,level_override_allowed,b+ceil((w-8)*b/(7 if w>8 else 8)),"max(min(b,4), ceil(w*b/8))",,,100,0xbbec450ead7ee964
27,com_less_u,40,100,18,558,90,level_override_allowed,b+ceil((w-8)*b/(7 if w>8 else 8)),"max(min(b,4), ceil(w*b/8))",,,100,0xbbec450ead7ee964
27,com_less_u,41,100,18,572,93,level_override_allowed,b+ceil((w-8)*b/(7 if w>8 else 8)),"max(min(b,4), ceil(w*b/8))",,,100,0xbbec450ead7ee964
27,com_less_u,42,100,18,586,95,level_override_allowed,b+ceil((w-8)*b/(7 if w>8 else 8)),"max(min(b,4), ceil(w*b/8))",,,100,0xbbec450ead7ee964
27,com_less_u,43,100,18,600,97,level_override_allowed,b+ceil((w-8)*b/(7 if w>8 else 8)),"max(min(b,4), ceil(w*b/8))",,,100,0xbbec450ead7ee964
27,com_less_u,44,100,18,615,99,level_override_allowed,b+ceil((w-8)*b/(7 if w>8 else 8)),"max(min(b,4), ceil(w*b/8))",,,100,0xbbec450ead7ee964
27,com_less_u,45,100,18,629,102,level_override_allowed,b+ceil((w-8)*b/(7 if w>8 else 8)),"max(min(b,4), ceil(w*b/8))",,,100,0xbbec450ead7ee964
27,com_less_u,46,100,18,643,104,level_override_allowed,b+ceil((w-8)*b/(7 if w>8 else 8)),"max(min(b,4), ceil(w*b/8))",,,100,0xbbec450ead7ee964
27,com_less_u,47,100,18,658,106,level_override_allowed,b+ceil((w-8)*b/(7 if w>8 else 8)),"max(min(b,4), ceil(w*b/8))",,,100,0xbbec450ead7ee964
27,com_less_u,48,100,18,672,108,level_override_allowed,b+ceil((w-8)*b/(7 if w>8 else 8)),"max(min(b,4), ceil(w*b/8))",,,100,0xbbec450ead7ee964
27,com_less_u,49,100,18,686,111,level_override_allowed,b+ceil((w-8)*b/(7 if w>8 else 8)),"max(min(b,4), ceil(w*b/8))",,,100,0xbbec450ead7ee964
27,com_less_u,50,100,18,700,113,level_override_allowed,b+ceil((w-8)*b/(7 if w>8 else 8)),"max(min(b,4), ceil(w*b/8))",,,100,0xbbec450ead7ee964
27,com_less_u,51,100,18,715,115,level_override_allowed,b+ceil((w-8)*b/(7 if w>8 else 8)),"max(min(b,4), ceil(w*b/8))",,,100,0xbbec450ead7ee964
27,com_less_u,52,100,18,729,117,level_override_allowed,b+ceil((w-8)*b/(7 if w>8 else 8)),"max(min(b,4), ceil(w*b/8))",,,100,0xbbec450ead7ee964
27,com_less_u,53,100,18,743,120,level_override_allowed,b+ceil((w-8)*b/(7 if w>8 else 8)),"max(min(b,4), ceil(w*b/8))",,,100,0xbbec450ead7ee964
27,com_less_u,54,100,18,758,122,level_override_allowed,b+ceil((w-8)*b/(7 if w>8 else 8)),"max(min(b,4), ceil(w*b/8))",,,100,0xbbec450ead7ee964
27,com_less_u,55,100,18,772,124,level_override_allowed,b+ceil((w-8)*b/(7 if w>8 else 8)),"max(min(b,4), ceil(w*b/8))",,,100,0xbbec450ead7ee964
27,com_less_u,56,100,18,786,126,level_override_allowed,b+ceil((w-8)*b/(7 if w>8 else 8)),"max(min(b,4), ceil(w*b/8))",,,100,0xbbec450ead7ee964
27,com_less_u,57,100,18,800,129,level_override_allowed,b+ceil((w-8)*b/(7 if w>8 else 8)),"max(min(b,4), ceil(w*b/8))",,,100,0xbbec450ead7ee964
27,com_less_u,58,100,18,815,131,level_override_allowed,b+ceil((w-8)*b/(7 if w>8 else 8)),"max(min(b,4), ceil(w*b/8))",,,100,0xbbec450ead7ee964
27,com_less_u,59,100,18,829,133,level_override_allowed,b+ceil((w-8)*b/(7 if w>8 else 8)),"max(min(b,4), ceil(w*b/8))",,,100,0xbbec450ead7ee964
27,com_less_u,60,100,18,843,135,level_override_allowed,b+ceil((w-8)*b/(7 if w>8 else 8)),"max(min(b,4), ceil(w*b/8))",,,100,0xbbec450ead7ee964
27,com_less_u,61,100,18,858,138,level_override_allowed,b+ceil((w-8)*b/(7 if w>8 else 8)),"max(min(b,4), ceil(w*b/8))",,,100,0xbbec450ead7ee964
27,com_less_u,62,100,18,872,140,level_override_allowed,b+ceil((w-8)*b/(7 if w>8 else 8)),"max(min(b,4), ceil(w*b/8))",,,100,0xbbec450ead7ee964
27,com_less_u,63,100,18,886,142,level_override_allowed,b+ceil((w-8)*b/(7 if w>8 else 8)),"max(min(b,4), ceil(w*b/8))",,,100,0xbbec450ead7ee964
27,com_less_u,64,100,18,900,144,level_override_allowed,b+ceil((w-8)*b/(7 if w>8 else 8)),"max(min(b,4), ceil(w*b/8))",,,100,0xbbec450ead7ee964
28,com_less_s,1,100,18,13,4,level_override_allowed,b+ceil((w-8)*b/(7 if w>8 else 8)),"max(min(b,4), ceil(w*b/8))",,,172,0x64bd9ea79aa34eac
28,com_less_s,2,100,18,25,5,level_override_allowed,b+ceil((w-8)*b/(7 if w>8 else 8)),"max(min(b,4), ceil(w*b/8))",,,172,0x64bd9ea79aa34eac
28,com_less_s,3,100,18,38,7,level_override_allowed,b+ceil((w-8)*b/(7 if w>8 else 8)),"max(min(b,4), ceil(w*b/8))",,,172,0x64bd9ea79aa34eac
28,com_less_s,4,100,18,50,9,level_override_allowed,b+ceil((w-8)*b/(7 if w>8 else 8)),"max(min(b,4), ceil(w*b/8))",,,172,0x64bd9ea79aa34eac
28,com_less_s,5,100,18,63,12,level_override_allowed,b+ceil((w-8)*b/(7 if w>8 else 8)),"max(min(b,4), ceil(w*b/8))",,,172,0x64bd9ea79aa34eac
28,com_less_s,6,100,18,75,14,level_override_allowed,b+ceil((w-8)*b/(7 if w>8 else 8)),"max(min(b,4), ceil(w*b/8))",,,172,0x64bd9ea79aa34eac
28,com_less_s,7,100,18,88,16,level_override_allowed,b+ceil((w-8)*b/(7 if w>8 else 8)),"max(min(b,4), ceil(w*b/8))",,,172,0x64bd9ea79aa34eac
28,com_less_s,8,100,18,100,18,level_override_allowed,b+ceil((w-8)*b/(7 if w>8 else 8)),"max(min(b,4), ceil(w*b/8))",,,172,0x64bd9ea79aa34eac
28,com_less_s,9,100,18,115,21,level_override_allowed,b+ceil((w-8)*b/(7 if w>8 else 8)),"max(min(b,4), ceil(w*b/8))",,,172,0x64bd9ea79aa34eac
28,com_less_s,10,100,18,129,23,level_override_allowed,b+ceil((w-8)*b/(7 if w>8 else 8)),"max(min(b,4), ceil(w*b/8))",,,172,0x64bd9ea79aa34eac
28,com_less_s,11,100,18,143,25,level_override_allowed,b+ceil((w-8)*b/(7 if w>8 else 8)),"max(min(b,4), ceil(w*b/8))",,,172,0x64bd9ea79aa34eac
28,com_less_s,12,100,18,158,27,level_override_allowed,b+ceil((w-8)*b/(7 if w>8 else 8)),"max(min(b,4), ceil(w*b/8))",,,172,0x64bd9ea79aa34eac
28,com_less_s,13,100,18,172,30,level_override_allowed,b+ceil((w-8)*b/(7 if w>8 else 8)),"max(min(b,4), ceil(w*b/8))",,,172,0x64bd9ea79aa34eac
28,com_less_s,14,100,18,186,32,level_override_allowed,b+ceil((w-8)*b/(7 if w>8 else 8)),"max(min(b,4), ceil(w*b/8))",,,172,0x64bd9ea79aa34eac
28,com_less_s,15,100,18,200,34,level_override_allowed,b+ceil((w-8)*b/(7 if w>8 else 8)),"max(min(b,4), ceil(w*b/8))",,,172,0x64bd9ea79aa34eac
28,com_less_s,16,100,18,215,36,level_override_allowed,b+ceil((w-8)*b/(7 if w>8 else 8)),"max(min(b,4), ceil(w*b/8))",,,172,0x64bd9ea79aa34eac
28,com_less_s,17,100,18,229,39,level_override_allowed,b+ceil((w-8)*b/(7 if w>8 else 8)),"max(min(b,4), ceil(w*b/8))",,,172,0x64bd9ea79aa34eac
28,com_less_s,18,100,18,243,41,level_override_allowed,b+ceil((w-8)*b/(7 if w>8 else 8)),"max(min(b,4), ceil(w*b/8))",,,172,0x64bd9ea79aa34eac
28,com_less_s,19,100,18,258,43,level_override_allowed,b+ceil((w-8)*b/(7 if w>8 else 8)),"max(min(b,4), ceil(w*b/8))",,,172,0x64bd9ea79aa34eac
28,com_less_s,20,100,18,272,45,level_override_allowed,b+ceil((w-8)*b/(7 if w>8 else 8)),"max(min(b,4), ceil(w*b/8))",,,172,0x64bd9ea79aa34eac
28,com_less_s,21,100,18,286,48,level_override_allowed,b+ceil((w-8)*b/(7 if w>8 else 8)),"max(min(b,4), ceil(w*b/8))",,,172,0x64bd9ea79aa34eac
28,com_less_s,22,100,18,300,50,level_override_allowed,b+ceil((w-8)*b/(7 if w>8 else 8)),"max(min(b,4), ceil(w*b/8))",,,172,0x64bd9ea79aa34eac
28,com_less_s,23,100,18,315,52,level_override_allowed,b+ceil((w-8)*b/(7 if w>8 else 8)),"max(min(b,4), ceil(w*b/8))",,,172,0x64bd9ea79aa34eac
28,com_less_s,24,100,18,329,54,level_override_allowed,b+ceil((w-8)*b/(7 if w>8 else 8)),"max(min(b,4), ceil(w*b/8))",,,172,0x64bd9ea79aa34eac
28,com_less_s,25,100,18,343,57,level_override_allowed,b+ceil((w-8)*b/(7 if w>8 else 8)),"max(min(b,4), ceil(w*b/8))",,,172,0x64bd9ea79aa34eac
28,com_less_s,26,100,18,358,59,level_override_allowed,b+ceil((w-8)*b/(7 if w>8 else 8)),"max(min(b,4), ceil(w*b/8))",,,172,0x64bd9ea79aa34eac
28,com_less_s,27,100,18,372,61,level_override_allowed,b+ceil((w-8)*b/(7 if w>8 else 8)),"max(min(b,4), ceil(w*b/8))",,,172,0x64bd9ea79aa34eac
28,com_less_s,28,100,18,386,63,level_override_allowed,b+ceil((w-8)*b/(7 if w>8 else 8)),"max(min(b,4), ceil(w*b/8))",,,172,0x64bd9ea79aa34eac
28,com_less_s,29,100,18,400,66,level_override_allowed,b+ceil((w-8)*b/(7 if w>8 else 8)),"max(min(b,4), ceil(w*b/8))",,,172,0x64bd9ea79aa34eac
28,com_less_s,30,100,18,415,68,level_override_allowed,b+ceil((w-8)*b/(7 if w>8 else 8)),"max(min(b,4), ceil(w*b/8))",,,172,0x64bd9ea79aa34eac
28,com_less_s,31,100,18,429,70,level_override_allowed,b+ceil((w-8)*b/(7 if w>8 else 8)),"max(min(b,4), ceil(w*b/8))",,,172,0x64bd9ea79aa34eac
28,com_less_s,32,100,18,443,72,level_override_allowed,b+ceil((w-8)*b/(7 if w>8 else 8)),"max(min(b,4), ceil(w*b/8))",,,172,0x64bd9ea79aa34eac
28,com_less_s,33,100,18,458,75,level_override_allowed,b+ceil((w-8)*b/(7 if w>8 else 8)),"max(min(b,4), ceil(w*b/8))",,,172,0x64bd9ea79aa34eac
28,com_less_s,34,100,18,472,77,level_override_allowed,b+ceil((w-8)*b/(7 if w>8 else 8)),"max(min(b,4), ceil(w*b/8))",,,172,0x64bd9ea79aa34eac
28,com_less_s,35,100,18,486,79,level_override_allowed,b+ceil((w-8)*b/(7 if w>8 else 8)),"max(min(b,4), ceil(w*b/8))",,,172,0x64bd9ea79aa34eac
28,com_less_s,36,100,18,500,81,level_override_allowed,b+ceil((w-8)*b/(7 if w>8 else 8)),"max(min(b,4), ceil(w*b/8))",,,172,0x64bd9ea79aa34eac
28,com_less_s,37,100,18,515,84,level_override_allowed,b+ceil((w-8)*b/(7 if w>8 else 8)),"max(min(b,4), ceil(w*b/8))",,,172,0x64bd9ea79aa34eac
28,com_less_s,38,100,18,529,86,level_override_allowed,b+ceil((w-8)*b/(7 if w>8 else 8)),"max(min(b,4), ceil(w*b/8))",,,172,0x64bd9ea79aa34eac
28,com_less_s,39,100,18,543,88,level_override_allowed,b+ceil((w-8)*b/(7 if w>8 else 8)),"max(min(b,4), ceil(w*b/8))",,,172,0x64bd9ea79aa34eac
28,com_less_s,40,100,18,558,90,level_override_allowed,b+ceil((w-8)*b/(7 if w>8 else 8)),"max(min(b,4), ceil(w*b/8))",,,172,0x64bd9ea79aa34eac
28,com_less_s,41,100,18,572,93,level_override_allowed,b+ceil((w-8)*b/(7 if w>8 else 8)),"max(min(b,4), ceil(w*b/8))",,,172,0x64bd9ea79aa34eac
28,com_less_s,42,100,18,586,95,level_override_allowed,b+ceil((w-8)*b/(7 if w>8 else 8)),"max(min(b,4), ceil(w*b/8))",,,172,0x64bd9ea79aa34eac
28,com_less_s,43,100,18,600,97,level_override_allowed,b+ceil((w-8)*b/(7 if w>8 else 8)),"max(min(b,4), ceil(w*b/8))",,,172,0x64bd9ea79aa34eac
28,com_less_s,44,100,18,615,99,level_override_allowed,b+ceil((w-8)*b/(7 if w>8 else 8)),"max(min(b,4), ceil(w*b/8))",,,172,0x64bd9ea79aa34eac
28,com_less_s,45,100,18,629,102,level_override_allowed,b+ceil((w-8)*b/(7 if w>8 else 8)),"max(min(b,4), ceil(w*b/8))",,,172,0x64bd9ea79aa34eac
28,com_less_s,46,100,18,643,104,level_override_allowed,b+ceil((w-8)*b/(7 if w>8 else 8)),"max(min(b,4), ceil(w*b/8))",,,172,0x64bd9ea79aa34eac
28,com_less_s,47,100,18,658,106,level_override_allowed,b+ceil((w-8)*b/(7 if w>8 else 8)),"max(min(b,4), ceil(w*b/8))",,,172,0x64bd9ea79aa34eac
28,com_less_s,48,100,18,672,108,level_override_allowed,b+ceil((w-8)*b/(7 if w>8 else 8)),"max(min(b,4), ceil(w*b/8))",,,172,0x64bd9ea79aa34eac
28,com_less_s,49,100,18,686,111,level_override_allowed,b+ceil((w-8)*b/(7 if w>8 else 8)),"max(min(b,4), ceil(w*b/8))",,,172,0x64bd9ea79aa34eac
28,com_less_s,50,100,18,700,113,level_override_allowed,b+ceil((w-8)*b/(7 if w>8 else 8)),"max(min(b,4), ceil(w*b/8))",,,172,0x64bd9ea79aa34eac
28,com_less_s,51,100,18,715,115,level_override_allowed,b+ceil((w-8)*b/(7 if w>8 else 8)),"max(min(b,4), ceil(w*b/8))",,,172,0x64bd9ea79aa34eac
28,com_less_s,52,100,18,729,117,level_override_allowed,b+ceil((w-8)*b/(7 if w>8 else 8)),"max(min(b,4), ceil(w*b/8))",,,172,0x64bd9ea79aa34eac
28,com_less_s,53,100,18,743,120,level_override_allowed,b+ceil((w-8)*b/(7 if w>8 else 8)),"max(min(b,4), ceil(w*b/8))",,,172,0x64bd9ea79aa34eac
28,com_less_s,54,100,18,758,122,level_override_allowed,b+ceil((w-8)*b/(7 if w>8 else 8)),"max(min(b,4), ceil(w*b/8))",,,172,0x64bd9ea79aa34eac
28,com_less_s,55,100,18,772,124,level_override_allowed,b+ceil((w-8)*b/(7 if w>8 else 8)),"max(min(b,4), ceil(w*b/8))",,,172,0x64bd9ea79aa34eac
28,com_less_s,56,100,18,786,126,level_override_allowed,b+ceil((w-8)*b/(7 if w>8 else 8)),"max(min(b,4), ceil(w*b/8))",,,172,0x64bd9ea79aa34eac
28,com_less_s,57,100,18,800,129,level_override_allowed,b+ceil((w-8)*b/(7 if w>8 else 8)),"max(min(b,4), ceil(w*b/8))",,,172,0x64bd9ea79aa34eac
28,com_less_s,58,100,18,815,131,level_override_allowed,b+ceil((w-8)*b/(7 if w>8 else 8)),"max(min(b,4), ceil(w*b/8))",,,172,0x64bd9ea79aa34eac
28,com_less_s,59,100,18,829,133,level_override_allowed,b+ceil((w-8)*b/(7 if w>8 else 8)),"max(min(b,4), ceil(w*b/8))",,,172,0x64bd9ea79aa34eac
28,com_less_s,60,100,18,843,135,level_override_allowed,b+ceil((w-8)*b/(7 if w>8 else 8)),"max(min(b,4), ceil(w*b/8))",,,172,0x64bd9ea79aa34eac
28,com_less_s,61,100,18,858,138,level_override_allowed,b+ceil((w-8)*b/(7 if w>8 else 8)),"max(min(b,4), ceil(w*b/8))",,,172,0x64bd9ea79aa34eac
28,com_less_s,62,100,18,872,140,level_override_allowed,b+ceil((w-8)*b/(7 if w>8 else 8)),"max(min(b,4), ceil(w*b/8))",,,172,0x64bd9ea79aa34eac
28,com_less_s,63,100,18,886,142,level_override_allowed,b+ceil((w-8)*b/(7 if w>8 else 8)),"max(min(b,4), ceil(w*b/8))",,,172,0x64bd9ea79aa34eac
28,com_less_s,64,100,18,900,144,level_override_allowed,b+ceil((w-8)*b/(7 if w>8 else 8)),"max(min(b,4), ceil(w*b/8))",,,172,0x64bd9ea79aa34eac
29,com_neg,1,100,25,13,4,level_override_allowed,b+ceil((w-8)*b/(7 if w>8 else 8)),"max(min(b,4), ceil(w*b/8))",,,154,0x145abc3af6ff1d9a
29,com_neg,2,100,25,25,7,level_override_allowed,b+ceil((w-8)*b/(7 if w>8 else 8)),"max(min(b,4), ceil(w*b/8))",,,154,0x145abc3af6ff1d9a
29,com_neg,3,100,25,38,10,level_override_allowed,b+ceil((w-8)*b/(7 if w>8 else 8)),"max(min(b,4), ceil(w*b/8))",,,154,0x145abc3af6ff1d9a
29,com_neg,4,100,25,50,13,level_override_allowed,b+ceil((w-8)*b/(7 if w>8 else 8)),"max(min(b,4), ceil(w*b/8))",,,154,0x145abc3af6ff1d9a
29,com_neg,5,100,25,63,16,level_override_allowed,b+ceil((w-8)*b/(7 if w>8 else 8)),"max(min(b,4), ceil(w*b/8))",,,154,0x145abc3af6ff1d9a
29,com_neg,6,100,25,75,19,level_override_allowed,b+ceil((w-8)*b/(7 if w>8 else 8)),"max(min(b,4), ceil(w*b/8))",,,154,0x145abc3af6ff1d9a
29,com_neg,7,100,25,88,22,level_override_allowed,b+ceil((w-8)*b/(7 if w>8 else 8)),"max(min(b,4), ceil(w*b/8))",,,154,0x145abc3af6ff1d9a
29,com_neg,8,100,25,100,25,level_override_allowed,b+ceil((w-8)*b/(7 if w>8 else 8)),"max(min(b,4), ceil(w*b/8))",,,154,0x145abc3af6ff1d9a
29,com_neg,9,100,25,115,29,level_override_allowed,b+ceil((w-8)*b/(7 if w>8 else 8)),"max(min(b,4), ceil(w*b/8))",,,154,0x145abc3af6ff1d9a
29,com_neg,10,100,25,129,32,level_override_allowed,b+ceil((w-8)*b/(7 if w>8 else 8)),"max(min(b,4), ceil(w*b/8))",,,154,0x145abc3af6ff1d9a
29,com_neg,11,100,25,143,35,level_override_allowed,b+ceil((w-8)*b/(7 if w>8 else 8)),"max(min(b,4), ceil(w*b/8))",,,154,0x145abc3af6ff1d9a
29,com_neg,12,100,25,158,38,level_override_allowed,b+ceil((w-8)*b/(7 if w>8 else 8)),"max(min(b,4), ceil(w*b/8))",,,154,0x145abc3af6ff1d9a
29,com_neg,13,100,25,172,41,level_override_allowed,b+ceil((w-8)*b/(7 if w>8 else 8)),"max(min(b,4), ceil(w*b/8))",,,154,0x145abc3af6ff1d9a
29,com_neg,14,100,25,186,44,level_override_allowed,b+ceil((w-8)*b/(7 if w>8 else 8)),"max(min(b,4), ceil(w*b/8))",,,154,0x145abc3af6ff1d9a
29,com_neg,15,100,25,200,47,level_override_allowed,b+ceil((w-8)*b/(7 if w>8 else 8)),"max(min(b,4), ceil(w*b/8))",,,154,0x145abc3af6ff1d9a
29,com_neg,16,100,25,215,50,level_override_allowed,b+ceil((w-8)*b/(7 if w>8 else 8)),"max(min(b,4), ceil(w*b/8))",,,154,0x145abc3af6ff1d9a
29,com_neg,17,100,25,229,54,level_override_allowed,b+ceil((w-8)*b/(7 if w>8 else 8)),"max(min(b,4), ceil(w*b/8))",,,154,0x145abc3af6ff1d9a
29,com_neg,18,100,25,243,57,level_override_allowed,b+ceil((w-8)*b/(7 if w>8 else 8)),"max(min(b,4), ceil(w*b/8))",,,154,0x145abc3af6ff1d9a
29,com_neg,19,100,25,258,60,level_override_allowed,b+ceil((w-8)*b/(7 if w>8 else 8)),"max(min(b,4), ceil(w*b/8))",,,154,0x145abc3af6ff1d9a
29,com_neg,20,100,25,272,63,level_override_allowed,b+ceil((w-8)*b/(7 if w>8 else 8)),"max(min(b,4), ceil(w*b/8))",,,154,0x145abc3af6ff1d9a
29,com_neg,21,100,25,286,66,level_override_allowed,b+ceil((w-8)*b/(7 if w>8 else 8)),"max(min(b,4), ceil(w*b/8))",,,154,0x145abc3af6ff1d9a
29,com_neg,22,100,25,300,69,level_override_allowed,b+ceil((w-8)*b/(7 if w>8 else 8)),"max(min(b,4), ceil(w*b/8))",,,154,0x145abc3af6ff1d9a
29,com_neg,23,100,25,315,72,level_override_allowed,b+ceil((w-8)*b/(7 if w>8 else 8)),"max(min(b,4), ceil(w*b/8))",,,154,0x145abc3af6ff1d9a
29,com_neg,24,100,25,329,75,level_override_allowed,b+ceil((w-8)*b/(7 if w>8 else 8)),"max(min(b,4), ceil(w*b/8))",,,154,0x145abc3af6ff1d9a
29,com_neg,25,100,25,343,79,level_override_allowed,b+ceil((w-8)*b/(7 if w>8 else 8)),"max(min(b,4), ceil(w*b/8))",,,154,0x145abc3af6ff1d9a
29,com_neg,26,100,25,358,82,level_override_allowed,b+ceil((w-8)*b/(7 if w>8 else 8)),"max(min(b,4), ceil(w*b/8))",,,154,0x145abc3af6ff1d9a
29,com_neg,27,100,25,372,85,level_override_allowed,b+ceil((w-8)*b/(7 if w>8 else 8)),"max(min(b,4), ceil(w*b/8))",,,154,0x145abc3af6ff1d9a
29,com_neg,28,100,25,386,88,level_override_allowed,b+ceil((w-8)*b/(7 if w>8 else 8)),"max(min(b,4), ceil(w*b/8))",,,154,0x145abc3af6ff1d9a
29,com_neg,29,100,25,400,91,level_override_allowed,b+ceil((w-8)*b/(7 if w>8 else 8)),"max(min(b,4), ceil(w*b/8))",,,154,0x145abc3af6ff1d9a
29,com_neg,30,100,25,415,94,level_override_allowed,b+ceil((w-8)*b/(7 if w>8 else 8)),"max(min(b,4), ceil(w*b/8))",,,154,0x145abc3af6ff1d9a
29,com_neg,31,100,25,429,97,level_override_allowed,b+ceil((w-8)*b/(7 if w>8 else 8)),"max(min(b,4), ceil(w*b/8))",,,154,0x145abc3af6ff1d9a
29,com_neg,32,100,25,443,100,level_override_allowed,b+ceil((w-8)*b/(7 if w>8 else 8)),"max(min(b,4), ceil(w*b/8))",,,154,0x145abc3af6ff1d9a
29,com_neg,33,100,25,458,104,level_override_allowed,b+ceil((w-8)*b/(7 if w>8 else 8)),"max(min(b,4), ceil(w*b/8))",,,154,0x145abc3af6ff1d9a
29,com_neg,34,100,25,472,107,level_override_allowed,b+ceil((w-8)*b/(7 if w>8 else 8)),"max(min(b,4), ceil(w*b/8))",,,154,0x145abc3af6ff1d9a
29,com_neg,35,100,25,486,110,level_override_allowed,b+ceil((w-8)*b/(7 if w>8 else 8)),"max(min(b,4), ceil(w*b/8))",,,154,0x145abc3af6ff1d9a
29,com_neg,36,100,25,500,113,level_override_allowed,b+ceil((w-8)*b/(7 if w>8 else 8)),"max(min(b,4), ceil(w*b/8))",,,154,0x145abc3af6ff1d9a
29,com_neg,37,100,25,515,116,level_override_allowed,b+ceil((w-8)*b/(7 if w>8 else 8)),"max(min(b,4), ceil(w*b/8))",,,154,0x145abc3af6ff1d9a
29,com_neg,38,100,25,529,119,level_override_allowed,b+ceil((w-8)*b/(7 if w>8 else 8)),"max(min(b,4), ceil(w*b/8))",,,154,0x145abc3af6ff1d9a
29,com_neg,39,100,25,543,122,level_override_allowed,b+ceil((w-8)*b/(7 if w>8 else 8)),"max(min(b,4), ceil(w*b/8))",,,154,0x145abc3af6ff1d9a
29,com_neg,40,100,25,558,125,level_override_allowed,b+ceil((w-8)*b/(7 if w>8 else 8)),"max(min(b,4), ceil(w*b/8))",,,154,0x145abc3af6ff1d9a
29,com_neg,41,100,25,572,129,level_override_allowed,b+ceil((w-8)*b/(7 if w>8 else 8)),"max(min(b,4), ceil(w*b/8))",,,154,0x145abc3af6ff1d9a
29,com_neg,42,100,25,586,132,level_override_allowed,b+ceil((w-8)*b/(7 if w>8 else 8)),"max(min(b,4), ceil(w*b/8))",,,154,0x145abc3af6ff1d9a
29,com_neg,43,100,25,600,135,level_override_allowed,b+ceil((w-8)*b/(7 if w>8 else 8)),"max(min(b,4), ceil(w*b/8))",,,154,0x145abc3af6ff1d9a
29,com_neg,44,100,25,615,138,level_override_allowed,b+ceil((w-8)*b/(7 if w>8 else 8)),"max(min(b,4), ceil(w*b/8))",,,154,0x145abc3af6ff1d9a
29,com_neg,45,100,25,629,141,level_override_allowed,b+ceil((w-8)*b/(7 if w>8 else 8)),"max(min(b,4), ceil(w*b/8))",,,154,0x145abc3af6ff1d9a
29,com_neg,46,100,25,643,144,level_override_allowed,b+ceil((w-8)*b/(7 if w>8 else 8)),"max(min(b,4), ceil(w*b/8))",,,154,0x145abc3af6ff1d9a
29,com_neg,47,100,25,658,147,level_override_allowed,b+ceil((w-8)*b/(7 if w>8 else 8)),"max(min(b,4), ceil(w*b/8))",,,154,0x145abc3af6ff1d9a
29,com_neg,48,100,25,672,150,level_override_allowed,b+ceil((w-8)*b/(7 if w>8 else 8)),"max(min(b,4), ceil(w*b/8))",,,154,0x145abc3af6ff1d9a
29,com_neg,49,100,25,686,154,level_override_allowed,b+ceil((w-8)*b/(7 if w>8 else 8)),"max(min(b,4), ceil(w*b/8))",,,154,0x145abc3af6ff1d9a
29,com_neg,50,100,25,700,157,level_override_allowed,b+ceil((w-8)*b/(7 if w>8 else 8)),"max(min(b,4), ceil(w*b/8))",,,154,0x145abc3af6ff1d9a
29,com_neg,51,100,25,715,160,level_override_allowed,b+ceil((w-8)*b/(7 if w>8 else 8)),"max(min(b,4), ceil(w*b/8))",,,154,0x145abc3af6ff1d9a
29,com_neg,52,100,25,729,163,level_override_allowed,b+ceil((w-8)*b/(7 if w>8 else 8)),"max(min(b,4), ceil(w*b/8))",,,154,0x145abc3af6ff1d9a
29,com_neg,53,100,25,743,166,level_override_allowed,b+ceil((w-8)*b/(7 if w>8 else 8)),"max(min(b,4), ceil(w*b/8))",,,154,0x145abc3af6ff1d9a
29,com_neg,54,100,25,758,169,level_override_allowed,b+ceil((w-8)*b/(7 if w>8 else 8)),"max(min(b,4), ceil(w*b/8))",,,154,0x145abc3af6ff1d9a
29,com_neg,55,100,25,772,172,level_override_allowed,b+ceil((w-8)*b/(7 if w>8 else 8)),"max(min(b,4), ceil(w*b/8))",,,154,0x145abc3af6ff1d9a
29,com_neg,56,100,25,786,175,level_override_allowed,b+ceil((w-8)*b/(7 if w>8 else 8)),"max(min(b,4), ceil(w*b/8))",,,154,0x145abc3af6ff1d9a
29,com_neg,57,100,25,800,179,level_override_allowed,b+ceil((w-8)*b/(7 if w>8 else 8)),"max(min(b,4), ceil(w*b/8))",,,154,0x145abc3af6ff1d9a
29,com_neg,58,100,25,815,182,level_override_allowed,b+ceil((w-8)*b/(7 if w>8 else 8)),"max(min(b,4), ceil(w*b/8))",,,154,0x145abc3af6ff1d9a
29,com_neg,59,100,25,829,185,level_override_allowed,b+ceil((w-8)*b/(7 if w>8 else 8)),"max(min(b,4), ceil(w*b/8))",,,154,0x145abc3af6ff1d9a
29,com_neg,60,100,25,843,188,level_override_allowed,b+ceil((w-8)*b/(7 if w>8 else 8)),"max(min(b,4), ceil(w*b/8))",,,154,0x145abc3af6ff1d9a
29,com_neg,61,100,25,858,191,level_override_allowed,b+ceil((w-8)*b/(7 if w>8 else 8)),"max(min(b,4), ceil(w*b/8))",,,154,0x145abc3af6ff1d9a
29,com_neg,62,100,25,872,194,level_override_allowed,b+ceil((w-8)*b/(7 if w>8 else 8)),"max(min(b,4), ceil(w*b/8))",,,154,0x145abc3af6ff1d9a
29,com_neg,63,100,25,886,197,level_override_allowed,b+ceil((w-8)*b/(7 if w>8 else 8)),"max(min(b,4), ceil(w*b/8))",,,154,0x145abc3af6ff1d9a
29,com_neg,64,100,25,900,200,level_override_allowed,b+ceil((w-8)*b/(7 if w>8 else 8)),"max(min(b,4), ceil(w*b/8))",,,154,0x145abc3af6ff1d9a
30,com_add,1,100,50,13,7,level_override_allowed,ceil(b*w/8),"max(min(b,4), ceil(w*b/8))",,,183,0xc0dc78afba55e8b6
30,com_add,2,100,50,25,13,level_override_allowed,ceil(b*w/8),"max(min(b,4), ceil(w*b/8))",,,183,0xc0dc78afba55e8b6
30,com_add,3,100,50,38,19,level_override_allowed,ceil(b*w/8),"max(min(b,4), ceil(w*b/8))",,,183,0xc0dc78afba55e8b6
30,com_add,4,100,50,50,25,level_override_allowed,ceil(b*w/8),"max(min(b,4), ceil(w*b/8))",,,183,0xc0dc78afba55e8b6
30,com_add,5,100,50,63,32,level_override_allowed,ceil(b*w/8),"max(min(b,4), ceil(w*b/8))",,,183,0xc0dc78afba55e8b6
30,com_add,6,100,50,75,38,level_override_allowed,ceil(b*w/8),"max(min(b,4), ceil(w*b/8))",,,183,0xc0dc78afba55e8b6
30,com_add,7,100,50,88,44,level_override_allowed,ceil(b*w/8),"max(min(b,4), ceil(w*b/8))",,,183,0xc0dc78afba55e8b6
30,com_add,8,100,50,100,50,level_override_allowed,ceil(b*w/8),"max(min(b,4), ceil(w*b/8))",,,183,0xc0dc78afba55e8b6
30,com_add,9,100,50,113,57,level_override_allowed,ceil(b*w/8),"max(min(b,4), ceil(w*b/8))",,,183,0xc0dc78afba55e8b6
30,com_add,10,100,50,125,63,level_override_allowed,ceil(b*w/8),"max(min(b,4), ceil(w*b/8))",,,183,0xc0dc78afba55e8b6
30,com_add,11,100,50,138,69,level_override_allowed,ceil(b*w/8),"max(min(b,4), ceil(w*b/8))",,,183,0xc0dc78afba55e8b6
30,com_add,12,100,50,150,75,level_override_allowed,ceil(b*w/8),"max(min(b,4), ceil(w*b/8))",,,183,0xc0dc78afba55e8b6
30,com_add,13,100,50,163,82,level_override_allowed,ceil(b*w/8),"max(min(b,4), ceil(w*b/8))",,,183,0xc0dc78afba55e8b6
30,com_add,14,100,50,175,88,level_override_allowed,ceil(b*w/8),"max(min(b,4), ceil(w*b/8))",,,183,0xc0dc78afba55e8b6
30,com_add,15,100,50,188,94,level_override_allowed,ceil(b*w/8),"max(min(b,4), ceil(w*b/8))",,,183,0xc0dc78afba55e8b6
30,com_add,16,100,50,200,100,level_override_allowed,ceil(b*w/8),"max(min(b,4), ceil(w*b/8))",,,183,0xc0dc78afba55e8b6
30,com_add,17,100,50,213,107,level_override_allowed,ceil(b*w/8),"max(min(b,4), ceil(w*b/8))",,,183,0xc0dc78afba55e8b6
30,com_add,18,100,50,225,113,level_override_allowed,ceil(b*w/8),"max(min(b,4), ceil(w*b/8))",,,183,0xc0dc78afba55e8b6
30,com_add,19,100,50,238,119,level_override_allowed,ceil(b*w/8),"max(min(b,4), ceil(w*b/8))",,,183,0xc0dc78afba55e8b6
30,com_add,20,100,50,250,125,level_override_allowed,ceil(b*w/8),"max(min(b,4), ceil(w*b/8))",,,183,0xc0dc78afba55e8b6
30,com_add,21,100,50,263,132,level_override_allowed,ceil(b*w/8),"max(min(b,4), ceil(w*b/8))",,,183,0xc0dc78afba55e8b6
30,com_add,22,100,50,275,138,level_override_allowed,ceil(b*w/8),"max(min(b,4), ceil(w*b/8))",,,183,0xc0dc78afba55e8b6
30,com_add,23,100,50,288,144,level_override_allowed,ceil(b*w/8),"max(min(b,4), ceil(w*b/8))",,,183,0xc0dc78afba55e8b6
30,com_add,24,100,50,300,150,level_override_allowed,ceil(b*w/8),"max(min(b,4), ceil(w*b/8))",,,183,0xc0dc78afba55e8b6
30,com_add,25,100,50,313,157,level_override_allowed,ceil(b*w/8),"max(min(b,4), ceil(w*b/8))",,,183,0xc0dc78afba55e8b6
30,com_add,26,100,50,325,163,level_override_allowed,ceil(b*w/8),"max(min(b,4), ceil(w*b/8))",,,183,0xc0dc78afba55e8b6
30,com_add,27,100,50,338,169,level_override_allowed,ceil(b*w/8),"max(min(b,4), ceil(w*b/8))",,,183,0xc0dc78afba55e8b6
30,com_add,28,100,50,350,175,level_override_allowed,ceil(b*w/8),"max(min(b,4), ceil(w*b/8))",,,183,0xc0dc78afba55e8b6
30,com_add,29,100,50,363,182,level_override_allowed,ceil(b*w/8),"max(min(b,4), ceil(w*b/8))",,,183,0xc0dc78afba55e8b6
30,com_add,30,100,50,375,188,level_override_allowed,ceil(b*w/8),"max(min(b,4), ceil(w*b/8))",,,183,0xc0dc78afba55e8b6
30,com_add,31,100,50,388,194,level_override_allowed,ceil(b*w/8),"max(min(b,4), ceil(w*b/8))",,,183,0xc0dc78afba55e8b6
30,com_add,32,100,50,400,200,level_override_allowed,ceil(b*w/8),"max(min(b,4), ceil(w*b/8))",,,183,0xc0dc78afba55e8b6
30,com_add,33,100,50,413,207,level_override_allowed,ceil(b*w/8),"max(min(b,4), ceil(w*b/8))",,,183,0xc0dc78afba55e8b6
30,com_add,34,100,50,425,213,level_override_allowed,ceil(b*w/8),"max(min(b,4), ceil(w*b/8))",,,183,0xc0dc78afba55e8b6
30,com_add,35,100,50,438,219,level_override_allowed,ceil(b*w/8),"max(min(b,4), ceil(w*b/8))",,,183,0xc0dc78afba55e8b6
30,com_add,36,100,50,450,225,level_override_allowed,ceil(b*w/8),"max(min(b,4), ceil(w*b/8))",,,183,0xc0dc78afba55e8b6
30,com_add,37,100,50,463,232,level_override_allowed,ceil(b*w/8),"max(min(b,4), ceil(w*b/8))",,,183,0xc0dc78afba55e8b6
30,com_add,38,100,50,475,238,level_override_allowed,ceil(b*w/8),"max(min(b,4), ceil(w*b/8))",,,183,0xc0dc78afba55e8b6
30,com_add,39,100,50,488,244,level_override_allowed,ceil(b*w/8),"max(min(b,4), ceil(w*b/8))",,,183,0xc0dc78afba55e8b6
30,com_add,40,100,50,500,250,level_override_allowed,ceil(b*w/8),"max(min(b,4), ceil(w*b/8))",,,183,0xc0dc78afba55e8b6
30,com_add,41,100,50,513,257,level_override_allowed,ceil(b*w/8),"max(min(b,4), ceil(w*b/8))",,,183,0xc0dc78afba55e8b6
30,com_add,42,100,50,525,263,level_override_allowed,ceil(b*w/8),"max(min(b,4), ceil(w*b/8))",,,183,0xc0dc78afba55e8b6
30,com_add,43,100,50,538,269,level_override_allowed,ceil(b*w/8),"max(min(b,4), ceil(w*b/8))",,,183,0xc0dc78afba55e8b6
30,com_add,44,100,50,550,275,level_override_allowed,ceil(b*w/8),"max(min(b,4), ceil(w*b/8))",,,183,0xc0dc78afba55e8b6
30,com_add,45,100,50,563,282,level_override_allowed,ceil(b*w/8),"max(min(b,4), ceil(w*b/8))",,,183,0xc0dc78afba55e8b6
30,com_add,46,100,50,575,288,level_override_allowed,ceil(b*w/8),"max(min(b,4), ceil(w*b/8))",,,183,0xc0dc78afba55e8b6
30,com_add,47,100,50,588,294,level_override_allowed,ceil(b*w/8),"max(min(b,4), ceil(w*b/8))",,,183,0xc0dc78afba55e8b6
30,com_add,48,100,50,600,300,level_override_allowed,ceil(b*w/8),"max(min(b,4), ceil(w*b/8))",,,183,0xc0dc78afba55e8b6
30,com_add,49,100,50,613,307,level_override_allowed,ceil(b*w/8),"max(min(b,4), ceil(w*b/8))",,,183,0xc0dc78afba55e8b6
30,com_add,50,100,50,625,313,level_override_allowed,ceil(b*w/8),"max(min(b,4), ceil(w*b/8))",,,183,0xc0dc78afba55e8b6
30,com_add,51,100,50,638,319,level_override_allowed,ceil(b*w/8),"max(min(b,4), ceil(w*b/8))",,,183,0xc0dc78afba55e8b6
30,com_add,52,100,50,650,325,level_override_allowed,ceil(b*w/8),"max(min(b,4), ceil(w*b/8))",,,183,0xc0dc78afba55e8b6
30,com_add,53,100,50,663,332,level_override_allowed,ceil(b*w/8),"max(min(b,4), ceil(w*b/8))",,,183,0xc0dc78afba55e8b6
30,com_add,54,100,50,675,338,level_override_allowed,ceil(b*w/8),"max(min(b,4), ceil(w*b/8))",,,183,0xc0dc78afba55e8b6
30,com_add,55,100,50,688,344,level_override_allowed,ceil(b*w/8),"max(min(b,4), ceil(w*b/8))",,,183,0xc0dc78afba55e8b6
30,com_add,56,100,50,700,350,level_override_allowed,ceil(b*w/8),"max(min(b,4), ceil(w*b/8))",,,183,0xc0dc78afba55e8b6
30,com_add,57,100,50,713,357,level_override_allowed,ceil(b*w/8),"max(min(b,4), ceil(w*b/8))",,,183,0xc0dc78afba55e8b6
30,com_add,58,100,50,725,363,level_override_allowed,ceil(b*w/8),"max(min(b,4), ceil(w*b/8))",,,183,0xc0dc78afba55e8b6
30,com_add,59,100,50,738,369,level_override_allowed,ceil(b*w/8),"max(min(b,4), ceil(w*b/8))",,,183,0xc0dc78afba55e8b6
30,com_add,60,100,50,750,375,level_override_allowed,ceil(b*w/8),"max(min(b,4), ceil(w*b/8))",,,183,0xc0dc78afba55e8b6
30,com_add,61,100,50,763,382,level_override_allowed,ceil(b*w/8),"max(min(b,4), ceil(w*b/8))",,,183,0xc0dc78afba55e8b6
30,com_add,62,100,50,775,388,level_override_allowed,ceil(b*w/8),"max(min(b,4), ceil(w*b/8))",,,183,0xc0dc78afba55e8b6
30,com_add,63,100,50,788,394,level_override_allowed,ceil(b*w/8),"max(min(b,4), ceil(w*b/8))",,,183,0xc0dc78afba55e8b6
30,com_add,64,100,50,800,400,level_override_allowed,ceil(b*w/8),"max(min(b,4), ceil(w*b/8))",,,183,0xc0dc78afba55e8b6
31,com_mul,1,400,200,50,25,level_override_allowed,"max(0, ceil(w*w*b/64)) if w>8 else max(0, ceil(w*b/8))","max(min(b,4), ceil(w*b/8))",,,86,0x8096056dec115856
31,com_mul,2,400,200,100,50,level_override_allowed,"max(0, ceil(w*w*b/64)) if w>8 else max(0, ceil(w*b/8))","max(min(b,4), ceil(w*b/8))",,,86,0x8096056dec115856
31,com_mul,3,400,200,150,75,level_override_allowed,"max(0, ceil(w*w*b/64)) if w>8 else max(0, ceil(w*b/8))","max(min(b,4), ceil(w*b/8))",,,86,0x8096056dec115856
31,com_mul,4,400,200,200,100,level_override_allowed,"max(0, ceil(w*w*b/64)) if w>8 else max(0, ceil(w*b/8))","max(min(b,4), ceil(w*b/8))",,,86,0x8096056dec115856
31,com_mul,5,400,200,250,125,level_override_allowed,"max(0, ceil(w*w*b/64)) if w>8 else max(0, ceil(w*b/8))","max(min(b,4), ceil(w*b/8))",,,86,0x8096056dec115856
31,com_mul,6,400,200,300,150,level_override_allowed,"max(0, ceil(w*w*b/64)) if w>8 else max(0, ceil(w*b/8))","max(min(b,4), ceil(w*b/8))",,,86,0x8096056dec115856
31,com_mul,7,400,200,350,175,level_override_allowed,"max(0, ceil(w*w*b/64)) if w>8 else max(0, ceil(w*b/8))","max(min(b,4), ceil(w*b/8))",,,86,0x8096056dec115856
31,com_mul,8,400,200,400,200,level_override_allowed,"max(0, ceil(w*w*b/64)) if w>8 else max(0, ceil(w*b/8))","max(min(b,4), ceil(w*b/8))",,,86,0x8096056dec115856
31,com_mul,9,400,200,507,225,level_override_allowed,"max(0, ceil(w*w*b/64)) if w>8 else max(0, ceil(w*b/8))","max(min(b,4), ceil(w*b/8))",,,86,0x8096056dec115856
31,com_mul,10,400,200,625,250,level_override_allowed,"max(0, ceil(w*w*b/64)) if w>8 else max(0, ceil(w*b/8))","max(min(b,4), ceil(w*b/8))",,,86,0x8096056dec115856
31,com_mul,11,400,200,757,275,level_override_allowed,"max(0, ceil(w*w*b/64)) if w>8 else max(0, ceil(w*b/8))","max(min(b,4), ceil(w*b/8))",,,86,0x8096056dec115856
31,com_mul,12,400,200,900,300,level_override_allowed,"max(0, ceil(w*w*b/64)) if w>8 else max(0, ceil(w*b/8))","max(min(b,4), ceil(w*b/8))",,,86,0x8096056dec115856
31,com_mul,13,400,200,1057,325,level_override_allowed,"max(0, ceil(w*w*b/64)) if w>8 else max(0, ceil(w*b/8))","max(min(b,4), ceil(w*b/8))",,,86,0x8096056dec115856
31,com_mul,14,400,200,1225,350,level_override_allowed,"max(0, ceil(w*w*b/64)) if w>8 else max(0, ceil(w*b/8))","max(min(b,4), ceil(w*b/8))",,,86,0x8096056dec115856
31,com_mul,15,400,200,1407,375,level_override_allowed,"max(0, ceil(w*w*b/64)) if w>8 else max(0, ceil(w*b/8))","max(min(b,4), ceil(w*b/8))",,,86,0x8096056dec115856
31,com_mul,16,400,200,1600,400,level_override_allowed,"max(0, ceil(w*w*b/64)) if w>8 else max(0, ceil(w*b/8))","max(min(b,4), ceil(w*b/8))",,,86,0x8096056dec115856
31,com_mul,17,400,200,1807,425,level_override_allowed,"max(0, ceil(w*w*b/64)) if w>8 else max(0, ceil(w*b/8))","max(min(b,4), ceil(w*b/8))",,,86,0x8096056dec115856
31,com_mul,18,400,200,2025,450,level_override_allowed,"max(0, ceil(w*w*b/64)) if w>8 else max(0, ceil(w*b/8))","max(min(b,4), ceil(w*b/8))",,,86,0x8096056dec115856
31,com_mul,19,400,200,2257,475,level_override_allowed,"max(0, ceil(w*w*b/64)) if w>8 else max(0, ceil(w*b/8))","max(min(b,4), ceil(w*b/8))",,,86,0x8096056dec115856
31,com_mul,20,400,200,2500,500,level_override_allowed,"max(0, ceil(w*w*b/64)) if w>8 else max(0, ceil(w*b/8))","max(min(b,4), ceil(w*b/8))",,,86,0x8096056dec115856
31,com_mul,21,400,200,2757,525,level_override_allowed,"max(0, ceil(w*w*b/64)) if w>8 else max(0, ceil(w*b/8))","max(min(b,4), ceil(w*b/8))",,,86,0x8096056dec115856
31,com_mul,22,400,200,3025,550,level_override_allowed,"max(0, ceil(w*w*b/64)) if w>8 else max(0, ceil(w*b/8))","max(min(b,4), ceil(w*b/8))",,,86,0x8096056dec115856
31,com_mul,23,400,200,3307,575,level_override_allowed,"max(0, ceil(w*w*b/64)) if w>8 else max(0, ceil(w*b/8))","max(min(b,4), ceil(w*b/8))",,,86,0x8096056dec115856
31,com_mul,24,400,200,3600,600,level_override_allowed,"max(0, ceil(w*w*b/64)) if w>8 else max(0, ceil(w*b/8))","max(min(b,4), ceil(w*b/8))",,,86,0x8096056dec115856
31,com_mul,25,400,200,3907,625,level_override_allowed,"max(0, ceil(w*w*b/64)) if w>8 else max(0, ceil(w*b/8))","max(min(b,4), ceil(w*b/8))",,,86,0x8096056dec115856
31,com_mul,26,400,200,4225,650,level_override_allowed,"max(0, ceil(w*w*b/64)) if w>8 else max(0, ceil(w*b/8))","max(min(b,4), ceil(w*b/8))",,,86,0x8096056dec115856
31,com_mul,27,400,200,4557,675,level_override_allowed,"max(0, ceil(w*w*b/64)) if w>8 else max(0, ceil(w*b/8))","max(min(b,4), ceil(w*b/8))",,,86,0x8096056dec115856
31,com_mul,28,400,200,4900,700,level_override_allowed,"max(0, ceil(w*w*b/64)) if w>8 else max(0, ceil(w*b/8))","max(min(b,4), ceil(w*b/8))",,,86,0x8096056dec115856
31,com_mul,29,400,200,5257,725,level_override_allowed,"max(0, ceil(w*w*b/64)) if w>8 else max(0, ceil(w*b/8))","max(min(b,4), ceil(w*b/8))",,,86,0x8096056dec115856
31,com_mul,30,400,200,5625,750,level_override_allowed,"max(0, ceil(w*w*b/64)) if w>8 else max(0, ceil(w*b/8))","max(min(b,4), ceil(w*b/8))",,,86,0x8096056dec115856
31,com_mul,31,400,200,6007,775,level_override_allowed,"max(0, ceil(w*w*b/64)) if w>8 else max(0, ceil(w*b/8))","max(min(b,4), ceil(w*b/8))",,,86,0x8096056dec115856
31,com_mul,32,400,200,6400,800,level_override_allowed,"max(0, ceil(w*w*b/64)) if w>8 else max(0, ceil(w*b/8))","max(min(b,4), ceil(w*b/8))",,,86,0x8096056dec115856
31,com_mul,33,400,200,6807,825,level_override_allowed,"max(0, ceil(w*w*b/64)) if w>8 else max(0, ceil(w*b/8))","max(min(b,4), ceil(w*b/8))",,,86,0x8096056dec115856
31,com_mul,34,400,200,7225,850,level_override_allowed,"max(0, ceil(w*w*b/64)) if w>8 else max(0, ceil(w*b/8))","max(min(b,4), ceil(w*b/8))",,,86,0x8096056dec115856
31,com_mul,35,400,200,7657,875,level_override_allowed,"max(0, ceil(w*w*b/64)) if w>8 else max(0, ceil(w*b/8))","max(min(b,4), ceil(w*b/8))",,,86,0x8096056dec115856
31,com_mul,36,400,200,8100,900,level_override_allowed,"max(0, ceil(w*w*b/64)) if w>8 else max(0, ceil(w*b/8))","max(min(b,4), ceil(w*b/8))",,,86,0x8096056dec115856
31,com_mul,37,400,200,8557,925,level_override_allowed,"max(0, ceil(w*w*b/64)) if w>8 else max(0, ceil(w*b/8))","max(min(b,4), ceil(w*b/8))",,,86,0x8096056dec115856
31,com_mul,38,400,200,9025,950,level_override_allowed,"max(0, ceil(w*w*b/64)) if w>8 else max(0, ceil(w*b/8))","max(min(b,4), ceil(w*b/8))",,,86,0x8096056dec115856
31,com_mul,39,400,200,9507,975,level_override_allowed,"max(0, ceil(w*w*b/64)) if w>8 else max(0, ceil(w*b/8))","max(min(b,4), ceil(w*b/8))",,,86,0x8096056dec115856
31,com_mul,40,400,200,10000,1000,level_override_allowed,"max(0, ceil(w*w*b/64)) if w>8 else max(0, ceil(w*b/8))","max(min(b,4), ceil(w*b/8))",,,86,0x8096056dec115856
31,com_mul,41,400,200,10507,1025,level_override_allowed,"max(0, ceil(w*w*b/64)) if w>8 else max(0, ceil(w*b/8))","max(min(b,4), ceil(w*b/8))",,,86,0x8096056dec115856
31,com_mul,42,400,200,11025,1050,level_override_allowed,"max(0, ceil(w*w*b/64)) if w>8 else max(0, ceil(w*b/8))","max(min(b,4), ceil(w*b/8))",,,86,0x8096056dec115856
31,com_mul,43,400,200,11557,1075,level_override_allowed,"max(0, ceil(w*w*b/64)) if w>8 else max(0, ceil(w*b/8))","max(min(b,4), ceil(w*b/8))",,,86,0x8096056dec115856
31,com_mul,44,400,200,12100,1100,level_override_allowed,"max(0, ceil(w*w*b/64)) if w>8 else max(0, ceil(w*b/8))","max(min(b,4), ceil(w*b/8))",,,86,0x8096056dec115856
31,com_mul,45,400,200,12657,1125,level_override_allowed,"max(0, ceil(w*w*b/64)) if w>8 else max(0, ceil(w*b/8))","max(min(b,4), ceil(w*b/8))",,,86,0x8096056dec115856
31,com_mul,46,400,200,13225,1150,level_override_allowed,"max(0, ceil(w*w*b/64)) if w>8 else max(0, ceil(w*b/8))","max(min(b,4), ceil(w*b/8))",,,86,0x8096056dec115856
31,com_mul,47,400,200,13807,1175,level_override_allowed,"max(0, ceil(w*w*b/64)) if w>8 else max(0, ceil(w*b/8))","max(min(b,4), ceil(w*b/8))",,,86,0x8096056dec115856
31,com_mul,48,400,200,14400,1200,level_override_allowed,"max(0, ceil(w*w*b/64)) if w>8 else max(0, ceil(w*b/8))","max(min(b,4), ceil(w*b/8))",,,86,0x8096056dec115856
31,com_mul,49,400,200,15007,1225,level_override_allowed,"max(0, ceil(w*w*b/64)) if w>8 else max(0, ceil(w*b/8))","max(min(b,4), ceil(w*b/8))",,,86,0x8096056dec115856
31,com_mul,50,400,200,15625,1250,level_override_allowed,"max(0, ceil(w*w*b/64)) if w>8 else max(0, ceil(w*b/8))","max(min(b,4), ceil(w*b/8))",,,86,0x8096056dec115856
31,com_mul,51,400,200,16257,1275,level_override_allowed,"max(0, ceil(w*w*b/64)) if w>8 else max(0, ceil(w*b/8))","max(min(b,4), ceil(w*b/8))",,,86,0x8096056dec115856
31,com_mul,52,400,200,16900,1300,level_override_allowed,"max(0, ceil(w*w*b/64)) if w>8 else max(0, ceil(w*b/8))","max(min(b,4), ceil(w*b/8))",,,86,0x8096056dec115856
31,com_mul,53,400,200,17557,1325,level_override_allowed,"max(0, ceil(w*w*b/64)) if w>8 else max(0, ceil(w*b/8))","max(min(b,4), ceil(w*b/8))",,,86,0x8096056dec115856
31,com_mul,54,400,200,18225,1350,level_override_allowed,"max(0, ceil(w*w*b/64)) if w>8 else max(0, ceil(w*b/8))","max(min(b,4), ceil(w*b/8))",,,86,0x8096056dec115856
31,com_mul,55,400,200,18907,1375,level_override_allowed,"max(0, ceil(w*w*b/64)) if w>8 else max(0, ceil(w*b/8))","max(min(b,4), ceil(w*b/8))",,,86,0x8096056dec115856
31,com_mul,56,400,200,19600,1400,level_override_allowed,"max(0, ceil(w*w*b/64)) if w>8 else max(0, ceil(w*b/8))","max(min(b,4), ceil(w*b/8))",,,86,0x8096056dec115856
31,com_mul,57,400,200,20307,1425,level_override_allowed,"max(0, ceil(w*w*b/64)) if w>8 else max(0, ceil(w*b/8))","max(min(b,4), ceil(w*b/8))",,,86,0x8096056dec115856
31,com_mul,58,400,200,21025,1450,level_override_allowed,"max(0, ceil(w*w*b/64)) if w>8 else max(0, ceil(w*b/8))","max(min(b,4), ceil(w*b/8))",,,86,0x8096056dec115856
31,com_mul,59,400,200,21757,1475,level_override_allowed,"max(0, ceil(w*w*b/64)) if w>8 else max(0, ceil(w*b/8))","max(min(b,4), ceil(w*b/8))",,,86,0x8096056dec115856
31,com_mul,60,400,200,22500,1500,level_override_allowed,"max(0, ceil(w*w*b/64)) if w>8 else max(0, ceil(w*b/8))","max(min(b,4), ceil(w*b/8))",,,86,0x8096056dec115856
31,com_mul,61,400,200,23257,1525,level_override_allowed,"max(0, ceil(w*w*b/64)) if w>8 else max(0, ceil(w*b/8))","max(min(b,4), ceil(w*b/8))",,,86,0x8096056dec115856
31,com_mul,62,400,200,24025,1550,level_override_allowed,"max(0, ceil(w*w*b/64)) if w>8 else max(0, ceil(w*b/8))","max(min(b,4), ceil(w*b/8))",,,86,0x8096056dec115856
31,com_mul,63,400,200,24807,1575,level_override_allowed,"max(0, ceil(w*w*b/64)) if w>8 else max(0, ceil(w*b/8))","max(min(b,4), ceil(w*b/8))",,,86,0x8096056dec115856
31,com_mul,64,400,200,25600,1600,level_override_allowed,"max(0, ceil(w*w*b/64)) if w>8 else max(0, ceil(w*b/8))","max(min(b,4), ceil(w*b/8))",,,86,0x8096056dec115856
32,com_div,1,656,273,82,35,level_override_allowed,"max(0, ceil(w*w*b/64)) if w>8 else max(0, ceil(w*b/8))","max(min(b,4), ceil(w*b/8))",,,158,0x17334d09c9b7bd9e
32,com_div,2,656,273,164,69,level_override_allowed,"max(0, ceil(w*w*b/64)) if w>8 else max(0, ceil(w*b/8))","max(min(b,4), ceil(w*b/8))",,,158,0x17334d09c9b7bd9e
32,com_div,3,656,273,246,103,level_override_allowed,"max(0, ceil(w*w*b/64)) if w>8 else max(0, ceil(w*b/8))","max(min(b,4), ceil(w*b/8))",,,158,0x17334d09c9b7bd9e
32,com_div,4,656,273,328,137,level_override_allowed,"max(0, ceil(w*w*b/64)) if w>8 else max(0, ceil(w*b/8))","max(min(b,4), ceil(w*b/8))",,,158,0x17334d09c9b7bd9e
32,com_div,5,656,273,410,171,level_override_allowed,"max(0, ceil(w*w*b/64)) if w>8 else max(0, ceil(w*b/8))","max(min(b,4), ceil(w*b/8))",,,158,0x17334d09c9b7bd9e
32,com_div,6,656,273,492,205,level_override_allowed,"max(0, ceil(w*w*b/64)) if w>8 else max(0, ceil(w*b/8))","max(min(b,4), ceil(w*b/8))",,,158,0x17334d09c9b7bd9e
32,com_div,7,656,273,574,239,level_override_allowed,"max(0, ceil(w*w*b/64)) if w>8 else max(0, ceil(w*b/8))","max(min(b,4), ceil(w*b/8))",,,158,0x17334d09c9b7bd9e
32,com_div,8,656,273,656,273,level_override_allowed,"max(0, ceil(w*w*b/64)) if w>8 else max(0, ceil(w*b/8))","max(min(b,4), ceil(w*b/8))",,,158,0x17334d09c9b7bd9e
32,com_div,9,656,273,831,308,level_override_allowed,"max(0, ceil(w*w*b/64)) if w>8 else max(0, ceil(w*b/8))","max(min(b,4), ceil(w*b/8))",,,158,0x17334d09c9b7bd9e
32,com_div,10,656,273,1025,342,level_override_allowed,"max(0, ceil(w*w*b/64)) if w>8 else max(0, ceil(w*b/8))","max(min(b,4), ceil(w*b/8))",,,158,0x17334d09c9b7bd9e
32,com_div,11,656,273,1241,376,level_override_allowed,"max(0, ceil(w*w*b/64)) if w>8 else max(0, ceil(w*b/8))","max(min(b,4), ceil(w*b/8))",,,158,0x17334d09c9b7bd9e
32,com_div,12,656,273,1476,410,level_override_allowed,"max(0, ceil(w*w*b/64)) if w>8 else max(0, ceil(w*b/8))","max(min(b,4), ceil(w*b/8))",,,158,0x17334d09c9b7bd9e
32,com_div,13,656,273,1733,444,level_override_allowed,"max(0, ceil(w*w*b/64)) if w>8 else max(0, ceil(w*b/8))","max(min(b,4), ceil(w*b/8))",,,158,0x17334d09c9b7bd9e
32,com_div,14,656,273,2009,478,level_override_allowed,"max(0, ceil(w*w*b/64)) if w>8 else max(0, ceil(w*b/8))","max(min(b,4), ceil(w*b/8))",,,158,0x17334d09c9b7bd9e
32,com_div,15,656,273,2307,512,level_override_allowed,"max(0, ceil(w*w*b/64)) if w>8 else max(0, ceil(w*b/8))","max(min(b,4), ceil(w*b/8))",,,158,0x17334d09c9b7bd9e
32,com_div,16,656,273,2624,546,level_override_allowed,"max(0, ceil(w*w*b/64)) if w>8 else max(0, ceil(w*b/8))","max(min(b,4), ceil(w*b/8))",,,158,0x17334d09c9b7bd9e
32,com_div,17,656,273,2963,581,level_override_allowed,"max(0, ceil(w*w*b/64)) if w>8 else max(0, ceil(w*b/8))","max(min(b,4), ceil(w*b/8))",,,158,0x17334d09c9b7bd9e
32,com_div,18,656,273,3321,615,level_override_allowed,"max(0, ceil(w*w*b/64)) if w>8 else max(0, ceil(w*b/8))","max(min(b,4), ceil(w*b/8))",,,158,0x17334d09c9b7bd9e
32,com_div,19,656,273,3701,649,level_override_allowed,"max(0, ceil(w*w*b/64)) if w>8 else max(0, ceil(w*b/8))","max(min(b,4), ceil(w*b/8))",,,158,0x17334d09c9b7bd9e
32,com_div,20,656,273,4100,683,level_override_allowed,"max(0, ceil(w*w*b/64)) if w>8 else max(0, ceil(w*b/8))","max(min(b,4), ceil(w*b/8))",,,158,0x17334d09c9b7bd9e
32,com_div,21,656,273,4521,717,level_override_allowed,"max(0, ceil(w*w*b/64)) if w>8 else max(0, ceil(w*b/8))","max(min(b,4), ceil(w*b/8))",,,158,0x17334d09c9b7bd9e
32,com_div,22,656,273,4961,751,level_override_allowed,"max(0, ceil(w*w*b/64)) if w>8 else max(0, ceil(w*b/8))","max(min(b,4), ceil(w*b/8))",,,158,0x17334d09c9b7bd9e
32,com_div,23,656,273,5423,785,level_override_allowed,"max(0, ceil(w*w*b/64)) if w>8 else max(0, ceil(w*b/8))","max(min(b,4), ceil(w*b/8))",,,158,0x17334d09c9b7bd9e
32,com_div,24,656,273,5904,819,level_override_allowed,"max(0, ceil(w*w*b/64)) if w>8 else max(0, ceil(w*b/8))","max(min(b,4), ceil(w*b/8))",,,158,0x17334d09c9b7bd9e
32,com_div,25,656,273,6407,854,level_override_allowed,"max(0, ceil(w*w*b/64)) if w>8 else max(0, ceil(w*b/8))","max(min(b,4), ceil(w*b/8))",,,158,0x17334d09c9b7bd9e
32,com_div,26,656,273,6929,888,level_override_allowed,"max(0, ceil(w*w*b/64)) if w>8 else max(0, ceil(w*b/8))","max(min(b,4), ceil(w*b/8))",,,158,0x17334d09c9b7bd9e
32,com_div,27,656,273,7473,922,level_override_allowed,"max(0, ceil(w*w*b/64)) if w>8 else max(0, ceil(w*b/8))","max(min(b,4), ceil(w*b/8))",,,158,0x17334d09c9b7bd9e
32,com_div,28,656,273,8036,956,level_override_allowed,"max(0, ceil(w*w*b/64)) if w>8 else max(0, ceil(w*b/8))","max(min(b,4), ceil(w*b/8))",,,158,0x17334d09c9b7bd9e
32,com_div,29,656,273,8621,990,level_override_allowed,"max(0, ceil(w*w*b/64)) if w>8 else max(0, ceil(w*b/8))","max(min(b,4), ceil(w*b/8))",,,158,0x17334d09c9b7bd9e
32,com_div,30,656,273,9225,1024,level_override_allowed,"max(0, ceil(w*w*b/64)) if w>8 else max(0, ceil(w*b/8))","max(min(b,4), ceil(w*b/8))",,,158,0x17334d09c9b7bd9e
32,com_div,31,656,273,9851,1058,level_override_allowed,"max(0, ceil(w*w*b/64)) if w>8 else max(0, ceil(w*b/8))","max(min(b,4), ceil(w*b/8))",,,158,0x17334d09c9b7bd9e
32,com_div,32,656,273,10496,1092,level_override_allowed,"max(0, ceil(w*w*b/64)) if w>8 else max(0, ceil(w*b/8))","max(min(b,4), ceil(w*b/8))",,,158,0x17334d09c9b7bd9e
32,com_div,33,656,273,11163,1127,level_override_allowed,"max(0, ceil(w*w*b/64)) if w>8 else max(0, ceil(w*b/8))","max(min(b,4), ceil(w*b/8))",,,158,0x17334d09c9b7bd9e
32,com_div,34,656,273,11849,1161,level_override_allowed,"max(0, ceil(w*w*b/64)) if w>8 else max(0, ceil(w*b/8))","max(min(b,4), ceil(w*b/8))",,,158,0x17334d09c9b7bd9e
32,com_div,35,656,273,12557,1195,level_override_allowed,"max(0, ceil(w*w*b/64)) if w>8 else max(0, ceil(w*b/8))","max(min(b,4), ceil(w*b/8))",,,158,0x17334d09c9b7bd9e
32,com_div,36,656,273,13284,1229,level_override_allowed,"max(0, ceil(w*w*b/64)) if w>8 else max(0, ceil(w*b/8))","max(min(b,4), ceil(w*b/8))",,,158,0x17334d09c9b7bd9e
32,com_div,37,656,273,14033,1263,level_override_allowed,"max(0, ceil(w*w*b/64)) if w>8 else max(0, ceil(w*b/8))","max(min(b,4), ceil(w*b/8))",,,158,0x17334d09c9b7bd9e
32,com_div,38,656,273,14801,1297,level_override_allowed,"max(0, ceil(w*w*b/64)) if w>8 else max(0, ceil(w*b/8))","max(min(b,4), ceil(w*b/8))",,,158,0x17334d09c9b7bd9e
32,com_div,39,656,273,15591,1331,level_override_allowed,"max(0, ceil(w*w*b/64)) if w>8 else max(0, ceil(w*b/8))","max(min(b,4), ceil(w*b/8))",,,158,0x17334d09c9b7bd9e
32,com_div,40,656,273,16400,1365,level_override_allowed,"max(0, ceil(w*w*b/64)) if w>8 else max(0, ceil(w*b/8))","max(min(b,4), ceil(w*b/8))",,,158,0x17334d09c9b7bd9e
32,com_div,41,656,273,17231,1400,level_override_allowed,"max(0, ceil(w*w*b/64)) if w>8 else max(0, ceil(w*b/8))","max(min(b,4), ceil(w*b/8))",,,158,0x17334d09c9b7bd9e
32,com_div,42,656,273,18081,1434,level_override_allowed,"max(0, ceil(w*w*b/64)) if w>8 else max(0, ceil(w*b/8))","max(min(b,4), ceil(w*b/8))",,,158,0x17334d09c9b7bd9e
32,com_div,43,656,273,18953,1468,level_override_allowed,"max(0, ceil(w*w*b/64)) if w>8 else max(0, ceil(w*b/8))","max(min(b,4), ceil(w*b/8))",,,158,0x17334d09c9b7bd9e
32,com_div,44,656,273,19844,1502,level_override_allowed,"max(0, ceil(w*w*b/64)) if w>8 else max(0, ceil(w*b/8))","max(min(b,4), ceil(w*b/8))",,,158,0x17334d09c9b7bd9e
32,com_div,45,656,273,20757,1536,level_override_allowed,"max(0, ceil(w*w*b/64)) if w>8 else max(0, ceil(w*b/8))","max(min(b,4), ceil(w*b/8))",,,158,0x17334d09c9b7bd9e
32,com_div,46,656,273,21689,1570,level_override_allowed,"max(0, ceil(w*w*b/64)) if w>8 else max(0, ceil(w*b/8))","max(min(b,4), ceil(w*b/8))",,,158,0x17334d09c9b7bd9e
32,com_div,47,656,273,22643,1604,level_override_allowed,"max(0, ceil(w*w*b/64)) if w>8 else max(0, ceil(w*b/8))","max(min(b,4), ceil(w*b/8))",,,158,0x17334d09c9b7bd9e
32,com_div,48,656,273,23616,1638,level_override_allowed,"max(0, ceil(w*w*b/64)) if w>8 else max(0, ceil(w*b/8))","max(min(b,4), ceil(w*b/8))",,,158,0x17334d09c9b7bd9e
32,com_div,49,656,273,24611,1673,level_override_allowed,"max(0, ceil(w*w*b/64)) if w>8 else max(0, ceil(w*b/8))","max(min(b,4), ceil(w*b/8))",,,158,0x17334d09c9b7bd9e
32,com_div,50,656,273,25625,1707,level_override_allowed,"max(0, ceil(w*w*b/64)) if w>8 else max(0, ceil(w*b/8))","max(min(b,4), ceil(w*b/8))",,,158,0x17334d09c9b7bd9e
32,com_div,51,656,273,26661,1741,level_override_allowed,"max(0, ceil(w*w*b/64)) if w>8 else max(0, ceil(w*b/8))","max(min(b,4), ceil(w*b/8))",,,158,0x17334d09c9b7bd9e
32,com_div,52,656,273,27716,1775,level_override_allowed,"max(0, ceil(w*w*b/64)) if w>8 else max(0, ceil(w*b/8))","max(min(b,4), ceil(w*b/8))",,,158,0x17334d09c9b7bd9e
32,com_div,53,656,273,28793,1809,level_override_allowed,"max(0, ceil(w*w*b/64)) if w>8 else max(0, ceil(w*b/8))","max(min(b,4), ceil(w*b/8))",,,158,0x17334d09c9b7bd9e
32,com_div,54,656,273,29889,1843,level_override_allowed,"max(0, ceil(w*w*b/64)) if w>8 else max(0, ceil(w*b/8))","max(min(b,4), ceil(w*b/8))",,,158,0x17334d09c9b7bd9e
32,com_div,55,656,273,31007,1877,level_override_allowed,"max(0, ceil(w*w*b/64)) if w>8 else max(0, ceil(w*b/8))","max(min(b,4), ceil(w*b/8))",,,158,0x17334d09c9b7bd9e
32,com_div,56,656,273,32144,1911,level_override_allowed,"max(0, ceil(w*w*b/64)) if w>8 else max(0, ceil(w*b/8))","max(min(b,4), ceil(w*b/8))",,,158,0x17334d09c9b7bd9e
32,com_div,57,656,273,33303,1946,level_override_allowed,"max(0, ceil(w*w*b/64)) if w>8 else max(0, ceil(w*b/8))","max(min(b,4), ceil(w*b/8))",,,158,0x17334d09c9b7bd9e
32,com_div,58,656,273,34481,1980,level_override_allowed,"max(0, ceil(w*w*b/64)) if w>8 else max(0, ceil(w*b/8))","max(min(b,4), ceil(w*b/8))",,,158,0x17334d09c9b7bd9e
32,com_div,59,656,273,35681,2014,level_override_allowed,"max(0, ceil(w*w*b/64)) if w>8 else max(0, ceil(w*b/8))","max(min(b,4), ceil(w*b/8))",,,158,0x17334d09c9b7bd9e
32,com_div,60,656,273,36900,2048,level_override_allowed,"max(0, ceil(w*w*b/64)) if w>8 else max(0, ceil(w*b/8))","max(min(b,4), ceil(w*b/8))",,,158,0x17334d09c9b7bd9e
32,com_div,61,656,273,38141,2082,level_override_allowed,"max(0, ceil(w*w*b/64)) if w>8 else max(0, ceil(w*b/8))","max(min(b,4), ceil(w*b/8))",,,158,0x17334d09c9b7bd9e
32,com_div,62,656,273,39401,2116,level_override_allowed,"max(0, ceil(w*w*b/64)) if w>8 else max(0, ceil(w*b/8))","max(min(b,4), ceil(w*b/8))",,,158,0x17334d09c9b7bd9e
32,com_div,63,656,273,40683,2150,level_override_allowed,"max(0, ceil(w*w*b/64)) if w>8 else max(0, ceil(w*b/8))","max(min(b,4), ceil(w*b/8))",,,158,0x17334d09c9b7bd9e
32,com_div,64,656,273,41984,2184,level_override_allowed,"max(0, ceil(w*w*b/64)) if w>8 else max(0, ceil(w*b/8))","max(min(b,4), ceil(w*b/8))",,,158,0x17334d09c9b7bd9e
33,com_lsl,1,150,13,19,4,level_override_allowed,"max(0, ceil(w*log2(w)*b/24)) if w>8 else max(0, ceil(w*b/8))","max(min(b,4), ceil(log2(w)*b/3))",,,217,0xf0675e69d4d57ed8
33,com_lsl,2,150,13,38,5,level_override_allowed,"max(0, ceil(w*log2(w)*b/24)) if w>8 else max(0, ceil(w*b/8))","max(min(b,4), ceil(log2(w)*b/3))",,,217,0xf0675e69d4d57ed8
33,com_lsl,3,150,13,57,7,level_override_allowed,"max(0, ceil(w*log2(w)*b/24)) if w>8 else max(0, ceil(w*b/8))","max(min(b,4), ceil(log2(w)*b/3))",,,217,0xf0675e69d4d57ed8
33,com_lsl,4,150,13,75,9,level_override_allowed,"max(0, ceil(w*log2(w)*b/24)) if w>8 else max(0, ceil(w*b/8))","max(min(b,4), ceil(log2(w)*b/3))",,,217,0xf0675e69d4d57ed8
33,com_lsl,5,150,13,94,11,level_override_allowed,"max(0, ceil(w*log2(w)*b/24)) if w>8 else max(0, ceil(w*b/8))","max(min(b,4), ceil(log2(w)*b/3))",,,217,0xf0675e69d4d57ed8
33,com_lsl,6,150,13,113,12,level_override_allowed,"max(0, ceil(w*log2(w)*b/24)) if w>8 else max(0, ceil(w*b/8))","max(min(b,4), ceil(log2(w)*b/3))",,,217,0xf0675e69d4d57ed8
33,com_lsl,7,150,13,132,13,level_override_allowed,"max(0, ceil(w*log2(w)*b/24)) if w>8 else max(0, ceil(w*b/8))","max(min(b,4), ceil(log2(w)*b/3))",,,217,0xf0675e69d4d57ed8
33,com_lsl,8,150,13,150,13,level_override_allowed,"max(0, ceil(w*log2(w)*b/24)) if w>8 else max(0, ceil(w*b/8))","max(min(b,4), ceil(log2(w)*b/3))",,,217,0xf0675e69d4d57ed8
33,com_lsl,9,150,13,179,14,level_override_allowed,"max(0, ceil(w*log2(w)*b/24)) if w>8 else max(0, ceil(w*b/8))","max(min(b,4), ceil(log2(w)*b/3))",,,217,0xf0675e69d4d57ed8
33,com_lsl,10,150,13,208,15,level_override_allowed,"max(0, ceil(w*log2(w)*b/24)) if w>8 else max(0, ceil(w*b/8))","max(min(b,4), ceil(log2(w)*b/3))",,,217,0xf0675e69d4d57ed8
33,com_lsl,11,150,13,238,15,level_override_allowed,"max(0, ceil(w*log2(w)*b/24)) if w>8 else max(0, ceil(w*b/8))","max(min(b,4), ceil(log2(w)*b/3))",,,217,0xf0675e69d4d57ed8
33,com_lsl,12,150,13,269,16,level_override_allowed,"max(0, ceil(w*log2(w)*b/24)) if w>8 else max(0, ceil(w*b/8))","max(min(b,4), ceil(log2(w)*b/3))",,,217,0xf0675e69d4d57ed8
33,com_lsl,13,150,13,301,17,level_override_allowed,"max(0, ceil(w*log2(w)*b/24)) if w>8 else max(0, ceil(w*b/8))","max(min(b,4), ceil(log2(w)*b/3))",,,217,0xf0675e69d4d57ed8
33,com_lsl,14,150,13,334,17,level_override_allowed,"max(0, ceil(w*log2(w)*b/24)) if w>8 else max(0, ceil(w*b/8))","max(min(b,4), ceil(log2(w)*b/3))",,,217,0xf0675e69d4d57ed8
33,com_lsl,15,150,13,367,17,level_override_allowed,"max(0, ceil(w*log2(w)*b/24)) if w>8 else max(0, ceil(w*b/8))","max(min(b,4), ceil(log2(w)*b/3))",,,217,0xf0675e69d4d57ed8
33,com_lsl,16,150,13,400,18,level_override_allowed,"max(0, ceil(w*log2(w)*b/24)) if w>8 else max(0, ceil(w*b/8))","max(min(b,4), ceil(log2(w)*b/3))",,,217,0xf0675e69d4d57ed8
33,com_lsl,17,150,13,435,18,level_override_allowed,"max(0, ceil(w*log2(w)*b/24)) if w>8 else max(0, ceil(w*b/8))","max(min(b,4), ceil(log2(w)*b/3))",,,217,0xf0675e69d4d57ed8
33,com_lsl,18,150,13,470,19,level_override_allowed,"max(0, ceil(w*log2(w)*b/24)) if w>8 else max(0, ceil(w*b/8))","max(min(b,4), ceil(log2(w)*b/3))",,,217,0xf0675e69d4d57ed8
33,com_lsl,19,150,13,505,19,level_override_allowed,"max(0, ceil(w*log2(w)*b/24)) if w>8 else max(0, ceil(w*b/8))","max(min(b,4), ceil(log2(w)*b/3))",,,217,0xf0675e69d4d57ed8
33,com_lsl,20,150,13,541,19,level_override_allowed,"max(0, ceil(w*log2(w)*b/24)) if w>8 else max(0, ceil(w*b/8))","max(min(b,4), ceil(log2(w)*b/3))",,,217,0xf0675e69d4d57ed8
33,com_lsl,21,150,13,577,20,level_override_allowed,"max(0, ceil(w*log2(w)*b/24)) if w>8 else max(0, ceil(w*b/8))","max(min(b,4), ceil(log2(w)*b/3))",,,217,0xf0675e69d4d57ed8
33,com_lsl,22,150,13,614,20,level_override_allowed,"max(0, ceil(w*log2(w)*b/24)) if w>8 else max(0, ceil(w*b/8))","max(min(b,4), ceil(log2(w)*b/3))",,,217,0xf0675e69d4d57ed8
33,com_lsl,23,150,13,651,20,level_override_allowed,"max(0, ceil(w*log2(w)*b/24)) if w>8 else max(0, ceil(w*b/8))","max(min(b,4), ceil(log2(w)*b/3))",,,217,0xf0675e69d4d57ed8
33,com_lsl,24,150,13,688,20,level_override_allowed,"max(0, ceil(w*log2(w)*b/24)) if w>8 else max(0, ceil(w*b/8))","max(min(b,4), ceil(log2(w)*b/3))",,,217,0xf0675e69d4d57ed8
33,com_lsl,25,150,13,726,21,level_override_allowed,"max(0, ceil(w*log2(w)*b/24)) if w>8 else max(0, ceil(w*b/8))","max(min(b,4), ceil(log2(w)*b/3))",,,217,0xf0675e69d4d57ed8
33,com_lsl,26,150,13,764,21,level_override_allowed,"max(0, ceil(w*log2(w)*b/24)) if w>8 else max(0, ceil(w*b/8))","max(min(b,4), ceil(log2(w)*b/3))",,,217,0xf0675e69d4d57ed8
33,com_lsl,27,150,13,803,21,level_override_allowed,"max(0, ceil(w*log2(w)*b/24)) if w>8 else max(0, ceil(w*b/8))","max(min(b,4), ceil(log2(w)*b/3))",,,217,0xf0675e69d4d57ed8
33,com_lsl,28,150,13,842,21,level_override_allowed,"max(0, ceil(w*log2(w)*b/24)) if w>8 else max(0, ceil(w*b/8))","max(min(b,4), ceil(log2(w)*b/3))",,,217,0xf0675e69d4d57ed8
33,com_lsl,29,150,13,881,22,level_override_allowed,"max(0, ceil(w*log2(w)*b/24)) if w>8 else max(0, ceil(w*b/8))","max(min(b,4), ceil(log2(w)*b/3))",,,217,0xf0675e69d4d57ed8
33,com_lsl,30,150,13,921,22,level_override_allowed,"max(0, ceil(w*log2(w)*b/24)) if w>8 else max(0, ceil(w*b/8))","max(min(b,4), ceil(log2(w)*b/3))",,,217,0xf0675e69d4d57ed8
33,com_lsl,31,150,13,960,22,level_override_allowed,"max(0, ceil(w*log2(w)*b/24)) if w>8 else max(0, ceil(w*b/8))","max(min(b,4), ceil(log2(w)*b/3))",,,217,0xf0675e69d4d57ed8
33,com_lsl,32,150,13,1000,22,level_override_allowed,"max(0, ceil(w*log2(w)*b/24)) if w>8 else max(0, ceil(w*b/8))","max(min(b,4), ceil(log2(w)*b/3))",,,217,0xf0675e69d4d57ed8
33,com_lsl,33,150,13,1041,22,level_override_allowed,"max(0, ceil(w*log2(w)*b/24)) if w>8 else max(0, ceil(w*b/8))","max(min(b,4), ceil(log2(w)*b/3))",,,217,0xf0675e69d4d57ed8
33,com_lsl,34,150,13,1082,23,level_override_allowed,"max(0, ceil(w*log2(w)*b/24)) if w>8 else max(0, ceil(w*b/8))","max(min(b,4), ceil(log2(w)*b/3))",,,217,0xf0675e69d4d57ed8
33,com_lsl,35,150,13,1123,23,level_override_allowed,"max(0, ceil(w*log2(w)*b/24)) if w>8 else max(0, ceil(w*b/8))","max(min(b,4), ceil(log2(w)*b/3))",,,217,0xf0675e69d4d57ed8
33,com_lsl,36,150,13,1164,23,level_override_allowed,"max(0, ceil(w*log2(w)*b/24)) if w>8 else max(0, ceil(w*b/8))","max(min(b,4), ceil(log2(w)*b/3))",,,217,0xf0675e69d4d57ed8
33,com_lsl,37,150,13,1205,23,level_override_allowed,"max(0, ceil(w*log2(w)*b/24)) if w>8 else max(0, ceil(w*b/8))","max(min(b,4), ceil(log2(w)*b/3))",,,217,0xf0675e69d4d57ed8
33,com_lsl,38,150,13,1247,23,level_override_allowed,"max(0, ceil(w*log2(w)*b/24)) if w>8 else max(0, ceil(w*b/8))","max(min(b,4), ceil(log2(w)*b/3))",,,217,0xf0675e69d4d57ed8
33,com_lsl,39,150,13,1289,23,level_override_allowed,"max(0, ceil(w*log2(w)*b/24)) if w>8 else max(0, ceil(w*b/8))","max(min(b,4), ceil(log2(w)*b/3))",,,217,0xf0675e69d4d57ed8
33,com_lsl,40,150,13,1331,24,level_override_allowed,"max(0, ceil(w*log2(w)*b/24)) if w>8 else max(0, ceil(w*b/8))","max(min(b,4), ceil(log2(w)*b/3))",,,217,0xf0675e69d4d57ed8
33,com_lsl,41,150,13,1373,24,level_override_allowed,"max(0, ceil(w*log2(w)*b/24)) if w>8 else max(0, ceil(w*b/8))","max(min(b,4), ceil(log2(w)*b/3))",,,217,0xf0675e69d4d57ed8
33,com_lsl,42,150,13,1416,24,level_override_allowed,"max(0, ceil(w*log2(w)*b/24)) if w>8 else max(0, ceil(w*b/8))","max(min(b,4), ceil(log2(w)*b/3))",,,217,0xf0675e69d4d57ed8
33,com_lsl,43,150,13,1459,24,level_override_allowed,"max(0, ceil(w*log2(w)*b/24)) if w>8 else max(0, ceil(w*b/8))","max(min(b,4), ceil(log2(w)*b/3))",,,217,0xf0675e69d4d57ed8
33,com_lsl,44,150,13,1502,24,level_override_allowed,"max(0, ceil(w*log2(w)*b/24)) if w>8 else max(0, ceil(w*b/8))","max(min(b,4), ceil(log2(w)*b/3))",,,217,0xf0675e69d4d57ed8
33,com_lsl,45,150,13,1545,24,level_override_allowed,"max(0, ceil(w*log2(w)*b/24)) if w>8 else max(0, ceil(w*b/8))","max(min(b,4), ceil(log2(w)*b/3))",,,217,0xf0675e69d4d57ed8
33,com_lsl,46,150,13,1589,24,level_override_allowed,"max(0, ceil(w*log2(w)*b/24)) if w>8 else max(0, ceil(w*b/8))","max(min(b,4), ceil(log2(w)*b/3))",,,217,0xf0675e69d4d57ed8
33,com_lsl,47,150,13,1632,25,level_override_allowed,"max(0, ceil(w*log2(w)*b/24)) if w>8 else max(0, ceil(w*b/8))","max(min(b,4), ceil(log2(w)*b/3))",,,217,0xf0675e69d4d57ed8
33,com_lsl,48,150,13,1676,25,level_override_allowed,"max(0, ceil(w*log2(w)*b/24)) if w>8 else max(0, ceil(w*b/8))","max(min(b,4), ceil(log2(w)*b/3))",,,217,0xf0675e69d4d57ed8
33,com_lsl,49,150,13,1720,25,level_override_allowed,"max(0, ceil(w*log2(w)*b/24)) if w>8 else max(0, ceil(w*b/8))","max(min(b,4), ceil(log2(w)*b/3))",,,217,0xf0675e69d4d57ed8
33,com_lsl,50,150,13,1764,25,level_override_allowed,"max(0, ceil(w*log2(w)*b/24)) if w>8 else max(0, ceil(w*b/8))","max(min(b,4), ceil(log2(w)*b/3))",,,217,0xf0675e69d4d57ed8
33,com_lsl,51,150,13,1809,25,level_override_allowed,"max(0, ceil(w*log2(w)*b/24)) if w>8 else max(0, ceil(w*b/8))","max(min(b,4), ceil(log2(w)*b/3))",,,217,0xf0675e69d4d57ed8
33,com_lsl,52,150,13,1853,25,level_override_allowed,"max(0, ceil(w*log2(w)*b/24)) if w>8 else max(0, ceil(w*b/8))","max(min(b,4), ceil(log2(w)*b/3))",,,217,0xf0675e69d4d57ed8
33,com_lsl,53,150,13,1898,25,level_override_allowed,"max(0, ceil(w*log2(w)*b/24)) if w>8 else max(0, ceil(w*b/8))","max(min(b,4), ceil(log2(w)*b/3))",,,217,0xf0675e69d4d57ed8
33,com_lsl,54,150,13,1943,25,level_override_allowed,"max(0, ceil(w*log2(w)*b/24)) if w>8 else max(0, ceil(w*b/8))","max(min(b,4), ceil(log2(w)*b/3))",,,217,0xf0675e69d4d57ed8
33,com_lsl,55,150,13,1988,26,level_override_allowed,"max(0, ceil(w*log2(w)*b/24)) if w>8 else max(0, ceil(w*b/8))","max(min(b,4), ceil(log2(w)*b/3))",,,217,0xf0675e69d4d57ed8
33,com_lsl,56,150,13,2033,26,level_override_allowed,"max(0, ceil(w*log2(w)*b/24)) if w>8 else max(0, ceil(w*b/8))","max(min(b,4), ceil(log2(w)*b/3))",,,217,0xf0675e69d4d57ed8
33,com_lsl,57,150,13,2078,26,level_override_allowed,"max(0, ceil(w*log2(w)*b/24)) if w>8 else max(0, ceil(w*b/8))","max(min(b,4), ceil(log2(w)*b/3))",,,217,0xf0675e69d4d57ed8
33,com_lsl,58,150,13,2124,26,level_override_allowed,"max(0, ceil(w*log2(w)*b/24)) if w>8 else max(0, ceil(w*b/8))","max(min(b,4), ceil(log2(w)*b/3))",,,217,0xf0675e69d4d57ed8
33,com_lsl,59,150,13,2170,26,level_override_allowed,"max(0, ceil(w*log2(w)*b/24)) if w>8 else max(0, ceil(w*b/8))","max(min(b,4), ceil(log2(w)*b/3))",,,217,0xf0675e69d4d57ed8
33,com_lsl,60,150,13,2216,26,level_override_allowed,"max(0, ceil(w*log2(w)*b/24)) if w>8 else max(0, ceil(w*b/8))","max(min(b,4), ceil(log2(w)*b/3))",,,217,0xf0675e69d4d57ed8
33,com_lsl,61,150,13,2262,26,level_override_allowed,"max(0, ceil(w*log2(w)*b/24)) if w>8 else max(0, ceil(w*b/8))","max(min(b,4), ceil(log2(w)*b/3))",,,217,0xf0675e69d4d57ed8
33,com_lsl,62,150,13,2308,26,level_override_allowed,"max(0, ceil(w*log2(w)*b/24)) if w>8 else max(0, ceil(w*b/8))","max(min(b,4), ceil(log2(w)*b/3))",,,217,0xf0675e69d4d57ed8
33,com_lsl,63,150,13,2354,26,level_override_allowed,"max(0, ceil(w*log2(w)*b/24)) if w>8 else max(0, ceil(w*b/8))","max(min(b,4), ceil(log2(w)*b/3))",,,217,0xf0675e69d4d57ed8
33,com_lsl,64,150,13,2400,26,level_override_allowed,"max(0, ceil(w*log2(w)*b/24)) if w>8 else max(0, ceil(w*b/8))","max(min(b,4), ceil(log2(w)*b/3))",,,217,0xf0675e69d4d57ed8
34,com_lsr,1,150,13,19,4,level_override_allowed,"max(0, ceil(w*log2(w)*b/24)) if w>8 else max(0, ceil(w*b/8))","max(min(b,4), ceil(log2(w)*b/3))",,,91,0x85d0ce6be64cb45b
34,com_lsr,2,150,13,38,5,level_override_allowed,"max(0, ceil(w*log2(w)*b/24)) if w>8 else max(0, ceil(w*b/8))","max(min(b,4), ceil(log2(w)*b/3))",,,91,0x85d0ce6be64cb45b
34,com_lsr,3,150,13,57,7,level_override_allowed,"max(0, ceil(w*log2(w)*b/24)) if w>8 else max(0, ceil(w*b/8))","max(min(b,4), ceil(log2(w)*b/3))",,,91,0x85d0ce6be64cb45b
34,com_lsr,4,150,13,75,9,level_override_allowed,"max(0, ceil(w*log2(w)*b/24)) if w>8 else max(0, ceil(w*b/8))","max(min(b,4), ceil(log2(w)*b/3))",,,91,0x85d0ce6be64cb45b
34,com_lsr,5,150,13,94,11,level_override_allowed,"max(0, ceil(w*log2(w)*b/24)) if w>8 else max(0, ceil(w*b/8))","max(min(b,4), ceil(log2(w)*b/3))",,,91,0x85d0ce6be64cb45b
34,com_lsr,6,150,13,113,12,level_override_allowed,"max(0, ceil(w*log2(w)*b/24)) if w>8 else max(0, ceil(w*b/8))","max(min(b,4), ceil(log2(w)*b/3))",,,91,0x85d0ce6be64cb45b
34,com_lsr,7,150,13,132,13,level_override_allowed,"max(0, ceil(w*log2(w)*b/24)) if w>8 else max(0, ceil(w*b/8))","max(min(b,4), ceil(log2(w)*b/3))",,,91,0x85d0ce6be64cb45b
34,com_lsr,8,150,13,150,13,level_override_allowed,"max(0, ceil(w*log2(w)*b/24)) if w>8 else max(0, ceil(w*b/8))","max(min(b,4), ceil(log2(w)*b/3))",,,91,0x85d0ce6be64cb45b
34,com_lsr,9,150,13,179,14,level_override_allowed,"max(0, ceil(w*log2(w)*b/24)) if w>8 else max(0, ceil(w*b/8))","max(min(b,4), ceil(log2(w)*b/3))",,,91,0x85d0ce6be64cb45b
34,com_lsr,10,150,13,208,15,level_override_allowed,"max(0, ceil(w*log2(w)*b/24)) if w>8 else max(0, ceil(w*b/8))","max(min(b,4), ceil(log2(w)*b/3))",,,91,0x85d0ce6be64cb45b
34,com_lsr,11,150,13,238,15,level_override_allowed,"max(0, ceil(w*log2(w)*b/24)) if w>8 else max(0, ceil(w*b/8))","max(min(b,4), ceil(log2(w)*b/3))",,,91,0x85d0ce6be64cb45b
34,com_lsr,12,150,13,269,16,level_override_allowed,"max(0, ceil(w*log2(w)*b/24)) if w>8 else max(0, ceil(w*b/8))","max(min(b,4), ceil(log2(w)*b/3))",,,91,0x85d0ce6be64cb45b
34,com_lsr,13,150,13,301,17,level_override_allowed,"max(0, ceil(w*log2(w)*b/24)) if w>8 else max(0, ceil(w*b/8))","max(min(b,4), ceil(log2(w)*b/3))",,,91,0x85d0ce6be64cb45b
34,com_lsr,14,150,13,334,17,level_override_allowed,"max(0, ceil(w*log2(w)*b/24)) if w>8 else max(0, ceil(w*b/8))","max(min(b,4), ceil(log2(w)*b/3))",,,91,0x85d0ce6be64cb45b
34,com_lsr,15,150,13,367,17,level_override_allowed,"max(0, ceil(w*log2(w)*b/24)) if w>8 else max(0, ceil(w*b/8))","max(min(b,4), ceil(log2(w)*b/3))",,,91,0x85d0ce6be64cb45b
34,com_lsr,16,150,13,400,18,level_override_allowed,"max(0, ceil(w*log2(w)*b/24)) if w>8 else max(0, ceil(w*b/8))","max(min(b,4), ceil(log2(w)*b/3))",,,91,0x85d0ce6be64cb45b
34,com_lsr,17,150,13,435,18,level_override_allowed,"max(0, ceil(w*log2(w)*b/24)) if w>8 else max(0, ceil(w*b/8))","max(min(b,4), ceil(log2(w)*b/3))",,,91,0x85d0ce6be64cb45b
34,com_lsr,18,150,13,470,19,level_override_allowed,"max(0, ceil(w*log2(w)*b/24)) if w>8 else max(0, ceil(w*b/8))","max(min(b,4), ceil(log2(w)*b/3))",,,91,0x85d0ce6be64cb45b
34,com_lsr,19,150,13,505,19,level_override_allowed,"max(0, ceil(w*log2(w)*b/24)) if w>8 else max(0, ceil(w*b/8))","max(min(b,4), ceil(log2(w)*b/3))",,,91,0x85d0ce6be64cb45b
34,com_lsr,20,150,13,541,19,level_override_allowed,"max(0, ceil(w*log2(w)*b/24)) if w>8 else max(0, ceil(w*b/8))","max(min(b,4), ceil(log2(w)*b/3))",,,91,0x85d0ce6be64cb45b
34,com_lsr,21,150,13,577,20,level_override_allowed,"max(0, ceil(w*log2(w)*b/24)) if w>8 else max(0, ceil(w*b/8))","max(min(b,4), ceil(log2(w)*b/3))",,,91,0x85d0ce6be64cb45b
34,com_lsr,22,150,13,614,20,level_override_allowed,"max(0, ceil(w*log2(w)*b/24)) if w>8 else max(0, ceil(w*b/8))","max(min(b,4), ceil(log2(w)*b/3))",,,91,0x85d0ce6be64cb45b
34,com_lsr,23,150,13,651,20,level_override_allowed,"max(0, ceil(w*log2(w)*b/24)) if w>8 else max(0, ceil(w*b/8))","max(min(b,4), ceil(log2(w)*b/3))",,,91,0x85d0ce6be64cb45b
34,com_lsr,24,150,13,688,20,level_override_allowed,"max(0, ceil(w*log2(w)*b/24)) if w>8 else max(0, ceil(w*b/8))","max(min(b,4), ceil(log2(w)*b/3))",,,91,0x85d0ce6be64cb45b
34,com_lsr,25,150,13,726,21,level_override_allowed,"max(0, ceil(w*log2(w)*b/24)) if w>8 else max(0, ceil(w*b/8))","max(min(b,4), ceil(log2(w)*b/3))",,,91,0x85d0ce6be64cb45b
34,com_lsr,26,150,13,764,21,level_override_allowed,"max(0, ceil(w*log2(w)*b/24)) if w>8 else max(0, ceil(w*b/8))","max(min(b,4), ceil(log2(w)*b/3))",,,91,0x85d0ce6be64cb45b
34,com_lsr,27,150,13,803,21,level_override_allowed,"max(0, ceil(w*log2(w)*b/24)) if w>8 else max(0, ceil(w*b/8))","max(min(b,4), ceil(log2(w)*b/3))",,,91,0x85d0ce6be64cb45b
34,com_lsr,28,150,13,842,21,level_override_allowed,"max(0, ceil(w*log2(w)*b/24)) if w>8 else max(0, ceil(w*b/8))","max(min(b,4), ceil(log2(w)*b/3))",,,91,0x85d0ce6be64cb45b
34,com_lsr,29,150,13,881,22,level_override_allowed,"max(0, ceil(w*log2(w)*b/24)) if w>8 else max(0, ceil(w*b/8))","max(min(b,4), ceil(log2(w)*b/3))",,,91,0x85d0ce6be64cb45b
34,com_lsr,30,150,13,921,22,level_override_allowed,"max(0, ceil(w*log2(w)*b/24)) if w>8 else max(0, ceil(w*b/8))","max(min(b,4), ceil(log2(w)*b/3))",,,91,0x85d0ce6be64cb45b
34,com_lsr,31,150,13,960,22,level_override_allowed,"max(0, ceil(w*log2(w)*b/24)) if w>8 else max(0, ceil(w*b/8))","max(min(b,4), ceil(log2(w)*b/3))",,,91,0x85d0ce6be64cb45b
34,com_lsr,32,150,13,1000,22,level_override_allowed,"max(0, ceil(w*log2(w)*b/24)) if w>8 else max(0, ceil(w*b/8))","max(min(b,4), ceil(log2(w)*b/3))",,,91,0x85d0ce6be64cb45b
34,com_lsr,33,150,13,1041,22,level_override_allowed,"max(0, ceil(w*log2(w)*b/24)) if w>8 else max(0, ceil(w*b/8))","max(min(b,4), ceil(log2(w)*b/3))",,,91,0x85d0ce6be64cb45b
34,com_lsr,34,150,13,1082,23,level_override_allowed,"max(0, ceil(w*log2(w)*b/24)) if w>8 else max(0, ceil(w*b/8))","max(min(b,4), ceil(log2(w)*b/3))",,,91,0x85d0ce6be64cb45b
34,com_lsr,35,150,13,1123,23,level_override_allowed,"max(0, ceil(w*log2(w)*b/24)) if w>8 else max(0, ceil(w*b/8))","max(min(b,4), ceil(log2(w)*b/3))",,,91,0x85d0ce6be64cb45b
34,com_lsr,36,150,13,1164,23,level_override_allowed,"max(0, ceil(w*log2(w)*b/24)) if w>8 else max(0, ceil(w*b/8))","max(min(b,4), ceil(log2(w)*b/3))",,,91,0x85d0ce6be64cb45b
34,com_lsr,37,150,13,1205,23,level_override_allowed,"max(0, ceil(w*log2(w)*b/24)) if w>8 else max(0, ceil(w*b/8))","max(min(b,4), ceil(log2(w)*b/3))",,,91,0x85d0ce6be64cb45b
34,com_lsr,38,150,13,1247,23,level_override_allowed,"max(0, ceil(w*log2(w)*b/24)) if w>8 else max(0, ceil(w*b/8))","max(min(b,4), ceil(log2(w)*b/3))",,,91,0x85d0ce6be64cb45b
34,com_lsr,39,150,13,1289,23,level_override_allowed,"max(0, ceil(w*log2(w)*b/24)) if w>8 else max(0, ceil(w*b/8))","max(min(b,4), ceil(log2(w)*b/3))",,,91,0x85d0ce6be64cb45b
34,com_lsr,40,150,13,1331,24,level_override_allowed,"max(0, ceil(w*log2(w)*b/24)) if w>8 else max(0, ceil(w*b/8))","max(min(b,4), ceil(log2(w)*b/3))",,,91,0x85d0ce6be64cb45b
34,com_lsr,41,150,13,1373,24,level_override_allowed,"max(0, ceil(w*log2(w)*b/24)) if w>8 else max(0, ceil(w*b/8))","max(min(b,4), ceil(log2(w)*b/3))",,,91,0x85d0ce6be64cb45b
34,com_lsr,42,150,13,1416,24,level_override_allowed,"max(0, ceil(w*log2(w)*b/24)) if w>8 else max(0, ceil(w*b/8))","max(min(b,4), ceil(log2(w)*b/3))",,,91,0x85d0ce6be64cb45b
34,com_lsr,43,150,13,1459,24,level_override_allowed,"max(0, ceil(w*log2(w)*b/24)) if w>8 else max(0, ceil(w*b/8))","max(min(b,4), ceil(log2(w)*b/3))",,,91,0x85d0ce6be64cb45b
34,com_lsr,44,150,13,1502,24,level_override_allowed,"max(0, ceil(w*log2(w)*b/24)) if w>8 else max(0, ceil(w*b/8))","max(min(b,4), ceil(log2(w)*b/3))",,,91,0x85d0ce6be64cb45b
34,com_lsr,45,150,13,1545,24,level_override_allowed,"max(0, ceil(w*log2(w)*b/24)) if w>8 else max(0, ceil(w*b/8))","max(min(b,4), ceil(log2(w)*b/3))",,,91,0x85d0ce6be64cb45b
34,com_lsr,46,150,13,1589,24,level_override_allowed,"max(0, ceil(w*log2(w)*b/24)) if w>8 else max(0, ceil(w*b/8))","max(min(b,4), ceil(log2(w)*b/3))",,,91,0x85d0ce6be64cb45b
34,com_lsr,47,150,13,1632,25,level_override_allowed,"max(0, ceil(w*log2(w)*b/24)) if w>8 else max(0, ceil(w*b/8))","max(min(b,4), ceil(log2(w)*b/3))",,,91,0x85d0ce6be64cb45b
34,com_lsr,48,150,13,1676,25,level_override_allowed,"max(0, ceil(w*log2(w)*b/24)) if w>8 else max(0, ceil(w*b/8))","max(min(b,4), ceil(log2(w)*b/3))",,,91,0x85d0ce6be64cb45b
34,com_lsr,49,150,13,1720,25,level_override_allowed,"max(0, ceil(w*log2(w)*b/24)) if w>8 else max(0, ceil(w*b/8))","max(min(b,4), ceil(log2(w)*b/3))",,,91,0x85d0ce6be64cb45b
34,com_lsr,50,150,13,1764,25,level_override_allowed,"max(0, ceil(w*log2(w)*b/24)) if w>8 else max(0, ceil(w*b/8))","max(min(b,4), ceil(log2(w)*b/3))",,,91,0x85d0ce6be64cb45b
34,com_lsr,51,150,13,1809,25,level_override_allowed,"max(0, ceil(w*log2(w)*b/24)) if w>8 else max(0, ceil(w*b/8))","max(min(b,4), ceil(log2(w)*b/3))",,,91,0x85d0ce6be64cb45b
34,com_lsr,52,150,13,1853,25,level_override_allowed,"max(0, ceil(w*log2(w)*b/24)) if w>8 else max(0, ceil(w*b/8))","max(min(b,4), ceil(log2(w)*b/3))",,,91,0x85d0ce6be64cb45b
34,com_lsr,53,150,13,1898,25,level_override_allowed,"max(0, ceil(w*log2(w)*b/24)) if w>8 else max(0, ceil(w*b/8))","max(min(b,4), ceil(log2(w)*b/3))",,,91,0x85d0ce6be64cb45b
34,com_lsr,54,150,13,1943,25,level_override_allowed,"max(0, ceil(w*log2(w)*b/24)) if w>8 else max(0, ceil(w*b/8))","max(min(b,4), ceil(log2(w)*b/3))",,,91,0x85d0ce6be64cb45b
34,com_lsr,55,150,13,1988,26,level_override_allowed,"max(0, ceil(w*log2(w)*b/24)) if w>8 else max(0, ceil(w*b/8))","max(min(b,4), ceil(log2(w)*b/3))",,,91,0x85d0ce6be64cb45b
34,com_lsr,56,150,13,2033,26,level_override_allowed,"max(0, ceil(w*log2(w)*b/24)) if w>8 else max(0, ceil(w*b/8))","max(min(b,4), ceil(log2(w)*b/3))",,,91,0x85d0ce6be64cb45b
34,com_lsr,57,150,13,2078,26,level_override_allowed,"max(0, ceil(w*log2(w)*b/24)) if w>8 else max(0, ceil(w*b/8))","max(min(b,4), ceil(log2(w)*b/3))",,,91,0x85d0ce6be64cb45b
34,com_lsr,58,150,13,2124,26,level_override_allowed,"max(0, ceil(w*log2(w)*b/24)) if w>8 else max(0, ceil(w*b/8))","max(min(b,4), ceil(log2(w)*b/3))",,,91,0x85d0ce6be64cb45b
34,com_lsr,59,150,13,2170,26,level_override_allowed,"max(0, ceil(w*log2(w)*b/24)) if w>8 else max(0, ceil(w*b/8))","max(min(b,4), ceil(log2(w)*b/3))",,,91,0x85d0ce6be64cb45b
34,com_lsr,60,150,13,2216,26,level_override_allowed,"max(0, ceil(w*log2(w)*b/24)) if w>8 else max(0, ceil(w*b/8))","max(min(b,4), ceil(log2(w)*b/3))",,,91,0x85d0ce6be64cb45b
34,com_lsr,61,150,13,2262,26,level_override_allowed,"max(0, ceil(w*log2(w)*b/24)) if w>8 else max(0, ceil(w*b/8))","max(min(b,4), ceil(log2(w)*b/3))",,,91,0x85d0ce6be64cb45b
34,com_lsr,62,150,13,2308,26,level_override_allowed,"max(0, ceil(w*log2(w)*b/24)) if w>8 else max(0, ceil(w*b/8))","max(min(b,4), ceil(log2(w)*b/3))",,,91,0x85d0ce6be64cb45b
34,com_lsr,63,150,13,2354,26,level_override_allowed,"max(0, ceil(w*log2(w)*b/24)) if w>8 else max(0, ceil(w*b/8))","max(min(b,4), ceil(log2(w)*b/3))",,,91,0x85d0ce6be64cb45b
34,com_lsr,64,150,13,2400,26,level_override_allowed,"max(0, ceil(w*log2(w)*b/24)) if w>8 else max(0, ceil(w*b/8))","max(min(b,4), ceil(log2(w)*b/3))",,,91,0x85d0ce6be64cb45b
35,com_rol,1,150,13,19,4,level_override_allowed,"max(0, ceil(w*log2(w)*b/24)) if w>8 else max(0, ceil(w*b/8))","max(min(b,4), ceil(log2(w)*b/3))",,,69,0xb170aeb9f1218045
35,com_rol,2,150,13,38,5,level_override_allowed,"max(0, ceil(w*log2(w)*b/24)) if w>8 else max(0, ceil(w*b/8))","max(min(b,4), ceil(log2(w)*b/3))",,,69,0xb170aeb9f1218045
35,com_rol,3,150,13,57,7,level_override_allowed,"max(0, ceil(w*log2(w)*b/24)) if w>8 else max(0, ceil(w*b/8))","max(min(b,4), ceil(log2(w)*b/3))",,,69,0xb170aeb9f1218045
35,com_rol,4,150,13,75,9,level_override_allowed,"max(0, ceil(w*log2(w)*b/24)) if w>8 else max(0, ceil(w*b/8))","max(min(b,4), ceil(log2(w)*b/3))",,,69,0xb170aeb9f1218045
35,com_rol,5,150,13,94,11,level_override_allowed,"max(0, ceil(w*log2(w)*b/24)) if w>8 else max(0, ceil(w*b/8))","max(min(b,4), ceil(log2(w)*b/3))",,,69,0xb170aeb9f1218045
35,com_rol,6,150,13,113,12,level_override_allowed,"max(0, ceil(w*log2(w)*b/24)) if w>8 else max(0, ceil(w*b/8))","max(min(b,4), ceil(log2(w)*b/3))",,,69,0xb170aeb9f1218045
35,com_rol,7,150,13,132,13,level_override_allowed,"max(0, ceil(w*log2(w)*b/24)) if w>8 else max(0, ceil(w*b/8))","max(min(b,4), ceil(log2(w)*b/3))",,,69,0xb170aeb9f1218045
35,com_rol,8,150,13,150,13,level_override_allowed,"max(0, ceil(w*log2(w)*b/24)) if w>8 else max(0, ceil(w*b/8))","max(min(b,4), ceil(log2(w)*b/3))",,,69,0xb170aeb9f1218045
35,com_rol,9,150,13,179,14,level_override_allowed,"max(0, ceil(w*log2(w)*b/24)) if w>8 else max(0, ceil(w*b/8))","max(min(b,4), ceil(log2(w)*b/3))",,,69,0xb170aeb9f1218045
35,com_rol,10,150,13,208,15,level_override_allowed,"max(0, ceil(w*log2(w)*b/24)) if w>8 else max(0, ceil(w*b/8))","max(min(b,4), ceil(log2(w)*b/3))",,,69,0xb170aeb9f1218045
35,com_rol,11,150,13,238,15,level_override_allowed,"max(0, ceil(w*log2(w)*b/24)) if w>8 else max(0, ceil(w*b/8))","max(min(b,4), ceil(log2(w)*b/3))",,,69,0xb170aeb9f1218045
35,com_rol,12,150,13,269,16,level_override_allowed,"max(0, ceil(w*log2(w)*b/24)) if w>8 else max(0, ceil(w*b/8))","max(min(b,4), ceil(log2(w)*b/3))",,,69,0xb170aeb9f1218045
35,com_rol,13,150,13,301,17,level_override_allowed,"max(0, ceil(w*log2(w)*b/24)) if w>8 else max(0, ceil(w*b/8))","max(min(b,4), ceil(log2(w)*b/3))",,,69,0xb170aeb9f1218045
35,com_rol,14,150,13,334,17,level_override_allowed,"max(0, ceil(w*log2(w)*b/24)) if w>8 else max(0, ceil(w*b/8))","max(min(b,4), ceil(log2(w)*b/3))",,,69,0xb170aeb9f1218045
35,com_rol,15,150,13,367,17,level_override_allowed,"max(0, ceil(w*log2(w)*b/24)) if w>8 else max(0, ceil(w*b/8))","max(min(b,4), ceil(log2(w)*b/3))",,,69,0xb170aeb9f1218045
35,com_rol,16,150,13,400,18,level_override_allowed,"max(0, ceil(w*log2(w)*b/24)) if w>8 else max(0, ceil(w*b/8))","max(min(b,4), ceil(log2(w)*b/3))",,,69,0xb170aeb9f1218045
35,com_rol,17,150,13,435,18,level_override_allowed,"max(0, ceil(w*log2(w)*b/24)) if w>8 else max(0, ceil(w*b/8))","max(min(b,4), ceil(log2(w)*b/3))",,,69,0xb170aeb9f1218045
35,com_rol,18,150,13,470,19,level_override_allowed,"max(0, ceil(w*log2(w)*b/24)) if w>8 else max(0, ceil(w*b/8))","max(min(b,4), ceil(log2(w)*b/3))",,,69,0xb170aeb9f1218045
35,com_rol,19,150,13,505,19,level_override_allowed,"max(0, ceil(w*log2(w)*b/24)) if w>8 else max(0, ceil(w*b/8))","max(min(b,4), ceil(log2(w)*b/3))",,,69,0xb170aeb9f1218045
35,com_rol,20,150,13,541,19,level_override_allowed,"max(0, ceil(w*log2(w)*b/24)) if w>8 else max(0, ceil(w*b/8))","max(min(b,4), ceil(log2(w)*b/3))",,,69,0xb170aeb9f1218045
35,com_rol,21,150,13,577,20,level_override_allowed,"max(0, ceil(w*log2(w)*b/24)) if w>8 else max(0, ceil(w*b/8))","max(min(b,4), ceil(log2(w)*b/3))",,,69,0xb170aeb9f1218045
35,com_rol,22,150,13,614,20,level_override_allowed,"max(0, ceil(w*log2(w)*b/24)) if w>8 else max(0, ceil(w*b/8))","max(min(b,4), ceil(log2(w)*b/3))",,,69,0xb170aeb9f1218045
35,com_rol,23,150,13,651,20,level_override_allowed,"max(0, ceil(w*log2(w)*b/24)) if w>8 else max(0, ceil(w*b/8))","max(min(b,4), ceil(log2(w)*b/3))",,,69,0xb170aeb9f1218045
35,com_rol,24,150,13,688,20,level_override_allowed,"max(0, ceil(w*log2(w)*b/24)) if w>8 else max(0, ceil(w*b/8))","max(min(b,4), ceil(log2(w)*b/3))",,,69,0xb170aeb9f1218045
35,com_rol,25,150,13,726,21,level_override_allowed,"max(0, ceil(w*log2(w)*b/24)) if w>8 else max(0, ceil(w*b/8))","max(min(b,4), ceil(log2(w)*b/3))",,,69,0xb170aeb9f1218045
35,com_rol,26,150,13,764,21,level_override_allowed,"max(0, ceil(w*log2(w)*b/24)) if w>8 else max(0, ceil(w*b/8))","max(min(b,4), ceil(log2(w)*b/3))",,,69,0xb170aeb9f1218045
35,com_rol,27,150,13,803,21,level_override_allowed,"max(0, ceil(w*log2(w)*b/24)) if w>8 else max(0, ceil(w*b/8))","max(min(b,4), ceil(log2(w)*b/3))",,,69,0xb170aeb9f1218045
35,com_rol,28,150,13,842,21,level_override_allowed,"max(0, ceil(w*log2(w)*b/24)) if w>8 else max(0, ceil(w*b/8))","max(min(b,4), ceil(log2(w)*b/3))",,,69,0xb170aeb9f1218045
35,com_rol,29,150,13,881,22,level_override_allowed,"max(0, ceil(w*log2(w)*b/24)) if w>8 else max(0, ceil(w*b/8))","max(min(b,4), ceil(log2(w)*b/3))",,,69,0xb170aeb9f1218045
35,com_rol,30,150,13,921,22,level_override_allowed,"max(0, ceil(w*log2(w)*b/24)) if w>8 else max(0, ceil(w*b/8))","max(min(b,4), ceil(log2(w)*b/3))",,,69,0xb170aeb9f1218045
35,com_rol,31,150,13,960,22,level_override_allowed,"max(0, ceil(w*log2(w)*b/24)) if w>8 else max(0, ceil(w*b/8))","max(min(b,4), ceil(log2(w)*b/3))",,,69,0xb170aeb9f1218045
35,com_rol,32,150,13,1000,22,level_override_allowed,"max(0, ceil(w*log2(w)*b/24)) if w>8 else max(0, ceil(w*b/8))","max(min(b,4), ceil(log2(w)*b/3))",,,69,0xb170aeb9f1218045
35,com_rol,33,150,13,1041,22,level_override_allowed,"max(0, ceil(w*log2(w)*b/24)) if w>8 else max(0, ceil(w*b/8))","max(min(b,4), ceil(log2(w)*b/3))",,,69,0xb170aeb9f1218045
35,com_rol,34,150,13,1082,23,level_override_allowed,"max(0, ceil(w*log2(w)*b/24)) if w>8 else max(0, ceil(w*b/8))","max(min(b,4), ceil(log2(w)*b/3))",,,69,0xb170aeb9f1218045
35,com_rol,35,150,13,1123,23,level_override_allowed,"max(0, ceil(w*log2(w)*b/24)) if w>8 else max(0, ceil(w*b/8))","max(min(b,4), ceil(log2(w)*b/3))",,,69,0xb170aeb9f1218045
35,com_rol,36,150,13,1164,23,level_override_allowed,"max(0, ceil(w*log2(w)*b/24)) if w>8 else max(0, ceil(w*b/8))","max(min(b,4), ceil(log2(w)*b/3))",,,69,0xb170aeb9f1218045
35,com_rol,37,150,13,1205,23,level_override_allowed,"max(0, ceil(w*log2(w)*b/24)) if w>8 else max(0, ceil(w*b/8))","max(min(b,4), ceil(log2(w)*b/3))",,,69,0xb170aeb9f1218045
35,com_rol,38,150,13,1247,23,level_override_allowed,"max(0, ceil(w*log2(w)*b/24)) if w>8 else max(0, ceil(w*b/8))","max(min(b,4), ceil(log2(w)*b/3))",,,69,0xb170aeb9f1218045
35,com_rol,39,150,13,1289,23,level_override_allowed,"max(0, ceil(w*log2(w)*b/24)) if w>8 else max(0, ceil(w*b/8))","max(min(b,4), ceil(log2(w)*b/3))",,,69,0xb170aeb9f1218045
35,com_rol,40,150,13,1331,24,level_override_allowed,"max(0, ceil(w*log2(w)*b/24)) if w>8 else max(0, ceil(w*b/8))","max(min(b,4), ceil(log2(w)*b/3))",,,69,0xb170aeb9f1218045
35,com_rol,41,150,13,1373,24,level_override_allowed,"max(0, ceil(w*log2(w)*b/24)) if w>8 else max(0, ceil(w*b/8))","max(min(b,4), ceil(log2(w)*b/3))",,,69,0xb170aeb9f1218045
35,com_rol,42,150,13,1416,24,level_override_allowed,"max(0, ceil(w*log2(w)*b/24)) if w>8 else max(0, ceil(w*b/8))","max(min(b,4), ceil(log2(w)*b/3))",,,69,0xb170aeb9f1218045
35,com_rol,43,150,13,1459,24,level_override_allowed,"max(0, ceil(w*log2(w)*b/24)) if w>8 else max(0, ceil(w*b/8))","max(min(b,4), ceil(log2(w)*b/3))",,,69,0xb170aeb9f1218045
35,com_rol,44,150,13,1502,24,level_override_allowed,"max(0, ceil(w*log2(w)*b/24)) if w>8 else max(0, ceil(w*b/8))","max(min(b,4), ceil(log2(w)*b/3))",,,69,0xb170aeb9f1218045
35,com_rol,45,150,13,1545,24,level_override_allowed,"max(0, ceil(w*log2(w)*b/24)) if w>8 else max(0, ceil(w*b/8))","max(min(b,4), ceil(log2(w)*b/3))",,,69,0xb170aeb9f1218045
35,com_rol,46,150,13,1589,24,level_override_allowed,"max(0, ceil(w*log2(w)*b/24)) if w>8 else max(0, ceil(w*b/8))","max(min(b,4), ceil(log2(w)*b/3))",,,69,0xb170aeb9f1218045
35,com_rol,47,150,13,1632,25,level_override_allowed,"max(0, ceil(w*log2(w)*b/24)) if w>8 else max(0, ceil(w*b/8))","max(min(b,4), ceil(log2(w)*b/3))",,,69,0xb170aeb9f1218045
35,com_rol,48,150,13,1676,25,level_override_allowed,"max(0, ceil(w*log2(w)*b/24)) if w>8 else max(0, ceil(w*b/8))","max(min(b,4), ceil(log2(w)*b/3))",,,69,0xb170aeb9f1218045
35,com_rol,49,150,13,1720,25,level_override_allowed,"max(0, ceil(w*log2(w)*b/24)) if w>8 else max(0, ceil(w*b/8))","max(min(b,4), ceil(log2(w)*b/3))",,,69,0xb170aeb9f1218045
35,com_rol,50,150,13,1764,25,level_override_allowed,"max(0, ceil(w*log2(w)*b/24)) if w>8 else max(0, ceil(w*b/8))","max(min(b,4), ceil(log2(w)*b/3))",,,69,0xb170aeb9f1218045
35,com_rol,51,150,13,1809,25,level_override_allowed,"max(0, ceil(w*log2(w)*b/24)) if w>8 else max(0, ceil(w*b/8))","max(min(b,4), ceil(log2(w)*b/3))",,,69,0xb170aeb9f1218045
35,com_rol,52,150,13,1853,25,level_override_allowed,"max(0, ceil(w*log2(w)*b/24)) if w>8 else max(0, ceil(w*b/8))","max(min(b,4), ceil(log2(w)*b/3))",,,69,0xb170aeb9f1218045
35,com_rol,53,150,13,1898,25,level_override_allowed,"max(0, ceil(w*log2(w)*b/24)) if w>8 else max(0, ceil(w*b/8))","max(min(b,4), ceil(log2(w)*b/3))",,,69,0xb170aeb9f1218045
35,com_rol,54,150,13,1943,25,level_override_allowed,"max(0, ceil(w*log2(w)*b/24)) if w>8 else max(0, ceil(w*b/8))","max(min(b,4), ceil(log2(w)*b/3))",,,69,0xb170aeb9f1218045
35,com_rol,55,150,13,1988,26,level_override_allowed,"max(0, ceil(w*log2(w)*b/24)) if w>8 else max(0, ceil(w*b/8))","max(min(b,4), ceil(log2(w)*b/3))",,,69,0xb170aeb9f1218045
35,com_rol,56,150,13,2033,26,level_override_allowed,"max(0, ceil(w*log2(w)*b/24)) if w>8 else max(0, ceil(w*b/8))","max(min(b,4), ceil(log2(w)*b/3))",,,69,0xb170aeb9f1218045
35,com_rol,57,150,13,2078,26,level_override_allowed,"max(0, ceil(w*log2(w)*b/24)) if w>8 else max(0, ceil(w*b/8))","max(min(b,4), ceil(log2(w)*b/3))",,,69,0xb170aeb9f1218045
35,com_rol,58,150,13,2124,26,level_override_allowed,"max(0, ceil(w*log2(w)*b/24)) if w>8 else max(0, ceil(w*b/8))","max(min(b,4), ceil(log2(w)*b/3))",,,69,0xb170aeb9f1218045
35,com_rol,59,150,13,2170,26,level_override_allowed,"max(0, ceil(w*log2(w)*b/24)) if w>8 else max(0, ceil(w*b/8))","max(min(b,4), ceil(log2(w)*b/3))",,,69,0xb170aeb9f1218045
35,com_rol,60,150,13,2216,26,level_override_allowed,"max(0, ceil(w*log2(w)*b/24)) if w>8 else max(0, ceil(w*b/8))","max(min(b,4), ceil(log2(w)*b/3))",,,69,0xb170aeb9f1218045
35,com_rol,61,150,13,2262,26,level_override_allowed,"max(0, ceil(w*log2(w)*b/24)) if w>8 else max(0, ceil(w*b/8))","max(min(b,4), ceil(log2(w)*b/3))",,,69,0xb170aeb9f1218045
35,com_rol,62,150,13,2308,26,level_override_allowed,"max(0, ceil(w*log2(w)*b/24)) if w>8 else max(0, ceil(w*b/8))","max(min(b,4), ceil(log2(w)*b/3))",,,69,0xb170aeb9f1218045
35,com_rol,63,150,13,2354,26,level_override_allowed,"max(0, ceil(w*log2(w)*b/24)) if w>8 else max(0, ceil(w*b/8))","max(min(b,4), ceil(log2(w)*b/3))",,,69,0xb170aeb9f1218045
35,com_rol,64,150,13,2400,26,level_override_allowed,"max(0, ceil(w*log2(w)*b/24)) if w>8 else max(0, ceil(w*b/8))","max(min(b,4), ceil(log2(w)*b/3))",,,69,0xb170aeb9f1218045
36,com_ror,1,150,13,19,4,level_override_allowed,"max(0, ceil(w*log2(w)*b/24)) if w>8 else max(0, ceil(w*b/8))","max(min(b,4), ceil(log2(w)*b/3))",,,85,0xc1f1e54adaa74355
36,com_ror,2,150,13,38,5,level_override_allowed,"max(0, ceil(w*log2(w)*b/24)) if w>8 else max(0, ceil(w*b/8))","max(min(b,4), ceil(log2(w)*b/3))",,,85,0xc1f1e54adaa74355
36,com_ror,3,150,13,57,7,level_override_allowed,"max(0, ceil(w*log2(w)*b/24)) if w>8 else max(0, ceil(w*b/8))","max(min(b,4), ceil(log2(w)*b/3))",,,85,0xc1f1e54adaa74355
36,com_ror,4,150,13,75,9,level_override_allowed,"max(0, ceil(w*log2(w)*b/24)) if w>8 else max(0, ceil(w*b/8))","max(min(b,4), ceil(log2(w)*b/3))",,,85,0xc1f1e54adaa74355
36,com_ror,5,150,13,94,11,level_override_allowed,"max(0, ceil(w*log2(w)*b/24)) if w>8 else max(0, ceil(w*b/8))","max(min(b,4), ceil(log2(w)*b/3))",,,85,0xc1f1e54adaa74355
36,com_ror,6,150,13,113,12,level_override_allowed,"max(0, ceil(w*log2(w)*b/24)) if w>8 else max(0, ceil(w*b/8))","max(min(b,4), ceil(log2(w)*b/3))",,,85,0xc1f1e54adaa74355
36,com_ror,7,150,13,132,13,level_override_allowed,"max(0, ceil(w*log2(w)*b/24)) if w>8 else max(0, ceil(w*b/8))","max(min(b,4), ceil(log2(w)*b/3))",,,85,0xc1f1e54adaa74355
36,com_ror,8,150,13,150,13,level_override_allowed,"max(0, ceil(w*log2(w)*b/24)) if w>8 else max(0, ceil(w*b/8))","max(min(b,4), ceil(log2(w)*b/3))",,,85,0xc1f1e54adaa74355
36,com_ror,9,150,13,179,14,level_override_allowed,"max(0, ceil(w*log2(w)*b/24)) if w>8 else max(0, ceil(w*b/8))","max(min(b,4), ceil(log2(w)*b/3))",,,85,0xc1f1e54adaa74355
36,com_ror,10,150,13,208,15,level_override_allowed,"max(0, ceil(w*log2(w)*b/24)) if w>8 else max(0, ceil(w*b/8))","max(min(b,4), ceil(log2(w)*b/3))",,,85,0xc1f1e54adaa74355
36,com_ror,11,150,13,238,15,level_override_allowed,"max(0, ceil(w*log2(w)*b/24)) if w>8 else max(0, ceil(w*b/8))","max(min(b,4), ceil(log2(w)*b/3))",,,85,0xc1f1e54adaa74355
36,com_ror,12,150,13,269,16,level_override_allowed,"max(0, ceil(w*log2(w)*b/24)) if w>8 else max(0, ceil(w*b/8))","max(min(b,4), ceil(log2(w)*b/3))",,,85,0xc1f1e54adaa74355
36,com_ror,13,150,13,301,17,level_override_allowed,"max(0, ceil(w*log2(w)*b/24)) if w>8 else max(0, ceil(w*b/8))","max(min(b,4), ceil(log2(w)*b/3))",,,85,0xc1f1e54adaa74355
36,com_ror,14,150,13,334,17,level_override_allowed,"max(0, ceil(w*log2(w)*b/24)) if w>8 else max(0, ceil(w*b/8))","max(min(b,4), ceil(log2(w)*b/3))",,,85,0xc1f1e54adaa74355
36,com_ror,15,150,13,367,17,level_override_allowed,"max(0, ceil(w*log2(w)*b/24)) if w>8 else max(0, ceil(w*b/8))","max(min(b,4), ceil(log2(w)*b/3))",,,85,0xc1f1e54adaa74355
36,com_ror,16,150,13,400,18,level_override_allowed,"max(0, ceil(w*log2(w)*b/24)) if w>8 else max(0, ceil(w*b/8))","max(min(b,4), ceil(log2(w)*b/3))",,,85,0xc1f1e54adaa74355
36,com_ror,17,150,13,435,18,level_override_allowed,"max(0, ceil(w*log2(w)*b/24)) if w>8 else max(0, ceil(w*b/8))","max(min(b,4), ceil(log2(w)*b/3))",,,85,0xc1f1e54adaa74355
36,com_ror,18,150,13,470,19,level_override_allowed,"max(0, ceil(w*log2(w)*b/24)) if w>8 else max(0, ceil(w*b/8))","max(min(b,4), ceil(log2(w)*b/3))",,,85,0xc1f1e54adaa74355
36,com_ror,19,150,13,505,19,level_override_allowed,"max(0, ceil(w*log2(w)*b/24)) if w>8 else max(0, ceil(w*b/8))","max(min(b,4), ceil(log2(w)*b/3))",,,85,0xc1f1e54adaa74355
36,com_ror,20,150,13,541,19,level_override_allowed,"max(0, ceil(w*log2(w)*b/24)) if w>8 else max(0, ceil(w*b/8))","max(min(b,4), ceil(log2(w)*b/3))",,,85,0xc1f1e54adaa74355
36,com_ror,21,150,13,577,20,level_override_allowed,"max(0, ceil(w*log2(w)*b/24)) if w>8 else max(0, ceil(w*b/8))","max(min(b,4), ceil(log2(w)*b/3))",,,85,0xc1f1e54adaa74355
36,com_ror,22,150,13,614,20,level_override_allowed,"max(0, ceil(w*log2(w)*b/24)) if w>8 else max(0, ceil(w*b/8))","max(min(b,4), ceil(log2(w)*b/3))",,,85,0xc1f1e54adaa74355
36,com_ror,23,150,13,651,20,level_override_allowed,"max(0, ceil(w*log2(w)*b/24)) if w>8 else max(0, ceil(w*b/8))","max(min(b,4), ceil(log2(w)*b/3))",,,85,0xc1f1e54adaa74355
36,com_ror,24,150,13,688,20,level_override_allowed,"max(0, ceil(w*log2(w)*b/24)) if w>8 else max(0, ceil(w*b/8))","max(min(b,4), ceil(log2(w)*b/3))",,,85,0xc1f1e54adaa74355
36,com_ror,25,150,13,726,21,level_override_allowed,"max(0, ceil(w*log2(w)*b/24)) if w>8 else max(0, ceil(w*b/8))","max(min(b,4), ceil(log2(w)*b/3))",,,85,0xc1f1e54adaa74355
36,com_ror,26,150,13,764,21,level_override_allowed,"max(0, ceil(w*log2(w)*b/24)) if w>8 else max(0, ceil(w*b/8))","max(min(b,4), ceil(log2(w)*b/3))",,,85,0xc1f1e54adaa74355
36,com_ror,27,150,13,803,21,level_override_allowed,"max(0, ceil(w*log2(w)*b/24)) if w>8 else max(0, ceil(w*b/8))","max(min(b,4), ceil(log2(w)*b/3))",,,85,0xc1f1e54adaa74355
36,com_ror,28,150,13,842,21,level_override_allowed,"max(0, ceil(w*log2(w)*b/24)) if w>8 else max(0, ceil(w*b/8))","max(min(b,4), ceil(log2(w)*b/3))",,,85,0xc1f1e54adaa74355
36,com_ror,29,150,13,881,22,level_override_allowed,"max(0, ceil(w*log2(w)*b/24)) if w>8 else max(0, ceil(w*b/8))","max(min(b,4), ceil(log2(w)*b/3))",,,85,0xc1f1e54adaa74355
36,com_ror,30,150,13,921,22,level_override_allowed,"max(0, ceil(w*log2(w)*b/24)) if w>8 else max(0, ceil(w*b/8))","max(min(b,4), ceil(log2(w)*b/3))",,,85,0xc1f1e54adaa74355
36,com_ror,31,150,13,960,22,level_override_allowed,"max(0, ceil(w*log2(w)*b/24)) if w>8 else max(0, ceil(w*b/8))","max(min(b,4), ceil(log2(w)*b/3))",,,85,0xc1f1e54adaa74355
36,com_ror,32,150,13,1000,22,level_override_allowed,"max(0, ceil(w*log2(w)*b/24)) if w>8 else max(0, ceil(w*b/8))","max(min(b,4), ceil(log2(w)*b/3))",,,85,0xc1f1e54adaa74355
36,com_ror,33,150,13,1041,22,level_override_allowed,"max(0, ceil(w*log2(w)*b/24)) if w>8 else max(0, ceil(w*b/8))","max(min(b,4), ceil(log2(w)*b/3))",,,85,0xc1f1e54adaa74355
36,com_ror,34,150,13,1082,23,level_override_allowed,"max(0, ceil(w*log2(w)*b/24)) if w>8 else max(0, ceil(w*b/8))","max(min(b,4), ceil(log2(w)*b/3))",,,85,0xc1f1e54adaa74355
36,com_ror,35,150,13,1123,23,level_override_allowed,"max(0, ceil(w*log2(w)*b/24)) if w>8 else max(0, ceil(w*b/8))","max(min(b,4), ceil(log2(w)*b/3))",,,85,0xc1f1e54adaa74355
36,com_ror,36,150,13,1164,23,level_override_allowed,"max(0, ceil(w*log2(w)*b/24)) if w>8 else max(0, ceil(w*b/8))","max(min(b,4), ceil(log2(w)*b/3))",,,85,0xc1f1e54adaa74355
36,com_ror,37,150,13,1205,23,level_override_allowed,"max(0, ceil(w*log2(w)*b/24)) if w>8 else max(0, ceil(w*b/8))","max(min(b,4), ceil(log2(w)*b/3))",,,85,0xc1f1e54adaa74355
36,com_ror,38,150,13,1247,23,level_override_allowed,"max(0, ceil(w*log2(w)*b/24)) if w>8 else max(0, ceil(w*b/8))","max(min(b,4), ceil(log2(w)*b/3))",,,85,0xc1f1e54adaa74355
36,com_ror,39,150,13,1289,23,level_override_allowed,"max(0, ceil(w*log2(w)*b/24)) if w>8 else max(0, ceil(w*b/8))","max(min(b,4), ceil(log2(w)*b/3))",,,85,0xc1f1e54adaa74355
36,com_ror,40,150,13,1331,24,level_override_allowed,"max(0, ceil(w*log2(w)*b/24)) if w>8 else max(0, ceil(w*b/8))","max(min(b,4), ceil(log2(w)*b/3))",,,85,0xc1f1e54adaa74355
36,com_ror,41,150,13,1373,24,level_override_allowed,"max(0, ceil(w*log2(w)*b/24)) if w>8 else max(0, ceil(w*b/8))","max(min(b,4), ceil(log2(w)*b/3))",,,85,0xc1f1e54adaa74355
36,com_ror,42,150,13,1416,24,level_override_allowed,"max(0, ceil(w*log2(w)*b/24)) if w>8 else max(0, ceil(w*b/8))","max(min(b,4), ceil(log2(w)*b/3))",,,85,0xc1f1e54adaa74355
36,com_ror,43,150,13,1459,24,level_override_allowed,"max(0, ceil(w*log2(w)*b/24)) if w>8 else max(0, ceil(w*b/8))","max(min(b,4), ceil(log2(w)*b/3))",,,85,0xc1f1e54adaa74355
36,com_ror,44,150,13,1502,24,level_override_allowed,"max(0, ceil(w*log2(w)*b/24)) if w>8 else max(0, ceil(w*b/8))","max(min(b,4), ceil(log2(w)*b/3))",,,85,0xc1f1e54adaa74355
36,com_ror,45,150,13,1545,24,level_override_allowed,"max(0, ceil(w*log2(w)*b/24)) if w>8 else max(0, ceil(w*b/8))","max(min(b,4), ceil(log2(w)*b/3))",,,85,0xc1f1e54adaa74355
36,com_ror,46,150,13,1589,24,level_override_allowed,"max(0, ceil(w*log2(w)*b/24)) if w>8 else max(0, ceil(w*b/8))","max(min(b,4), ceil(log2(w)*b/3))",,,85,0xc1f1e54adaa74355
36,com_ror,47,150,13,1632,25,level_override_allowed,"max(0, ceil(w*log2(w)*b/24)) if w>8 else max(0, ceil(w*b/8))","max(min(b,4), ceil(log2(w)*b/3))",,,85,0xc1f1e54adaa74355
36,com_ror,48,150,13,1676,25,level_override_allowed,"max(0, ceil(w*log2(w)*b/24)) if w>8 else max(0, ceil(w*b/8))","max(min(b,4), ceil(log2(w)*b/3))",,,85,0xc1f1e54adaa74355
36,com_ror,49,150,13,1720,25,level_override_allowed,"max(0, ceil(w*log2(w)*b/24)) if w>8 else max(0, ceil(w*b/8))","max(min(b,4), ceil(log2(w)*b/3))",,,85,0xc1f1e54adaa74355
36,com_ror,50,150,13,1764,25,level_override_allowed,"max(0, ceil(w*log2(w)*b/24)) if w>8 else max(0, ceil(w*b/8))","max(min(b,4), ceil(log2(w)*b/3))",,,85,0xc1f1e54adaa74355
36,com_ror,51,150,13,1809,25,level_override_allowed,"max(0, ceil(w*log2(w)*b/24)) if w>8 else max(0, ceil(w*b/8))","max(min(b,4), ceil(log2(w)*b/3))",,,85,0xc1f1e54adaa74355
36,com_ror,52,150,13,1853,25,level_override_allowed,"max(0, ceil(w*log2(w)*b/24)) if w>8 else max(0, ceil(w*b/8))","max(min(b,4), ceil(log2(w)*b/3))",,,85,0xc1f1e54adaa74355
36,com_ror,53,150,13,1898,25,level_override_allowed,"max(0, ceil(w*log2(w)*b/24)) if w>8 else max(0, ceil(w*b/8))","max(min(b,4), ceil(log2(w)*b/3))",,,85,0xc1f1e54adaa74355
36,com_ror,54,150,13,1943,25,level_override_allowed,"max(0, ceil(w*log2(w)*b/24)) if w>8 else max(0, ceil(w*b/8))","max(min(b,4), ceil(log2(w)*b/3))",,,85,0xc1f1e54adaa74355
36,com_ror,55,150,13,1988,26,level_override_allowed,"max(0, ceil(w*log2(w)*b/24)) if w>8 else max(0, ceil(w*b/8))","max(min(b,4), ceil(log2(w)*b/3))",,,85,0xc1f1e54adaa74355
36,com_ror,56,150,13,2033,26,level_override_allowed,"max(0, ceil(w*log2(w)*b/24)) if w>8 else max(0, ceil(w*b/8))","max(min(b,4), ceil(log2(w)*b/3))",,,85,0xc1f1e54adaa74355
36,com_ror,57,150,13,2078,26,level_override_allowed,"max(0, ceil(w*log2(w)*b/24)) if w>8 else max(0, ceil(w*b/8))","max(min(b,4), ceil(log2(w)*b/3))",,,85,0xc1f1e54adaa74355
36,com_ror,58,150,13,2124,26,level_override_allowed,"max(0, ceil(w*log2(w)*b/24)) if w>8 else max(0, ceil(w*b/8))","max(min(b,4), ceil(log2(w)*b/3))",,,85,0xc1f1e54adaa74355
36,com_ror,59,150,13,2170,26,level_override_allowed,"max(0, ceil(w*log2(w)*b/24)) if w>8 else max(0, ceil(w*b/8))","max(min(b,4), ceil(log2(w)*b/3))",,,85,0xc1f1e54adaa74355
36,com_ror,60,150,13,2216,26,level_override_allowed,"max(0, ceil(w*log2(w)*b/24)) if w>8 else max(0, ceil(w*b/8))","max(min(b,4), ceil(log2(w)*b/3))",,,85,0xc1f1e54adaa74355
36,com_ror,61,150,13,2262,26,level_override_allowed,"max(0, ceil(w*log2(w)*b/24)) if w>8 else max(0, ceil(w*b/8))","max(min(b,4), ceil(log2(w)*b/3))",,,85,0xc1f1e54adaa74355
36,com_ror,62,150,13,2308,26,level_override_allowed,"max(0, ceil(w*log2(w)*b/24)) if w>8 else max(0, ceil(w*b/8))","max(min(b,4), ceil(log2(w)*b/3))",,,85,0xc1f1e54adaa74355
36,com_ror,63,150,13,2354,26,level_override_allowed,"max(0, ceil(w*log2(w)*b/24)) if w>8 else max(0, ceil(w*b/8))","max(min(b,4), ceil(log2(w)*b/3))",,,85,0xc1f1e54adaa74355
36,com_ror,64,150,13,2400,26,level_override_allowed,"max(0, ceil(w*log2(w)*b/24)) if w>8 else max(0, ceil(w*b/8))","max(min(b,4), ceil(log2(w)*b/3))",,,85,0xc1f1e54adaa74355
37,com_asr,1,150,13,19,4,level_override_allowed,"max(0, ceil(w*log2(w)*b/24)) if w>8 else max(0, ceil(w*b/8))","max(min(b,4), ceil(log2(w)*b/3))",,,210,0xcc9a9e9ce26336d2
37,com_asr,2,150,13,38,5,level_override_allowed,"max(0, ceil(w*log2(w)*b/24)) if w>8 else max(0, ceil(w*b/8))","max(min(b,4), ceil(log2(w)*b/3))",,,210,0xcc9a9e9ce26336d2
37,com_asr,3,150,13,57,7,level_override_allowed,"max(0, ceil(w*log2(w)*b/24)) if w>8 else max(0, ceil(w*b/8))","max(min(b,4), ceil(log2(w)*b/3))",,,210,0xcc9a9e9ce26336d2
37,com_asr,4,150,13,75,9,level_override_allowed,"max(0, ceil(w*log2(w)*b/24)) if w>8 else max(0, ceil(w*b/8))","max(min(b,4), ceil(log2(w)*b/3))",,,210,0xcc9a9e9ce26336d2
37,com_asr,5,150,13,94,11,level_override_allowed,"max(0, ceil(w*log2(w)*b/24)) if w>8 else max(0, ceil(w*b/8))","max(min(b,4), ceil(log2(w)*b/3))",,,210,0xcc9a9e9ce26336d2
37,com_asr,6,150,13,113,12,level_override_allowed,"max(0, ceil(w*log2(w)*b/24)) if w>8 else max(0, ceil(w*b/8))","max(min(b,4), ceil(log2(w)*b/3))",,,210,0xcc9a9e9ce26336d2
37,com_asr,7,150,13,132,13,level_override_allowed,"max(0, ceil(w*log2(w)*b/24)) if w>8 else max(0, ceil(w*b/8))","max(min(b,4), ceil(log2(w)*b/3))",,,210,0xcc9a9e9ce26336d2
37,com_asr,8,150,13,150,13,level_override_allowed,"max(0, ceil(w*log2(w)*b/24)) if w>8 else max(0, ceil(w*b/8))","max(min(b,4), ceil(log2(w)*b/3))",,,210,0xcc9a9e9ce26336d2
37,com_asr,9,150,13,179,14,level_override_allowed,"max(0, ceil(w*log2(w)*b/24)) if w>8 else max(0, ceil(w*b/8))","max(min(b,4), ceil(log2(w)*b/3))",,,210,0xcc9a9e9ce26336d2
37,com_asr,10,150,13,208,15,level_override_allowed,"max(0, ceil(w*log2(w)*b/24)) if w>8 else max(0, ceil(w*b/8))","max(min(b,4), ceil(log2(w)*b/3))",,,210,0xcc9a9e9ce26336d2
37,com_asr,11,150,13,238,15,level_override_allowed,"max(0, ceil(w*log2(w)*b/24)) if w>8 else max(0, ceil(w*b/8))","max(min(b,4), ceil(log2(w)*b/3))",,,210,0xcc9a9e9ce26336d2
37,com_asr,12,150,13,269,16,level_override_allowed,"max(0, ceil(w*log2(w)*b/24)) if w>8 else max(0, ceil(w*b/8))","max(min(b,4), ceil(log2(w)*b/3))",,,210,0xcc9a9e9ce26336d2
37,com_asr,13,150,13,301,17,level_override_allowed,"max(0, ceil(w*log2(w)*b/24)) if w>8 else max(0, ceil(w*b/8))","max(min(b,4), ceil(log2(w)*b/3))",,,210,0xcc9a9e9ce26336d2
37,com_asr,14,150,13,334,17,level_override_allowed,"max(0, ceil(w*log2(w)*b/24)) if w>8 else max(0, ceil(w*b/8))","max(min(b,4), ceil(log2(w)*b/3))",,,210,0xcc9a9e9ce26336d2
37,com_asr,15,150,13,367,17,level_override_allowed,"max(0, ceil(w*log2(w)*b/24)) if w>8 else max(0, ceil(w*b/8))","max(min(b,4), ceil(log2(w)*b/3))",,,210,0xcc9a9e9ce26336d2
37,com_asr,16,150,13,400,18,level_override_allowed,"max(0, ceil(w*log2(w)*b/24)) if w>8 else max(0, ceil(w*b/8))","max(min(b,4), ceil(log2(w)*b/3))",,,210,0xcc9a9e9ce26336d2
37,com_asr,17,150,13,435,18,level_override_allowed,"max(0, ceil(w*log2(w)*b/24)) if w>8 else max(0, ceil(w*b/8))","max(min(b,4), ceil(log2(w)*b/3))",,,210,0xcc9a9e9ce26336d2
37,com_asr,18,150,13,470,19,level_override_allowed,"max(0, ceil(w*log2(w)*b/24)) if w>8 else max(0, ceil(w*b/8))","max(min(b,4), ceil(log2(w)*b/3))",,,210,0xcc9a9e9ce26336d2
37,com_asr,19,150,13,505,19,level_override_allowed,"max(0, ceil(w*log2(w)*b/24)) if w>8 else max(0, ceil(w*b/8))","max(min(b,4), ceil(log2(w)*b/3))",,,210,0xcc9a9e9ce26336d2
37,com_asr,20,150,13,541,19,level_override_allowed,"max(0, ceil(w*log2(w)*b/24)) if w>8 else max(0, ceil(w*b/8))","max(min(b,4), ceil(log2(w)*b/3))",,,210,0xcc9a9e9ce26336d2
37,com_asr,21,150,13,577,20,level_override_allowed,"max(0, ceil(w*log2(w)*b/24)) if w>8 else max(0, ceil(w*b/8))","max(min(b,4), ceil(log2(w)*b/3))",,,210,0xcc9a9e9ce26336d2
37,com_asr,22,150,13,614,20,level_override_allowed,"max(0, ceil(w*log2(w)*b/24)) if w>8 else max(0, ceil(w*b/8))","max(min(b,4), ceil(log2(w)*b/3))",,,210,0xcc9a9e9ce26336d2
37,com_asr,23,150,13,651,20,level_override_allowed,"max(0, ceil(w*log2(w)*b/24)) if w>8 else max(0, ceil(w*b/8))","max(min(b,4), ceil(log2(w)*b/3))",,,210,0xcc9a9e9ce26336d2
37,com_asr,24,150,13,688,20,level_override_allowed,"max(0, ceil(w*log2(w)*b/24)) if w>8 else max(0, ceil(w*b/8))","max(min(b,4), ceil(log2(w)*b/3))",,,210,0xcc9a9e9ce26336d2
37,com_asr,25,150,13,726,21,level_override_allowed,"max(0, ceil(w*log2(w)*b/24)) if w>8 else max(0, ceil(w*b/8))","max(min(b,4), ceil(log2(w)*b/3))",,,210,0xcc9a9e9ce26336d2
37,com_asr,26,150,13,764,21,level_override_allowed,"max(0, ceil(w*log2(w)*b/24)) if w>8 else max(0, ceil(w*b/8))","max(min(b,4), ceil(log2(w)*b/3))",,,210,0xcc9a9e9ce26336d2
37,com_asr,27,150,13,803,21,level_override_allowed,"max(0, ceil(w*log2(w)*b/24)) if w>8 else max(0, ceil(w*b/8))","max(min(b,4), ceil(log2(w)*b/3))",,,210,0xcc9a9e9ce26336d2
37,com_asr,28,150,13,842,21,level_override_allowed,"max(0, ceil(w*log2(w)*b/24)) if w>8 else max(0, ceil(w*b/8))","max(min(b,4), ceil(log2(w)*b/3))",,,210,0xcc9a9e9ce26336d2
37,com_asr,29,150,13,881,22,level_override_allowed,"max(0, ceil(w*log2(w)*b/24)) if w>8 else max(0, ceil(w*b/8))","max(min(b,4), ceil(log2(w)*b/3))",,,210,0xcc9a9e9ce26336d2
37,com_asr,30,150,13,921,22,level_override_allowed,"max(0, ceil(w*log2(w)*b/24)) if w>8 else max(0, ceil(w*b/8))","max(min(b,4), ceil(log2(w)*b/3))",,,210,0xcc9a9e9ce26336d2
37,com_asr,31,150,13,960,22,level_override_allowed,"max(0, ceil(w*log2(w)*b/24)) if w>8 else max(0, ceil(w*b/8))","max(min(b,4), ceil(log2(w)*b/3))",,,210,0xcc9a9e9ce26336d2
37,com_asr,32,150,13,1000,22,level_override_allowed,"max(0, ceil(w*log2(w)*b/24)) if w>8 else max(0, ceil(w*b/8))","max(min(b,4), ceil(log2(w)*b/3))",,,210,0xcc9a9e9ce26336d2
37,com_asr,33,150,13,1041,22,level_override_allowed,"max(0, ceil(w*log2(w)*b/24)) if w>8 else max(0, ceil(w*b/8))","max(min(b,4), ceil(log2(w)*b/3))",,,210,0xcc9a9e9ce26336d2
37,com_asr,34,150,13,1082,23,level_override_allowed,"max(0, ceil(w*log2(w)*b/24)) if w>8 else max(0, ceil(w*b/8))","max(min(b,4), ceil(log2(w)*b/3))",,,210,0xcc9a9e9ce26336d2
37,com_asr,35,150,13,1123,23,level_override_allowed,"max(0, ceil(w*log2(w)*b/24)) if w>8 else max(0, ceil(w*b/8))","max(min(b,4), ceil(log2(w)*b/3))",,,210,0xcc9a9e9ce26336d2
37,com_asr,36,150,13,1164,23,level_override_allowed,"max(0, ceil(w*log2(w)*b/24)) if w>8 else max(0, ceil(w*b/8))","max(min(b,4), ceil(log2(w)*b/3))",,,210,0xcc9a9e9ce26336d2
37,com_asr,37,150,13,1205,23,level_override_allowed,"max(0, ceil(w*log2(w)*b/24)) if w>8 else max(0, ceil(w*b/8))","max(min(b,4), ceil(log2(w)*b/3))",,,210,0xcc9a9e9ce26336d2
37,com_asr,38,150,13,1247,23,level_override_allowed,"max(0, ceil(w*log2(w)*b/24)) if w>8 else max(0, ceil(w*b/8))","max(min(b,4), ceil(log2(w)*b/3))",,,210,0xcc9a9e9ce26336d2
37,com_asr,39,150,13,1289,23,level_override_allowed,"max(0, ceil(w*log2(w)*b/24)) if w>8 else max(0, ceil(w*b/8))","max(min(b,4), ceil(log2(w)*b/3))",,,210,0xcc9a9e9ce26336d2
37,com_asr,40,150,13,1331,24,level_override_allowed,"max(0, ceil(w*log2(w)*b/24)) if w>8 else max(0, ceil(w*b/8))","max(min(b,4), ceil(log2(w)*b/3))",,,210,0xcc9a9e9ce26336d2
37,com_asr,41,150,13,1373,24,level_override_allowed,"max(0, ceil(w*log2(w)*b/24)) if w>8 else max(0, ceil(w*b/8))","max(min(b,4), ceil(log2(w)*b/3))",,,210,0xcc9a9e9ce26336d2
37,com_asr,42,150,13,1416,24,level_override_allowed,"max(0, ceil(w*log2(w)*b/24)) if w>8 else max(0, ceil(w*b/8))","max(min(b,4), ceil(log2(w)*b/3))",,,210,0xcc9a9e9ce26336d2
37,com_asr,43,150,13,1459,24,level_override_allowed,"max(0, ceil(w*log2(w)*b/24)) if w>8 else max(0, ceil(w*b/8))","max(min(b,4), ceil(log2(w)*b/3))",,,210,0xcc9a9e9ce26336d2
37,com_asr,44,150,13,1502,24,level_override_allowed,"max(0, ceil(w*log2(w)*b/24)) if w>8 else max(0, ceil(w*b/8))","max(min(b,4), ceil(log2(w)*b/3))",,,210,0xcc9a9e9ce26336d2
37,com_asr,45,150,13,1545,24,level_override_allowed,"max(0, ceil(w*log2(w)*b/24)) if w>8 else max(0, ceil(w*b/8))","max(min(b,4), ceil(log2(w)*b/3))",,,210,0xcc9a9e9ce26336d2
37,com_asr,46,150,13,1589,24,level_override_allowed,"max(0, ceil(w*log2(w)*b/24)) if w>8 else max(0, ceil(w*b/8))","max(min(b,4), ceil(log2(w)*b/3))",,,210,0xcc9a9e9ce26336d2
37,com_asr,47,150,13,1632,25,level_override_allowed,"max(0, ceil(w*log2(w)*b/24)) if w>8 else max(0, ceil(w*b/8))","max(min(b,4), ceil(log2(w)*b/3))",,,210,0xcc9a9e9ce26336d2
37,com_asr,48,150,13,1676,25,level_override_allowed,"max(0, ceil(w*log2(w)*b/24)) if w>8 else max(0, ceil(w*b/8))","max(min(b,4), ceil(log2(w)*b/3))",,,210,0xcc9a9e9ce26336d2
37,com_asr,49,150,13,1720,25,level_override_allowed,"max(0, ceil(w*log2(w)*b/24)) if w>8 else max(0, ceil(w*b/8))","max(min(b,4), ceil(log2(w)*b/3))",,,210,0xcc9a9e9ce26336d2
37,com_asr,50,150,13,1764,25,level_override_allowed,"max(0, ceil(w*log2(w)*b/24)) if w>8 else max(0, ceil(w*b/8))","max(min(b,4), ceil(log2(w)*b/3))",,,210,0xcc9a9e9ce26336d2
37,com_asr,51,150,13,1809,25,level_override_allowed,"max(0, ceil(w*log2(w)*b/24)) if w>8 else max(0, ceil(w*b/8))","max(min(b,4), ceil(log2(w)*b/3))",,,210,0xcc9a9e9ce26336d2
37,com_asr,52,150,13,1853,25,level_override_allowed,"max(0, ceil(w*log2(w)*b/24)) if w>8 else max(0, ceil(w*b/8))","max(min(b,4), ceil(log2(w)*b/3))",,,210,0xcc9a9e9ce26336d2
37,com_asr,53,150,13,1898,25,level_override_allowed,"max(0, ceil(w*log2(w)*b/24)) if w>8 else max(0, ceil(w*b/8))","max(min(b,4), ceil(log2(w)*b/3))",,,210,0xcc9a9e9ce26336d2
37,com_asr,54,150,13,1943,25,level_override_allowed,"max(0, ceil(w*log2(w)*b/24)) if w>8 else max(0, ceil(w*b/8))","max(min(b,4), ceil(log2(w)*b/3))",,,210,0xcc9a9e9ce26336d2
37,com_asr,55,150,13,1988,26,level_override_allowed,"max(0, ceil(w*log2(w)*b/24)) if w>8 else max(0, ceil(w*b/8))","max(min(b,4), ceil(log2(w)*b/3))",,,210,0xcc9a9e9ce26336d2
37,com_asr,56,150,13,2033,26,level_override_allowed,"max(0, ceil(w*log2(w)*b/24)) if w>8 else max(0, ceil(w*b/8))","max(min(b,4), ceil(log2(w)*b/3))",,,210,0xcc9a9e9ce26336d2
37,com_asr,57,150,13,2078,26,level_override_allowed,"max(0, ceil(w*log2(w)*b/24)) if w>8 else max(0, ceil(w*b/8))","max(min(b,4), ceil(log2(w)*b/3))",,,210,0xcc9a9e9ce26336d2
37,com_asr,58,150,13,2124,26,level_override_allowed,"max(0, ceil(w*log2(w)*b/24)) if w>8 else max(0, ceil(w*b/8))","max(min(b,4), ceil(log2(w)*b/3))",,,210,0xcc9a9e9ce26336d2
37,com_asr,59,150,13,2170,26,level_override_allowed,"max(0, ceil(w*log2(w)*b/24)) if w>8 else max(0, ceil(w*b/8))","max(min(b,4), ceil(log2(w)*b/3))",,,210,0xcc9a9e9ce26336d2
37,com_asr,60,150,13,2216,26,level_override_allowed,"max(0, ceil(w*log2(w)*b/24)) if w>8 else max(0, ceil(w*b/8))","max(min(b,4), ceil(log2(w)*b/3))",,,210,0xcc9a9e9ce26336d2
37,com_asr,61,150,13,2262,26,level_override_allowed,"max(0, ceil(w*log2(w)*b/24)) if w>8 else max(0, ceil(w*b/8))","max(min(b,4), ceil(log2(w)*b/3))",,,210,0xcc9a9e9ce26336d2
37,com_asr,62,150,13,2308,26,level_override_allowed,"max(0, ceil(w*log2(w)*b/24)) if w>8 else max(0, ceil(w*b/8))","max(min(b,4), ceil(log2(w)*b/3))",,,210,0xcc9a9e9ce26336d2
37,com_asr,63,150,13,2354,26,level_override_allowed,"max(0, ceil(w*log2(w)*b/24)) if w>8 else max(0, ceil(w*b/8))","max(min(b,4), ceil(log2(w)*b/3))",,,210,0xcc9a9e9ce26336d2
37,com_asr,64,150,13,2400,26,level_override_allowed,"max(0, ceil(w*log2(w)*b/24)) if w>8 else max(0, ceil(w*b/8))","max(min(b,4), ceil(log2(w)*b/3))",,,210,0xcc9a9e9ce26336d2
38,com_counter,1,170,20,22,4,level_override_allowed,b+ceil((w-8)*b/(7 if w>8 else 8)),"max(min(b,4), ceil(w*b/8))",,,151,0x9dd173e61c854197
38,com_counter,2,170,20,43,5,level_override_allowed,b+ceil((w-8)*b/(7 if w>8 else 8)),"max(min(b,4), ceil(w*b/8))",,,151,0x9dd173e61c854197
38,com_counter,3,170,20,64,8,level_override_allowed,b+ceil((w-8)*b/(7 if w>8 else 8)),"max(min(b,4), ceil(w*b/8))",,,151,0x9dd173e61c854197
38,com_counter,4,170,20,85,10,level_override_allowed,b+ceil((w-8)*b/(7 if w>8 else 8)),"max(min(b,4), ceil(w*b/8))",,,151,0x9dd173e61c854197
38,com_counter,5,170,20,107,13,level_override_allowed,b+ceil((w-8)*b/(7 if w>8 else 8)),"max(min(b,4), ceil(w*b/8))",,,151,0x9dd173e61c854197
38,com_counter,6,170,20,128,15,level_override_allowed,b+ceil((w-8)*b/(7 if w>8 else 8)),"max(min(b,4), ceil(w*b/8))",,,151,0x9dd173e61c854197
38,com_counter,7,170,20,149,18,level_override_allowed,b+ceil((w-8)*b/(7 if w>8 else 8)),"max(min(b,4), ceil(w*b/8))",,,151,0x9dd173e61c854197
38,com_counter,8,170,20,170,20,level_override_allowed,b+ceil((w-8)*b/(7 if w>8 else 8)),"max(min(b,4), ceil(w*b/8))",,,151,0x9dd173e61c854197
38,com_counter,9,170,20,195,23,level_override_allowed,b+ceil((w-8)*b/(7 if w>8 else 8)),"max(min(b,4), ceil(w*b/8))",,,151,0x9dd173e61c854197
38,com_counter,10,170,20,219,25,level_override_allowed,b+ceil((w-8)*b/(7 if w>8 else 8)),"max(min(b,4), ceil(w*b/8))",,,151,0x9dd173e61c854197
38,com_counter,11,170,20,243,28,level_override_allowed,b+ceil((w-8)*b/(7 if w>8 else 8)),"max(min(b,4), ceil(w*b/8))",,,151,0x9dd173e61c854197
38,com_counter,12,170,20,268,30,level_override_allowed,b+ceil((w-8)*b/(7 if w>8 else 8)),"max(min(b,4), ceil(w*b/8))",,,151,0x9dd173e61c854197
38,com_counter,13,170,20,292,33,level_override_allowed,b+ceil((w-8)*b/(7 if w>8 else 8)),"max(min(b,4), ceil(w*b/8))",,,151,0x9dd173e61c854197
38,com_counter,14,170,20,316,35,level_override_allowed,b+ceil((w-8)*b/(7 if w>8 else 8)),"max(min(b,4), ceil(w*b/8))",,,151,0x9dd173e61c854197
38,com_counter,15,170,20,340,38,level_override_allowed,b+ceil((w-8)*b/(7 if w>8 else 8)),"max(min(b,4), ceil(w*b/8))",,,151,0x9dd173e61c854197
38,com_counter,16,170,20,365,40,level_override_allowed,b+ceil((w-8)*b/(7 if w>8 else 8)),"max(min(b,4), ceil(w*b/8))",,,151,0x9dd173e61c854197
38,com_counter,17,170,20,389,43,level_override_allowed,b+ceil((w-8)*b/(7 if w>8 else 8)),"max(min(b,4), ceil(w*b/8))",,,151,0x9dd173e61c854197
38,com_counter,18,170,20,413,45,level_override_allowed,b+ceil((w-8)*b/(7 if w>8 else 8)),"max(min(b,4), ceil(w*b/8))",,,151,0x9dd173e61c854197
38,com_counter,19,170,20,438,48,level_override_allowed,b+ceil((w-8)*b/(7 if w>8 else 8)),"max(min(b,4), ceil(w*b/8))",,,151,0x9dd173e61c854197
38,com_counter,20,170,20,462,50,level_override_allowed,b+ceil((w-8)*b/(7 if w>8 else 8)),"max(min(b,4), ceil(w*b/8))",,,151,0x9dd173e61c854197
38,com_counter,21,170,20,486,53,level_override_allowed,b+ceil((w-8)*b/(7 if w>8 else 8)),"max(min(b,4), ceil(w*b/8))",,,151,0x9dd173e61c854197
38,com_counter,22,170,20,510,55,level_override_allowed,b+ceil((w-8)*b/(7 if w>8 else 8)),"max(min(b,4), ceil(w*b/8))",,,151,0x9dd173e61c854197
38,com_counter,23,170,20,535,58,level_override_allowed,b+ceil((w-8)*b/(7 if w>8 else 8)),"max(min(b,4), ceil(w*b/8))",,,151,0x9dd173e61c854197
38,com_counter,24,170,20,559,60,level_override_allowed,b+ceil((w-8)*b/(7 if w>8 else 8)),"max(min(b,4), ceil(w*b/8))",,,151,0x9dd173e61c854197
38,com_counter,25,170,20,583,63,level_override_allowed,b+ceil((w-8)*b/(7 if w>8 else 8)),"max(min(b,4), ceil(w*b/8))",,,151,0x9dd173e61c854197
38,com_counter,26,170,20,608,65,level_override_allowed,b+ceil((w-8)*b/(7 if w>8 else 8)),"max(min(b,4), ceil(w*b/8))",,,151,0x9dd173e61c854197
38,com_counter,27,170,20,632,68,level_override_allowed,b+ceil((w-8)*b/(7 if w>8 else 8)),"max(min(b,4), ceil(w*b/8))",,,151,0x9dd173e61c854197
38,com_counter,28,170,20,656,70,level_override_allowed,b+ceil((w-8)*b/(7 if w>8 else 8)),"max(min(b,4), ceil(w*b/8))",,,151,0x9dd173e61c854197
38,com_counter,29,170,20,680,73,level_override_allowed,b+ceil((w-8)*b/(7 if w>8 else 8)),"max(min(b,4), ceil(w*b/8))",,,151,0x9dd173e61c854197
38,com_counter,30,170,20,705,75,level_override_allowed,b+ceil((w-8)*b/(7 if w>8 else 8)),"max(min(b,4), ceil(w*b/8))",,,151,0x9dd173e61c854197
38,com_counter,31,170,20,729,78,level_override_allowed,b+ceil((w-8)*b/(7 if w>8 else 8)),"max(min(b,4), ceil(w*b/8))",,,151,0x9dd173e61c854197
38,com_counter,32,170,20,753,80,level_override_allowed,b+ceil((w-8)*b/(7 if w>8 else 8)),"max(min(b,4), ceil(w*b/8))",,,151,0x9dd173e61c854197
38,com_counter,33,170,20,778,83,level_override_allowed,b+ceil((w-8)*b/(7 if w>8 else 8)),"max(min(b,4), ceil(w*b/8))",,,151,0x9dd173e61c854197
38,com_counter,34,170,20,802,85,level_override_allowed,b+ceil((w-8)*b/(7 if w>8 else 8)),"max(min(b,4), ceil(w*b/8))",,,151,0x9dd173e61c854197
38,com_counter,35,170,20,826,88,level_override_allowed,b+ceil((w-8)*b/(7 if w>8 else 8)),"max(min(b,4), ceil(w*b/8))",,,151,0x9dd173e61c854197
38,com_counter,36,170,20,850,90,level_override_allowed,b+ceil((w-8)*b/(7 if w>8 else 8)),"max(min(b,4), ceil(w*b/8))",,,151,0x9dd173e61c854197
38,com_counter,37,170,20,875,93,level_override_allowed,b+ceil((w-8)*b/(7 if w>8 else 8)),"max(min(b,4), ceil(w*b/8))",,,151,0x9dd173e61c854197
38,com_counter,38,170,20,899,95,level_override_allowed,b+ceil((w-8)*b/(7 if w>8 else 8)),"max(min(b,4), ceil(w*b/8))",,,151,0x9dd173e61c854197
38,com_counter,39,170,20,923,98,level_override_allowed,b+ceil((w-8)*b/(7 if w>8 else 8)),"max(min(b,4), ceil(w*b/8))",,,151,0x9dd173e61c854197
38,com_counter,40,170,20,948,100,level_override_allowed,b+ceil((w-8)*b/(7 if w>8 else 8)),"max(min(b,4), ceil(w*b/8))",,,151,0x9dd173e61c854197
38,com_counter,41,170,20,972,103,level_override_allowed,b+ceil((w-8)*b/(7 if w>8 else 8)),"max(min(b,4), ceil(w*b/8))",,,151,0x9dd173e61c854197
38,com_counter,42,170,20,996,105,level_override_allowed,b+ceil((w-8)*b/(7 if w>8 else 8)),"max(min(b,4), ceil(w*b/8))",,,151,0x9dd173e61c854197
38,com_counter,43,170,20,1020,108,level_override_allowed,b+ceil((w-8)*b/(7 if w>8 else 8)),"max(min(b,4), ceil(w*b/8))",,,151,0x9dd173e61c854197
38,com_counter,44,170,20,1045,110,level_override_allowed,b+ceil((w-8)*b/(7 if w>8 else 8)),"max(min(b,4), ceil(w*b/8))",,,151,0x9dd173e61c854197
38,com_counter,45,170,20,1069,113,level_override_allowed,b+ceil((w-8)*b/(7 if w>8 else 8)),"max(min(b,4), ceil(w*b/8))",,,151,0x9dd173e61c854197
38,com_counter,46,170,20,1093,115,level_override_allowed,b+ceil((w-8)*b/(7 if w>8 else 8)),"max(min(b,4), ceil(w*b/8))",,,151,0x9dd173e61c854197
38,com_counter,47,170,20,1118,118,level_override_allowed,b+ceil((w-8)*b/(7 if w>8 else 8)),"max(min(b,4), ceil(w*b/8))",,,151,0x9dd173e61c854197
38,com_counter,48,170,20,1142,120,level_override_allowed,b+ceil((w-8)*b/(7 if w>8 else 8)),"max(min(b,4), ceil(w*b/8))",,,151,0x9dd173e61c854197
38,com_counter,49,170,20,1166,123,level_override_allowed,b+ceil((w-8)*b/(7 if w>8 else 8)),"max(min(b,4), ceil(w*b/8))",,,151,0x9dd173e61c854197
38,com_counter,50,170,20,1190,125,level_override_allowed,b+ceil((w-8)*b/(7 if w>8 else 8)),"max(min(b,4), ceil(w*b/8))",,,151,0x9dd173e61c854197
38,com_counter,51,170,20,1215,128,level_override_allowed,b+ceil((w-8)*b/(7 if w>8 else 8)),"max(min(b,4), ceil(w*b/8))",,,151,0x9dd173e61c854197
38,com_counter,52,170,20,1239,130,level_override_allowed,b+ceil((w-8)*b/(7 if w>8 else 8)),"max(min(b,4), ceil(w*b/8))",,,151,0x9dd173e61c854197
38,com_counter,53,170,20,1263,133,level_override_allowed,b+ceil((w-8)*b/(7 if w>8 else 8)),"max(min(b,4), ceil(w*b/8))",,,151,0x9dd173e61c854197
38,com_counter,54,170,20,1288,135,level_override_allowed,b+ceil((w-8)*b/(7 if w>8 else 8)),"max(min(b,4), ceil(w*b/8))",,,151,0x9dd173e61c854197
38,com_counter,55,170,20,1312,138,level_override_allowed,b+ceil((w-8)*b/(7 if w>8 else 8)),"max(min(b,4), ceil(w*b/8))",,,151,0x9dd173e61c854197
38,com_counter,56,170,20,1336,140,level_override_allowed,b+ceil((w-8)*b/(7 if w>8 else 8)),"max(min(b,4), ceil(w*b/8))",,,151,0x9dd173e61c854197
38,com_counter,57,170,20,1360,143,level_override_allowed,b+ceil((w-8)*b/(7 if w>8 else 8)),"max(min(b,4), ceil(w*b/8))",,,151,0x9dd173e61c854197
38,com_counter,58,170,20,1385,145,level_override_allowed,b+ceil((w-8)*b/(7 if w>8 else 8)),"max(min(b,4), ceil(w*b/8))",,,151,0x9dd173e61c854197
38,com_counter,59,170,20,1409,148,level_override_allowed,b+ceil((w-8)*b/(7 if w>8 else 8)),"max(min(b,4), ceil(w*b/8))",,,151,0x9dd173e61c854197
38,com_counter,60,170,20,1433,150,level_override_allowed,b+ceil((w-8)*b/(7 if w>8 else 8)),"max(min(b,4), ceil(w*b/8))",,,151,0x9dd173e61c854197
38,com_counter,61,170,20,1458,153,level_override_allowed,b+ceil((w-8)*b/(7 if w>8 else 8)),"max(min(b,4), ceil(w*b/8))",,,151,0x9dd173e61c854197
38,com_counter,62,170,20,1482,155,level_override_allowed,b+ceil((w-8)*b/(7 if w>8 else 8)),"max(min(b,4), ceil(w*b/8))",,,151,0x9dd173e61c854197
38,com_counter,63,170,20,1506,158,level_override_allowed,b+ceil((w-8)*b/(7 if w>8 else 8)),"max(min(b,4), ceil(w*b/8))",,,151,0x9dd173e61c854197
38,com_counter,64,170,20,1530,160,level_override_allowed,b+ceil((w-8)*b/(7 if w>8 else 8)),"max(min(b,4), ceil(w*b/8))",,,151,0x9dd173e61c854197
39,com_register_word,1,120,6,1,6,level_override_allowed,b*(w//8)+(w%8) if w%8<=3 else b*(w//8+1)+(w%8)-8,b,,,142,0x92505df99255e68d
39,com_register_word,2,120,6,2,6,level_override_allowed,b*(w//8)+(w%8) if w%8<=3 else b*(w//8+1)+(w%8)-8,b,,,142,0x92505df99255e68d
39,com_register_word,3,120,6,3,6,level_override_allowed,b*(w//8)+(w%8) if w%8<=3 else b*(w//8+1)+(w%8)-8,b,,,142,0x92505df99255e68d
39,com_register_word,4,120,6,116,6,level_override_allowed,b*(w//8)+(w%8) if w%8<=3 else b*(w//8+1)+(w%8)-8,b,,,142,0x92505df99255e68d
39,com_register_word,5,120,6,117,6,level_override_allowed,b*(w//8)+(w%8) if w%8<=3 else b*(w//8+1)+(w%8)-8,b,,,142,0x92505df99255e68d
39,com_register_word,6,120,6,118,6,level_override_allowed,b*(w//8)+(w%8) if w%8<=3 else b*(w//8+1)+(w%8)-8,b,,,142,0x92505df99255e68d
39,com_register_word,7,120,6,119,6,level_override_allowed,b*(w//8)+(w%8) if w%8<=3 else b*(w//8+1)+(w%8)-8,b,,,142,0x92505df99255e68d
39,com_register_word,8,120,6,120,6,level_override_allowed,b*(w//8)+(w%8) if w%8<=3 else b*(w//8+1)+(w%8)-8,b,,,142,0x92505df99255e68d
39,com_register_word,9,120,6,121,6,level_override_allowed,b*(w//8)+(w%8) if w%8<=3 else b*(w//8+1)+(w%8)-8,b,,,142,0x92505df99255e68d
39,com_register_word,10,120,6,122,6,level_override_allowed,b*(w//8)+(w%8) if w%8<=3 else b*(w//8+1)+(w%8)-8,b,,,142,0x92505df99255e68d
39,com_register_word,11,120,6,123,6,level_override_allowed,b*(w//8)+(w%8) if w%8<=3 else b*(w//8+1)+(w%8)-8,b,,,142,0x92505df99255e68d
39,com_register_word,12,120,6,236,6,level_override_allowed,b*(w//8)+(w%8) if w%8<=3 else b*(w//8+1)+(w%8)-8,b,,,142,0x92505df99255e68d
39,com_register_word,13,120,6,237,6,level_override_allowed,b*(w//8)+(w%8) if w%8<=3 else b*(w//8+1)+(w%8)-8,b,,,142,0x92505df99255e68d
39,com_register_word,14,120,6,238,6,level_override_allowed,b*(w//8)+(w%8) if w%8<=3 else b*(w//8+1)+(w%8)-8,b,,,142,0x92505df99255e68d
39,com_register_word,15,120,6,239,6,level_override_allowed,b*(w//8)+(w%8) if w%8<=3 else b*(w//8+1)+(w%8)-8,b,,,142,0x92505df99255e68d
39,com_register_word,16,120,6,240,6,level_override_allowed,b*(w//8)+(w%8) if w%8<=3 else b*(w//8+1)+(w%8)-8,b,,,142,0x92505df99255e68d
39,com_register_word,17,120,6,241,6,level_override_allowed,b*(w//8)+(w%8) if w%8<=3 else b*(w//8+1)+(w%8)-8,b,,,142,0x92505df99255e68d
39,com_register_word,18,120,6,242,6,level_override_allowed,b*(w//8)+(w%8) if w%8<=3 else b*(w//8+1)+(w%8)-8,b,,,142,0x92505df99255e68d
39,com_register_word,19,120,6,243,6,level_override_allowed,b*(w//8)+(w%8) if w%8<=3 else b*(w//8+1)+(w%8)-8,b,,,142,0x92505df99255e68d
39,com_register_word,20,120,6,356,6,level_override_allowed,b*(w//8)+(w%8) if w%8<=3 else b*(w//8+1)+(w%8)-8,b,,,142,0x92505df99255e68d
39,com_register_word,21,120,6,357,6,level_override_allowed,b*(w//8)+(w%8) if w%8<=3 else b*(w//8+1)+(w%8)-8,b,,,142,0x92505df99255e68d
39,com_register_word,22,120,6,358,6,level_override_allowed,b*(w//8)+(w%8) if w%8<=3 else b*(w//8+1)+(w%8)-8,b,,,142,0x92505df99255e68d
39,com_register_word,23,120,6,359,6,level_override_allowed,b*(w//8)+(w%8) if w%8<=3 else b*(w//8+1)+(w%8)-8,b,,,142,0x92505df99255e68d
39,com_register_word,24,120,6,360,6,level_override_allowed,b*(w//8)+(w%8) if w%8<=3 else b*(w//8+1)+(w%8)-8,b,,,142,0x92505df99255e68d
39,com_register_word,25,120,6,361,6,level_override_allowed,b*(w//8)+(w%8) if w%8<=3 else b*(w//8+1)+(w%8)-8,b,,,142,0x92505df99255e68d
39,com_register_word,26,120,6,362,6,level_override_allowed,b*(w//8)+(w%8) if w%8<=3 else b*(w//8+1)+(w%8)-8,b,,,142,0x92505df99255e68d
39,com_register_word,27,120,6,363,6,level_override_allowed,b*(w//8)+(w%8) if w%8<=3 else b*(w//8+1)+(w%8)-8,b,,,142,0x92505df99255e68d
39,com_register_word,28,120,6,476,6,level_override_allowed,b*(w//8)+(w%8) if w%8<=3 else b*(w//8+1)+(w%8)-8,b,,,142,0x92505df99255e68d
39,com_register_word,29,120,6,477,6,level_override_allowed,b*(w//8)+(w%8) if w%8<=3 else b*(w//8+1)+(w%8)-8,b,,,142,0x92505df99255e68d
39,com_register_word,30,120,6,478,6,level_override_allowed,b*(w//8)+(w%8) if w%8<=3 else b*(w//8+1)+(w%8)-8,b,,,142,0x92505df99255e68d
39,com_register_word,31,120,6,479,6,level_override_allowed,b*(w//8)+(w%8) if w%8<=3 else b*(w//8+1)+(w%8)-8,b,,,142,0x92505df99255e68d
39,com_register_word,32,120,6,480,6,level_override_allowed,b*(w//8)+(w%8) if w%8<=3 else b*(w//8+1)+(w%8)-8,b,,,142,0x92505df99255e68d
39,com_register_word,33,120,6,481,6,level_override_allowed,b*(w//8)+(w%8) if w%8<=3 else b*(w//8+1)+(w%8)-8,b,,,142,0x92505df99255e68d
39,com_register_word,34,120,6,482,6,level_override_allowed,b*(w//8)+(w%8) if w%8<=3 else b*(w//8+1)+(w%8)-8,b,,,142,0x92505df99255e68d
39,com_register_word,35,120,6,483,6,level_override_allowed,b*(w//8)+(w%8) if w%8<=3 else b*(w//8+1)+(w%8)-8,b,,,142,0x92505df99255e68d
39,com_register_word,36,120,6,596,6,level_override_allowed,b*(w//8)+(w%8) if w%8<=3 else b*(w//8+1)+(w%8)-8,b,,,142,0x92505df99255e68d
39,com_register_word,37,120,6,597,6,level_override_allowed,b*(w//8)+(w%8) if w%8<=3 else b*(w//8+1)+(w%8)-8,b,,,142,0x92505df99255e68d
39,com_register_word,38,120,6,598,6,level_override_allowed,b*(w//8)+(w%8) if w%8<=3 else b*(w//8+1)+(w%8)-8,b,,,142,0x92505df99255e68d
39,com_register_word,39,120,6,599,6,level_override_allowed,b*(w//8)+(w%8) if w%8<=3 else b*(w//8+1)+(w%8)-8,b,,,142,0x92505df99255e68d
39,com_register_word,40,120,6,600,6,level_override_allowed,b*(w//8)+(w%8) if w%8<=3 else b*(w//8+1)+(w%8)-8,b,,,142,0x92505df99255e68d
39,com_register_word,41,120,6,601,6,level_override_allowed,b*(w//8)+(w%8) if w%8<=3 else b*(w//8+1)+(w%8)-8,b,,,142,0x92505df99255e68d
39,com_register_word,42,120,6,602,6,level_override_allowed,b*(w//8)+(w%8) if w%8<=3 else b*(w//8+1)+(w%8)-8,b,,,142,0x92505df99255e68d
39,com_register_word,43,120,6,603,6,level_override_allowed,b*(w//8)+(w%8) if w%8<=3 else b*(w//8+1)+(w%8)-8,b,,,142,0x92505df99255e68d
39,com_register_word,44,120,6,716,6,level_override_allowed,b*(w//8)+(w%8) if w%8<=3 else b*(w//8+1)+(w%8)-8,b,,,142,0x92505df99255e68d
39,com_register_word,45,120,6,717,6,level_override_allowed,b*(w//8)+(w%8) if w%8<=3 else b*(w//8+1)+(w%8)-8,b,,,142,0x92505df99255e68d
39,com_register_word,46,120,6,718,6,level_override_allowed,b*(w//8)+(w%8) if w%8<=3 else b*(w//8+1)+(w%8)-8,b,,,142,0x92505df99255e68d
39,com_register_word,47,120,6,719,6,level_override_allowed,b*(w//8)+(w%8) if w%8<=3 else b*(w//8+1)+(w%8)-8,b,,,142,0x92505df99255e68d
39,com_register_word,48,120,6,720,6,level_override_allowed,b*(w//8)+(w%8) if w%8<=3 else b*(w//8+1)+(w%8)-8,b,,,142,0x92505df99255e68d
39,com_register_word,49,120,6,721,6,level_override_allowed,b*(w//8)+(w%8) if w%8<=3 else b*(w//8+1)+(w%8)-8,b,,,142,0x92505df99255e68d
39,com_register_word,50,120,6,722,6,level_override_allowed,b*(w//8)+(w%8) if w%8<=3 else b*(w//8+1)+(w%8)-8,b,,,142,0x92505df99255e68d
39,com_register_word,51,120,6,723,6,level_override_allowed,b*(w//8)+(w%8) if w%8<=3 else b*(w//8+1)+(w%8)-8,b,,,142,0x92505df99255e68d
39,com_register_word,52,120,6,836,6,level_override_allowed,b*(w//8)+(w%8) if w%8<=3 else b*(w//8+1)+(w%8)-8,b,,,142,0x92505df99255e68d
39,com_register_word,53,120,6,837,6,level_override_allowed,b*(w//8)+(w%8) if w%8<=3 else b*(w//8+1)+(w%8)-8,b,,,142,0x92505df99255e68d
39,com_register_word,54,120,6,838,6,level_override_allowed,b*(w//8)+(w%8) if w%8<=3 else b*(w//8+1)+(w%8)-8,b,,,142,0x92505df99255e68d
39,com_register_word,55,120,6,839,6,level_override_allowed,b*(w//8)+(w%8) if w%8<=3 else b*(w//8+1)+(w%8)-8,b,,,142,0x92505df99255e68d
39,com_register_word,56,120,6,840,6,level_override_allowed,b*(w//8)+(w%8) if w%8<=3 else b*(w//8+1)+(w%8)-8,b,,,142,0x92505df99255e68d
39,com_register_word,57,120,6,841,6,level_override_allowed,b*(w//8)+(w%8) if w%8<=3 else b*(w//8+1)+(w%8)-8,b,,,142,0x92505df99255e68d
39,com_register_word,58,120,6,842,6,level_override_allowed,b*(w//8)+(w%8) if w%8<=3 else b*(w//8+1)+(w%8)-8,b,,,142,0x92505df99255e68d
39,com_register_word,59,120,6,843,6,level_override_allowed,b*(w//8)+(w%8) if w%8<=3 else b*(w//8+1)+(w%8)-8,b,,,142,0x92505df99255e68d
39,com_register_word,60,120,6,956,6,level_override_allowed,b*(w//8)+(w%8) if w%8<=3 else b*(w//8+1)+(w%8)-8,b,,,142,0x92505df99255e68d
39,com_register_word,61,120,6,957,6,level_override_allowed,b*(w//8)+(w%8) if w%8<=3 else b*(w//8+1)+(w%8)-8,b,,,142,0x92505df99255e68d
39,com_register_word,62,120,6,958,6,level_override_allowed,b*(w//8)+(w%8) if w%8<=3 else b*(w//8+1)+(w%8)-8,b,,,142,0x92505df99255e68d
39,com_register_word,63,120,6,959,6,level_override_allowed,b*(w//8)+(w%8) if w%8<=3 else b*(w//8+1)+(w%8)-8,b,,,142,0x92505df99255e68d
39,com_register_word,64,120,6,960,6,level_override_allowed,b*(w//8)+(w%8) if w%8<=3 else b*(w//8+1)+(w%8)-8,b,,,142,0x92505df99255e68d
40,com_level_output_8_pin,1,0,0,0,0,default_table,b,b,,,245,0xa00f8f347863def4
40,com_level_output_8_pin,2,0,0,0,0,default_table,b,b,,,245,0xa00f8f347863def4
40,com_level_output_8_pin,3,0,0,0,0,default_table,b,b,,,245,0xa00f8f347863def4
40,com_level_output_8_pin,4,0,0,0,0,default_table,b,b,,,245,0xa00f8f347863def4
40,com_level_output_8_pin,5,0,0,0,0,default_table,b,b,,,245,0xa00f8f347863def4
40,com_level_output_8_pin,6,0,0,0,0,default_table,b,b,,,245,0xa00f8f347863def4
40,com_level_output_8_pin,7,0,0,0,0,default_table,b,b,,,245,0xa00f8f347863def4
40,com_level_output_8_pin,8,0,0,0,0,default_table,b,b,,,245,0xa00f8f347863def4
40,com_level_output_8_pin,9,0,0,0,0,default_table,b,b,,,245,0xa00f8f347863def4
40,com_level_output_8_pin,10,0,0,0,0,default_table,b,b,,,245,0xa00f8f347863def4
40,com_level_output_8_pin,11,0,0,0,0,default_table,b,b,,,245,0xa00f8f347863def4
40,com_level_output_8_pin,12,0,0,0,0,default_table,b,b,,,245,0xa00f8f347863def4
40,com_level_output_8_pin,13,0,0,0,0,default_table,b,b,,,245,0xa00f8f347863def4
40,com_level_output_8_pin,14,0,0,0,0,default_table,b,b,,,245,0xa00f8f347863def4
40,com_level_output_8_pin,15,0,0,0,0,default_table,b,b,,,245,0xa00f8f347863def4
40,com_level_output_8_pin,16,0,0,0,0,default_table,b,b,,,245,0xa00f8f347863def4
40,com_level_output_8_pin,17,0,0,0,0,default_table,b,b,,,245,0xa00f8f347863def4
40,com_level_output_8_pin,18,0,0,0,0,default_table,b,b,,,245,0xa00f8f347863def4
40,com_level_output_8_pin,19,0,0,0,0,default_table,b,b,,,245,0xa00f8f347863def4
40,com_level_output_8_pin,20,0,0,0,0,default_table,b,b,,,245,0xa00f8f347863def4
40,com_level_output_8_pin,21,0,0,0,0,default_table,b,b,,,245,0xa00f8f347863def4
40,com_level_output_8_pin,22,0,0,0,0,default_table,b,b,,,245,0xa00f8f347863def4
40,com_level_output_8_pin,23,0,0,0,0,default_table,b,b,,,245,0xa00f8f347863def4
40,com_level_output_8_pin,24,0,0,0,0,default_table,b,b,,,245,0xa00f8f347863def4
40,com_level_output_8_pin,25,0,0,0,0,default_table,b,b,,,245,0xa00f8f347863def4
40,com_level_output_8_pin,26,0,0,0,0,default_table,b,b,,,245,0xa00f8f347863def4
40,com_level_output_8_pin,27,0,0,0,0,default_table,b,b,,,245,0xa00f8f347863def4
40,com_level_output_8_pin,28,0,0,0,0,default_table,b,b,,,245,0xa00f8f347863def4
40,com_level_output_8_pin,29,0,0,0,0,default_table,b,b,,,245,0xa00f8f347863def4
40,com_level_output_8_pin,30,0,0,0,0,default_table,b,b,,,245,0xa00f8f347863def4
40,com_level_output_8_pin,31,0,0,0,0,default_table,b,b,,,245,0xa00f8f347863def4
40,com_level_output_8_pin,32,0,0,0,0,default_table,b,b,,,245,0xa00f8f347863def4
40,com_level_output_8_pin,33,0,0,0,0,default_table,b,b,,,245,0xa00f8f347863def4
40,com_level_output_8_pin,34,0,0,0,0,default_table,b,b,,,245,0xa00f8f347863def4
40,com_level_output_8_pin,35,0,0,0,0,default_table,b,b,,,245,0xa00f8f347863def4
40,com_level_output_8_pin,36,0,0,0,0,default_table,b,b,,,245,0xa00f8f347863def4
40,com_level_output_8_pin,37,0,0,0,0,default_table,b,b,,,245,0xa00f8f347863def4
40,com_level_output_8_pin,38,0,0,0,0,default_table,b,b,,,245,0xa00f8f347863def4
40,com_level_output_8_pin,39,0,0,0,0,default_table,b,b,,,245,0xa00f8f347863def4
40,com_level_output_8_pin,40,0,0,0,0,default_table,b,b,,,245,0xa00f8f347863def4
40,com_level_output_8_pin,41,0,0,0,0,default_table,b,b,,,245,0xa00f8f347863def4
40,com_level_output_8_pin,42,0,0,0,0,default_table,b,b,,,245,0xa00f8f347863def4
40,com_level_output_8_pin,43,0,0,0,0,default_table,b,b,,,245,0xa00f8f347863def4
40,com_level_output_8_pin,44,0,0,0,0,default_table,b,b,,,245,0xa00f8f347863def4
40,com_level_output_8_pin,45,0,0,0,0,default_table,b,b,,,245,0xa00f8f347863def4
40,com_level_output_8_pin,46,0,0,0,0,default_table,b,b,,,245,0xa00f8f347863def4
40,com_level_output_8_pin,47,0,0,0,0,default_table,b,b,,,245,0xa00f8f347863def4
40,com_level_output_8_pin,48,0,0,0,0,default_table,b,b,,,245,0xa00f8f347863def4
40,com_level_output_8_pin,49,0,0,0,0,default_table,b,b,,,245,0xa00f8f347863def4
40,com_level_output_8_pin,50,0,0,0,0,default_table,b,b,,,245,0xa00f8f347863def4
40,com_level_output_8_pin,51,0,0,0,0,default_table,b,b,,,245,0xa00f8f347863def4
40,com_level_output_8_pin,52,0,0,0,0,default_table,b,b,,,245,0xa00f8f347863def4
40,com_level_output_8_pin,53,0,0,0,0,default_table,b,b,,,245,0xa00f8f347863def4
40,com_level_output_8_pin,54,0,0,0,0,default_table,b,b,,,245,0xa00f8f347863def4
40,com_level_output_8_pin,55,0,0,0,0,default_table,b,b,,,245,0xa00f8f347863def4
40,com_level_output_8_pin,56,0,0,0,0,default_table,b,b,,,245,0xa00f8f347863def4
40,com_level_output_8_pin,57,0,0,0,0,default_table,b,b,,,245,0xa00f8f347863def4
40,com_level_output_8_pin,58,0,0,0,0,default_table,b,b,,,245,0xa00f8f347863def4
40,com_level_output_8_pin,59,0,0,0,0,default_table,b,b,,,245,0xa00f8f347863def4
40,com_level_output_8_pin,60,0,0,0,0,default_table,b,b,,,245,0xa00f8f347863def4
40,com_level_output_8_pin,61,0,0,0,0,default_table,b,b,,,245,0xa00f8f347863def4
40,com_level_output_8_pin,62,0,0,0,0,default_table,b,b,,,245,0xa00f8f347863def4
40,com_level_output_8_pin,63,0,0,0,0,default_table,b,b,,,245,0xa00f8f347863def4
40,com_level_output_8_pin,64,0,0,0,0,default_table,b,b,,,245,0xa00f8f347863def4
41,com_level_delay_gate,1,0,0,0,0,default_table,b,b,,,180,0x5432631c93570db4
41,com_level_delay_gate,2,0,0,0,0,default_table,b,b,,,180,0x5432631c93570db4
41,com_level_delay_gate,3,0,0,0,0,default_table,b,b,,,180,0x5432631c93570db4
41,com_level_delay_gate,4,0,0,0,0,default_table,b,b,,,180,0x5432631c93570db4
41,com_level_delay_gate,5,0,0,0,0,default_table,b,b,,,180,0x5432631c93570db4
41,com_level_delay_gate,6,0,0,0,0,default_table,b,b,,,180,0x5432631c93570db4
41,com_level_delay_gate,7,0,0,0,0,default_table,b,b,,,180,0x5432631c93570db4
41,com_level_delay_gate,8,0,0,0,0,default_table,b,b,,,180,0x5432631c93570db4
41,com_level_delay_gate,9,0,0,0,0,default_table,b,b,,,180,0x5432631c93570db4
41,com_level_delay_gate,10,0,0,0,0,default_table,b,b,,,180,0x5432631c93570db4
41,com_level_delay_gate,11,0,0,0,0,default_table,b,b,,,180,0x5432631c93570db4
41,com_level_delay_gate,12,0,0,0,0,default_table,b,b,,,180,0x5432631c93570db4
41,com_level_delay_gate,13,0,0,0,0,default_table,b,b,,,180,0x5432631c93570db4
41,com_level_delay_gate,14,0,0,0,0,default_table,b,b,,,180,0x5432631c93570db4
41,com_level_delay_gate,15,0,0,0,0,default_table,b,b,,,180,0x5432631c93570db4
41,com_level_delay_gate,16,0,0,0,0,default_table,b,b,,,180,0x5432631c93570db4
41,com_level_delay_gate,17,0,0,0,0,default_table,b,b,,,180,0x5432631c93570db4
41,com_level_delay_gate,18,0,0,0,0,default_table,b,b,,,180,0x5432631c93570db4
41,com_level_delay_gate,19,0,0,0,0,default_table,b,b,,,180,0x5432631c93570db4
41,com_level_delay_gate,20,0,0,0,0,default_table,b,b,,,180,0x5432631c93570db4
41,com_level_delay_gate,21,0,0,0,0,default_table,b,b,,,180,0x5432631c93570db4
41,com_level_delay_gate,22,0,0,0,0,default_table,b,b,,,180,0x5432631c93570db4
41,com_level_delay_gate,23,0,0,0,0,default_table,b,b,,,180,0x5432631c93570db4
41,com_level_delay_gate,24,0,0,0,0,default_table,b,b,,,180,0x5432631c93570db4
41,com_level_delay_gate,25,0,0,0,0,default_table,b,b,,,180,0x5432631c93570db4
41,com_level_delay_gate,26,0,0,0,0,default_table,b,b,,,180,0x5432631c93570db4
41,com_level_delay_gate,27,0,0,0,0,default_table,b,b,,,180,0x5432631c93570db4
41,com_level_delay_gate,28,0,0,0,0,default_table,b,b,,,180,0x5432631c93570db4
41,com_level_delay_gate,29,0,0,0,0,default_table,b,b,,,180,0x5432631c93570db4
41,com_level_delay_gate,30,0,0,0,0,default_table,b,b,,,180,0x5432631c93570db4
41,com_level_delay_gate,31,0,0,0,0,default_table,b,b,,,180,0x5432631c93570db4
41,com_level_delay_gate,32,0,0,0,0,default_table,b,b,,,180,0x5432631c93570db4
41,com_level_delay_gate,33,0,0,0,0,default_table,b,b,,,180,0x5432631c93570db4
41,com_level_delay_gate,34,0,0,0,0,default_table,b,b,,,180,0x5432631c93570db4
41,com_level_delay_gate,35,0,0,0,0,default_table,b,b,,,180,0x5432631c93570db4
41,com_level_delay_gate,36,0,0,0,0,default_table,b,b,,,180,0x5432631c93570db4
41,com_level_delay_gate,37,0,0,0,0,default_table,b,b,,,180,0x5432631c93570db4
41,com_level_delay_gate,38,0,0,0,0,default_table,b,b,,,180,0x5432631c93570db4
41,com_level_delay_gate,39,0,0,0,0,default_table,b,b,,,180,0x5432631c93570db4
41,com_level_delay_gate,40,0,0,0,0,default_table,b,b,,,180,0x5432631c93570db4
41,com_level_delay_gate,41,0,0,0,0,default_table,b,b,,,180,0x5432631c93570db4
41,com_level_delay_gate,42,0,0,0,0,default_table,b,b,,,180,0x5432631c93570db4
41,com_level_delay_gate,43,0,0,0,0,default_table,b,b,,,180,0x5432631c93570db4
41,com_level_delay_gate,44,0,0,0,0,default_table,b,b,,,180,0x5432631c93570db4
41,com_level_delay_gate,45,0,0,0,0,default_table,b,b,,,180,0x5432631c93570db4
41,com_level_delay_gate,46,0,0,0,0,default_table,b,b,,,180,0x5432631c93570db4
41,com_level_delay_gate,47,0,0,0,0,default_table,b,b,,,180,0x5432631c93570db4
41,com_level_delay_gate,48,0,0,0,0,default_table,b,b,,,180,0x5432631c93570db4
41,com_level_delay_gate,49,0,0,0,0,default_table,b,b,,,180,0x5432631c93570db4
41,com_level_delay_gate,50,0,0,0,0,default_table,b,b,,,180,0x5432631c93570db4
41,com_level_delay_gate,51,0,0,0,0,default_table,b,b,,,180,0x5432631c93570db4
41,com_level_delay_gate,52,0,0,0,0,default_table,b,b,,,180,0x5432631c93570db4
41,com_level_delay_gate,53,0,0,0,0,default_table,b,b,,,180,0x5432631c93570db4
41,com_level_delay_gate,54,0,0,0,0,default_table,b,b,,,180,0x5432631c93570db4
41,com_level_delay_gate,55,0,0,0,0,default_table,b,b,,,180,0x5432631c93570db4
41,com_level_delay_gate,56,0,0,0,0,default_table,b,b,,,180,0x5432631c93570db4
41,com_level_delay_gate,57,0,0,0,0,default_table,b,b,,,180,0x5432631c93570db4
41,com_level_delay_gate,58,0,0,0,0,default_table,b,b,,,180,0x5432631c93570db4
41,com_level_delay_gate,59,0,0,0,0,default_table,b,b,,,180,0x5432631c93570db4
41,com_level_delay_gate,60,0,0,0,0,default_table,b,b,,,180,0x5432631c93570db4
41,com_level_delay_gate,61,0,0,0,0,default_table,b,b,,,180,0x5432631c93570db4
41,com_level_delay_gate,62,0,0,0,0,default_table,b,b,,,180,0x5432631c93570db4
41,com_level_delay_gate,63,0,0,0,0,default_table,b,b,,,180,0x5432631c93570db4
41,com_level_delay_gate,64,0,0,0,0,default_table,b,b,,,180,0x5432631c93570db4
42,com_mux,1,50,4,1,4,level_override_allowed,b*(w//8)+(w%8) if w%8<=3 else b*(w//8+1)+(w%8)-8,b,,,244,0xcd5dc8cb9538c8f4
42,com_mux,2,50,4,2,4,level_override_allowed,b*(w//8)+(w%8) if w%8<=3 else b*(w//8+1)+(w%8)-8,b,,,244,0xcd5dc8cb9538c8f4
42,com_mux,3,50,4,3,4,level_override_allowed,b*(w//8)+(w%8) if w%8<=3 else b*(w//8+1)+(w%8)-8,b,,,244,0xcd5dc8cb9538c8f4
42,com_mux,4,50,4,46,4,level_override_allowed,b*(w//8)+(w%8) if w%8<=3 else b*(w//8+1)+(w%8)-8,b,,,244,0xcd5dc8cb9538c8f4
42,com_mux,5,50,4,47,4,level_override_allowed,b*(w//8)+(w%8) if w%8<=3 else b*(w//8+1)+(w%8)-8,b,,,244,0xcd5dc8cb9538c8f4
42,com_mux,6,50,4,48,4,level_override_allowed,b*(w//8)+(w%8) if w%8<=3 else b*(w//8+1)+(w%8)-8,b,,,244,0xcd5dc8cb9538c8f4
42,com_mux,7,50,4,49,4,level_override_allowed,b*(w//8)+(w%8) if w%8<=3 else b*(w//8+1)+(w%8)-8,b,,,244,0xcd5dc8cb9538c8f4
42,com_mux,8,50,4,50,4,level_override_allowed,b*(w//8)+(w%8) if w%8<=3 else b*(w//8+1)+(w%8)-8,b,,,244,0xcd5dc8cb9538c8f4
42,com_mux,9,50,4,51,4,level_override_allowed,b*(w//8)+(w%8) if w%8<=3 else b*(w//8+1)+(w%8)-8,b,,,244,0xcd5dc8cb9538c8f4
42,com_mux,10,50,4,52,4,level_override_allowed,b*(w//8)+(w%8) if w%8<=3 else b*(w//8+1)+(w%8)-8,b,,,244,0xcd5dc8cb9538c8f4
42,com_mux,11,50,4,53,4,level_override_allowed,b*(w//8)+(w%8) if w%8<=3 else b*(w//8+1)+(w%8)-8,b,,,244,0xcd5dc8cb9538c8f4
42,com_mux,12,50,4,96,4,level_override_allowed,b*(w//8)+(w%8) if w%8<=3 else b*(w//8+1)+(w%8)-8,b,,,244,0xcd5dc8cb9538c8f4
42,com_mux,13,50,4,97,4,level_override_allowed,b*(w//8)+(w%8) if w%8<=3 else b*(w//8+1)+(w%8)-8,b,,,244,0xcd5dc8cb9538c8f4
42,com_mux,14,50,4,98,4,level_override_allowed,b*(w//8)+(w%8) if w%8<=3 else b*(w//8+1)+(w%8)-8,b,,,244,0xcd5dc8cb9538c8f4
42,com_mux,15,50,4,99,4,level_override_allowed,b*(w//8)+(w%8) if w%8<=3 else b*(w//8+1)+(w%8)-8,b,,,244,0xcd5dc8cb9538c8f4
42,com_mux,16,50,4,100,4,level_override_allowed,b*(w//8)+(w%8) if w%8<=3 else b*(w//8+1)+(w%8)-8,b,,,244,0xcd5dc8cb9538c8f4
42,com_mux,17,50,4,101,4,level_override_allowed,b*(w//8)+(w%8) if w%8<=3 else b*(w//8+1)+(w%8)-8,b,,,244,0xcd5dc8cb9538c8f4
42,com_mux,18,50,4,102,4,level_override_allowed,b*(w//8)+(w%8) if w%8<=3 else b*(w//8+1)+(w%8)-8,b,,,244,0xcd5dc8cb9538c8f4
42,com_mux,19,50,4,103,4,level_override_allowed,b*(w//8)+(w%8) if w%8<=3 else b*(w//8+1)+(w%8)-8,b,,,244,0xcd5dc8cb9538c8f4
42,com_mux,20,50,4,146,4,level_override_allowed,b*(w//8)+(w%8) if w%8<=3 else b*(w//8+1)+(w%8)-8,b,,,244,0xcd5dc8cb9538c8f4
42,com_mux,21,50,4,147,4,level_override_allowed,b*(w//8)+(w%8) if w%8<=3 else b*(w//8+1)+(w%8)-8,b,,,244,0xcd5dc8cb9538c8f4
42,com_mux,22,50,4,148,4,level_override_allowed,b*(w//8)+(w%8) if w%8<=3 else b*(w//8+1)+(w%8)-8,b,,,244,0xcd5dc8cb9538c8f4
42,com_mux,23,50,4,149,4,level_override_allowed,b*(w//8)+(w%8) if w%8<=3 else b*(w//8+1)+(w%8)-8,b,,,244,0xcd5dc8cb9538c8f4
42,com_mux,24,50,4,150,4,level_override_allowed,b*(w//8)+(w%8) if w%8<=3 else b*(w//8+1)+(w%8)-8,b,,,244,0xcd5dc8cb9538c8f4
42,com_mux,25,50,4,151,4,level_override_allowed,b*(w//8)+(w%8) if w%8<=3 else b*(w//8+1)+(w%8)-8,b,,,244,0xcd5dc8cb9538c8f4
42,com_mux,26,50,4,152,4,level_override_allowed,b*(w//8)+(w%8) if w%8<=3 else b*(w//8+1)+(w%8)-8,b,,,244,0xcd5dc8cb9538c8f4
42,com_mux,27,50,4,153,4,level_override_allowed,b*(w//8)+(w%8) if w%8<=3 else b*(w//8+1)+(w%8)-8,b,,,244,0xcd5dc8cb9538c8f4
42,com_mux,28,50,4,196,4,level_override_allowed,b*(w//8)+(w%8) if w%8<=3 else b*(w//8+1)+(w%8)-8,b,,,244,0xcd5dc8cb9538c8f4
42,com_mux,29,50,4,197,4,level_override_allowed,b*(w//8)+(w%8) if w%8<=3 else b*(w//8+1)+(w%8)-8,b,,,244,0xcd5dc8cb9538c8f4
42,com_mux,30,50,4,198,4,level_override_allowed,b*(w//8)+(w%8) if w%8<=3 else b*(w//8+1)+(w%8)-8,b,,,244,0xcd5dc8cb9538c8f4
42,com_mux,31,50,4,199,4,level_override_allowed,b*(w//8)+(w%8) if w%8<=3 else b*(w//8+1)+(w%8)-8,b,,,244,0xcd5dc8cb9538c8f4
42,com_mux,32,50,4,200,4,level_override_allowed,b*(w//8)+(w%8) if w%8<=3 else b*(w//8+1)+(w%8)-8,b,,,244,0xcd5dc8cb9538c8f4
42,com_mux,33,50,4,201,4,level_override_allowed,b*(w//8)+(w%8) if w%8<=3 else b*(w//8+1)+(w%8)-8,b,,,244,0xcd5dc8cb9538c8f4
42,com_mux,34,50,4,202,4,level_override_allowed,b*(w//8)+(w%8) if w%8<=3 else b*(w//8+1)+(w%8)-8,b,,,244,0xcd5dc8cb9538c8f4
42,com_mux,35,50,4,203,4,level_override_allowed,b*(w//8)+(w%8) if w%8<=3 else b*(w//8+1)+(w%8)-8,b,,,244,0xcd5dc8cb9538c8f4
42,com_mux,36,50,4,246,4,level_override_allowed,b*(w//8)+(w%8) if w%8<=3 else b*(w//8+1)+(w%8)-8,b,,,244,0xcd5dc8cb9538c8f4
42,com_mux,37,50,4,247,4,level_override_allowed,b*(w//8)+(w%8) if w%8<=3 else b*(w//8+1)+(w%8)-8,b,,,244,0xcd5dc8cb9538c8f4
42,com_mux,38,50,4,248,4,level_override_allowed,b*(w//8)+(w%8) if w%8<=3 else b*(w//8+1)+(w%8)-8,b,,,244,0xcd5dc8cb9538c8f4
42,com_mux,39,50,4,249,4,level_override_allowed,b*(w//8)+(w%8) if w%8<=3 else b*(w//8+1)+(w%8)-8,b,,,244,0xcd5dc8cb9538c8f4
42,com_mux,40,50,4,250,4,level_override_allowed,b*(w//8)+(w%8) if w%8<=3 else b*(w//8+1)+(w%8)-8,b,,,244,0xcd5dc8cb9538c8f4
42,com_mux,41,50,4,251,4,level_override_allowed,b*(w//8)+(w%8) if w%8<=3 else b*(w//8+1)+(w%8)-8,b,,,244,0xcd5dc8cb9538c8f4
42,com_mux,42,50,4,252,4,level_override_allowed,b*(w//8)+(w%8) if w%8<=3 else b*(w//8+1)+(w%8)-8,b,,,244,0xcd5dc8cb9538c8f4
42,com_mux,43,50,4,253,4,level_override_allowed,b*(w//8)+(w%8) if w%8<=3 else b*(w//8+1)+(w%8)-8,b,,,244,0xcd5dc8cb9538c8f4
42,com_mux,44,50,4,296,4,level_override_allowed,b*(w//8)+(w%8) if w%8<=3 else b*(w//8+1)+(w%8)-8,b,,,244,0xcd5dc8cb9538c8f4
42,com_mux,45,50,4,297,4,level_override_allowed,b*(w//8)+(w%8) if w%8<=3 else b*(w//8+1)+(w%8)-8,b,,,244,0xcd5dc8cb9538c8f4
42,com_mux,46,50,4,298,4,level_override_allowed,b*(w//8)+(w%8) if w%8<=3 else b*(w//8+1)+(w%8)-8,b,,,244,0xcd5dc8cb9538c8f4
42,com_mux,47,50,4,299,4,level_override_allowed,b*(w//8)+(w%8) if w%8<=3 else b*(w//8+1)+(w%8)-8,b,,,244,0xcd5dc8cb9538c8f4
42,com_mux,48,50,4,300,4,level_override_allowed,b*(w//8)+(w%8) if w%8<=3 else b*(w//8+1)+(w%8)-8,b,,,244,0xcd5dc8cb9538c8f4
42,com_mux,49,50,4,301,4,level_override_allowed,b*(w//8)+(w%8) if w%8<=3 else b*(w//8+1)+(w%8)-8,b,,,244,0xcd5dc8cb9538c8f4
42,com_mux,50,50,4,302,4,level_override_allowed,b*(w//8)+(w%8) if w%8<=3 else b*(w//8+1)+(w%8)-8,b,,,244,0xcd5dc8cb9538c8f4
42,com_mux,51,50,4,303,4,level_override_allowed,b*(w//8)+(w%8) if w%8<=3 else b*(w//8+1)+(w%8)-8,b,,,244,0xcd5dc8cb9538c8f4
42,com_mux,52,50,4,346,4,level_override_allowed,b*(w//8)+(w%8) if w%8<=3 else b*(w//8+1)+(w%8)-8,b,,,244,0xcd5dc8cb9538c8f4
42,com_mux,53,50,4,347,4,level_override_allowed,b*(w//8)+(w%8) if w%8<=3 else b*(w//8+1)+(w%8)-8,b,,,244,0xcd5dc8cb9538c8f4
42,com_mux,54,50,4,348,4,level_override_allowed,b*(w//8)+(w%8) if w%8<=3 else b*(w//8+1)+(w%8)-8,b,,,244,0xcd5dc8cb9538c8f4
42,com_mux,55,50,4,349,4,level_override_allowed,b*(w//8)+(w%8) if w%8<=3 else b*(w//8+1)+(w%8)-8,b,,,244,0xcd5dc8cb9538c8f4
42,com_mux,56,50,4,350,4,level_override_allowed,b*(w//8)+(w%8) if w%8<=3 else b*(w//8+1)+(w%8)-8,b,,,244,0xcd5dc8cb9538c8f4
42,com_mux,57,50,4,351,4,level_override_allowed,b*(w//8)+(w%8) if w%8<=3 else b*(w//8+1)+(w%8)-8,b,,,244,0xcd5dc8cb9538c8f4
42,com_mux,58,50,4,352,4,level_override_allowed,b*(w//8)+(w%8) if w%8<=3 else b*(w//8+1)+(w%8)-8,b,,,244,0xcd5dc8cb9538c8f4
42,com_mux,59,50,4,353,4,level_override_allowed,b*(w//8)+(w%8) if w%8<=3 else b*(w//8+1)+(w%8)-8,b,,,244,0xcd5dc8cb9538c8f4
42,com_mux,60,50,4,396,4,level_override_allowed,b*(w//8)+(w%8) if w%8<=3 else b*(w//8+1)+(w%8)-8,b,,,244,0xcd5dc8cb9538c8f4
42,com_mux,61,50,4,397,4,level_override_allowed,b*(w//8)+(w%8) if w%8<=3 else b*(w//8+1)+(w%8)-8,b,,,244,0xcd5dc8cb9538c8f4
42,com_mux,62,50,4,398,4,level_override_allowed,b*(w//8)+(w%8) if w%8<=3 else b*(w//8+1)+(w%8)-8,b,,,244,0xcd5dc8cb9538c8f4
42,com_mux,63,50,4,399,4,level_override_allowed,b*(w//8)+(w%8) if w%8<=3 else b*(w//8+1)+(w%8)-8,b,,,244,0xcd5dc8cb9538c8f4
42,com_mux,64,50,4,400,4,level_override_allowed,b*(w//8)+(w%8) if w%8<=3 else b*(w//8+1)+(w%8)-8,b,,,244,0xcd5dc8cb9538c8f4
43,com_decoder_1,1,1,1,1,1,level_override_allowed,b,b,,,189,0xefff0c32c3401bbd
43,com_decoder_1,2,1,1,1,1,level_override_allowed,b,b,,,189,0xefff0c32c3401bbd
43,com_decoder_1,3,1,1,1,1,level_override_allowed,b,b,,,189,0xefff0c32c3401bbd
43,com_decoder_1,4,1,1,1,1,level_override_allowed,b,b,,,189,0xefff0c32c3401bbd
43,com_decoder_1,5,1,1,1,1,level_override_allowed,b,b,,,189,0xefff0c32c3401bbd
43,com_decoder_1,6,1,1,1,1,level_override_allowed,b,b,,,189,0xefff0c32c3401bbd
43,com_decoder_1,7,1,1,1,1,level_override_allowed,b,b,,,189,0xefff0c32c3401bbd
43,com_decoder_1,8,1,1,1,1,level_override_allowed,b,b,,,189,0xefff0c32c3401bbd
43,com_decoder_1,9,1,1,1,1,level_override_allowed,b,b,,,189,0xefff0c32c3401bbd
43,com_decoder_1,10,1,1,1,1,level_override_allowed,b,b,,,189,0xefff0c32c3401bbd
43,com_decoder_1,11,1,1,1,1,level_override_allowed,b,b,,,189,0xefff0c32c3401bbd
43,com_decoder_1,12,1,1,1,1,level_override_allowed,b,b,,,189,0xefff0c32c3401bbd
43,com_decoder_1,13,1,1,1,1,level_override_allowed,b,b,,,189,0xefff0c32c3401bbd
43,com_decoder_1,14,1,1,1,1,level_override_allowed,b,b,,,189,0xefff0c32c3401bbd
43,com_decoder_1,15,1,1,1,1,level_override_allowed,b,b,,,189,0xefff0c32c3401bbd
43,com_decoder_1,16,1,1,1,1,level_override_allowed,b,b,,,189,0xefff0c32c3401bbd
43,com_decoder_1,17,1,1,1,1,level_override_allowed,b,b,,,189,0xefff0c32c3401bbd
43,com_decoder_1,18,1,1,1,1,level_override_allowed,b,b,,,189,0xefff0c32c3401bbd
43,com_decoder_1,19,1,1,1,1,level_override_allowed,b,b,,,189,0xefff0c32c3401bbd
43,com_decoder_1,20,1,1,1,1,level_override_allowed,b,b,,,189,0xefff0c32c3401bbd
43,com_decoder_1,21,1,1,1,1,level_override_allowed,b,b,,,189,0xefff0c32c3401bbd
43,com_decoder_1,22,1,1,1,1,level_override_allowed,b,b,,,189,0xefff0c32c3401bbd
43,com_decoder_1,23,1,1,1,1,level_override_allowed,b,b,,,189,0xefff0c32c3401bbd
43,com_decoder_1,24,1,1,1,1,level_override_allowed,b,b,,,189,0xefff0c32c3401bbd
43,com_decoder_1,25,1,1,1,1,level_override_allowed,b,b,,,189,0xefff0c32c3401bbd
43,com_decoder_1,26,1,1,1,1,level_override_allowed,b,b,,,189,0xefff0c32c3401bbd
43,com_decoder_1,27,1,1,1,1,level_override_allowed,b,b,,,189,0xefff0c32c3401bbd
43,com_decoder_1,28,1,1,1,1,level_override_allowed,b,b,,,189,0xefff0c32c3401bbd
43,com_decoder_1,29,1,1,1,1,level_override_allowed,b,b,,,189,0xefff0c32c3401bbd
43,com_decoder_1,30,1,1,1,1,level_override_allowed,b,b,,,189,0xefff0c32c3401bbd
43,com_decoder_1,31,1,1,1,1,level_override_allowed,b,b,,,189,0xefff0c32c3401bbd
43,com_decoder_1,32,1,1,1,1,level_override_allowed,b,b,,,189,0xefff0c32c3401bbd
43,com_decoder_1,33,1,1,1,1,level_override_allowed,b,b,,,189,0xefff0c32c3401bbd
43,com_decoder_1,34,1,1,1,1,level_override_allowed,b,b,,,189,0xefff0c32c3401bbd
43,com_decoder_1,35,1,1,1,1,level_override_allowed,b,b,,,189,0xefff0c32c3401bbd
43,com_decoder_1,36,1,1,1,1,level_override_allowed,b,b,,,189,0xefff0c32c3401bbd
43,com_decoder_1,37,1,1,1,1,level_override_allowed,b,b,,,189,0xefff0c32c3401bbd
43,com_decoder_1,38,1,1,1,1,level_override_allowed,b,b,,,189,0xefff0c32c3401bbd
43,com_decoder_1,39,1,1,1,1,level_override_allowed,b,b,,,189,0xefff0c32c3401bbd
43,com_decoder_1,40,1,1,1,1,level_override_allowed,b,b,,,189,0xefff0c32c3401bbd
43,com_decoder_1,41,1,1,1,1,level_override_allowed,b,b,,,189,0xefff0c32c3401bbd
43,com_decoder_1,42,1,1,1,1,level_override_allowed,b,b,,,189,0xefff0c32c3401bbd
43,com_decoder_1,43,1,1,1,1,level_override_allowed,b,b,,,189,0xefff0c32c3401bbd
43,com_decoder_1,44,1,1,1,1,level_override_allowed,b,b,,,189,0xefff0c32c3401bbd
43,com_decoder_1,45,1,1,1,1,level_override_allowed,b,b,,,189,0xefff0c32c3401bbd
43,com_decoder_1,46,1,1,1,1,level_override_allowed,b,b,,,189,0xefff0c32c3401bbd
43,com_decoder_1,47,1,1,1,1,level_override_allowed,b,b,,,189,0xefff0c32c3401bbd
43,com_decoder_1,48,1,1,1,1,level_override_allowed,b,b,,,189,0xefff0c32c3401bbd
43,com_decoder_1,49,1,1,1,1,level_override_allowed,b,b,,,189,0xefff0c32c3401bbd
43,com_decoder_1,50,1,1,1,1,level_override_allowed,b,b,,,189,0xefff0c32c3401bbd
43,com_decoder_1,51,1,1,1,1,level_override_allowed,b,b,,,189,0xefff0c32c3401bbd
43,com_decoder_1,52,1,1,1,1,level_override_allowed,b,b,,,189,0xefff0c32c3401bbd
43,com_decoder_1,53,1,1,1,1,level_override_allowed,b,b,,,189,0xefff0c32c3401bbd
43,com_decoder_1,54,1,1,1,1,level_override_allowed,b,b,,,189,0xefff0c32c3401bbd
43,com_decoder_1,55,1,1,1,1,level_override_allowed,b,b,,,189,0xefff0c32c3401bbd
43,com_decoder_1,56,1,1,1,1,level_override_allowed,b,b,,,189,0xefff0c32c3401bbd
43,com_decoder_1,57,1,1,1,1,level_override_allowed,b,b,,,189,0xefff0c32c3401bbd
43,com_decoder_1,58,1,1,1,1,level_override_allowed,b,b,,,189,0xefff0c32c3401bbd
43,com_decoder_1,59,1,1,1,1,level_override_allowed,b,b,,,189,0xefff0c32c3401bbd
43,com_decoder_1,60,1,1,1,1,level_override_allowed,b,b,,,189,0xefff0c32c3401bbd
43,com_decoder_1,61,1,1,1,1,level_override_allowed,b,b,,,189,0xefff0c32c3401bbd
43,com_decoder_1,62,1,1,1,1,level_override_allowed,b,b,,,189,0xefff0c32c3401bbd
43,com_decoder_1,63,1,1,1,1,level_override_allowed,b,b,,,189,0xefff0c32c3401bbd
43,com_decoder_1,64,1,1,1,1,level_override_allowed,b,b,,,189,0xefff0c32c3401bbd
44,com_decoder_2,1,4,2,4,2,level_override_allowed,b,b,,,92,0x4c09ed49d337c85c
44,com_decoder_2,2,4,2,4,2,level_override_allowed,b,b,,,92,0x4c09ed49d337c85c
44,com_decoder_2,3,4,2,4,2,level_override_allowed,b,b,,,92,0x4c09ed49d337c85c
44,com_decoder_2,4,4,2,4,2,level_override_allowed,b,b,,,92,0x4c09ed49d337c85c
44,com_decoder_2,5,4,2,4,2,level_override_allowed,b,b,,,92,0x4c09ed49d337c85c
44,com_decoder_2,6,4,2,4,2,level_override_allowed,b,b,,,92,0x4c09ed49d337c85c
44,com_decoder_2,7,4,2,4,2,level_override_allowed,b,b,,,92,0x4c09ed49d337c85c
44,com_decoder_2,8,4,2,4,2,level_override_allowed,b,b,,,92,0x4c09ed49d337c85c
44,com_decoder_2,9,4,2,4,2,level_override_allowed,b,b,,,92,0x4c09ed49d337c85c
44,com_decoder_2,10,4,2,4,2,level_override_allowed,b,b,,,92,0x4c09ed49d337c85c
44,com_decoder_2,11,4,2,4,2,level_override_allowed,b,b,,,92,0x4c09ed49d337c85c
44,com_decoder_2,12,4,2,4,2,level_override_allowed,b,b,,,92,0x4c09ed49d337c85c
44,com_decoder_2,13,4,2,4,2,level_override_allowed,b,b,,,92,0x4c09ed49d337c85c
44,com_decoder_2,14,4,2,4,2,level_override_allowed,b,b,,,92,0x4c09ed49d337c85c
44,com_decoder_2,15,4,2,4,2,level_override_allowed,b,b,,,92,0x4c09ed49d337c85c
44,com_decoder_2,16,4,2,4,2,level_override_allowed,b,b,,,92,0x4c09ed49d337c85c
44,com_decoder_2,17,4,2,4,2,level_override_allowed,b,b,,,92,0x4c09ed49d337c85c
44,com_decoder_2,18,4,2,4,2,level_override_allowed,b,b,,,92,0x4c09ed49d337c85c
44,com_decoder_2,19,4,2,4,2,level_override_allowed,b,b,,,92,0x4c09ed49d337c85c
44,com_decoder_2,20,4,2,4,2,level_override_allowed,b,b,,,92,0x4c09ed49d337c85c
44,com_decoder_2,21,4,2,4,2,level_override_allowed,b,b,,,92,0x4c09ed49d337c85c
44,com_decoder_2,22,4,2,4,2,level_override_allowed,b,b,,,92,0x4c09ed49d337c85c
44,com_decoder_2,23,4,2,4,2,level_override_allowed,b,b,,,92,0x4c09ed49d337c85c
44,com_decoder_2,24,4,2,4,2,level_override_allowed,b,b,,,92,0x4c09ed49d337c85c
44,com_decoder_2,25,4,2,4,2,level_override_allowed,b,b,,,92,0x4c09ed49d337c85c
44,com_decoder_2,26,4,2,4,2,level_override_allowed,b,b,,,92,0x4c09ed49d337c85c
44,com_decoder_2,27,4,2,4,2,level_override_allowed,b,b,,,92,0x4c09ed49d337c85c
44,com_decoder_2,28,4,2,4,2,level_override_allowed,b,b,,,92,0x4c09ed49d337c85c
44,com_decoder_2,29,4,2,4,2,level_override_allowed,b,b,,,92,0x4c09ed49d337c85c
44,com_decoder_2,30,4,2,4,2,level_override_allowed,b,b,,,92,0x4c09ed49d337c85c
44,com_decoder_2,31,4,2,4,2,level_override_allowed,b,b,,,92,0x4c09ed49d337c85c
44,com_decoder_2,32,4,2,4,2,level_override_allowed,b,b,,,92,0x4c09ed49d337c85c
44,com_decoder_2,33,4,2,4,2,level_override_allowed,b,b,,,92,0x4c09ed49d337c85c
44,com_decoder_2,34,4,2,4,2,level_override_allowed,b,b,,,92,0x4c09ed49d337c85c
44,com_decoder_2,35,4,2,4,2,level_override_allowed,b,b,,,92,0x4c09ed49d337c85c
44,com_decoder_2,36,4,2,4,2,level_override_allowed,b,b,,,92,0x4c09ed49d337c85c
44,com_decoder_2,37,4,2,4,2,level_override_allowed,b,b,,,92,0x4c09ed49d337c85c
44,com_decoder_2,38,4,2,4,2,level_override_allowed,b,b,,,92,0x4c09ed49d337c85c
44,com_decoder_2,39,4,2,4,2,level_override_allowed,b,b,,,92,0x4c09ed49d337c85c
44,com_decoder_2,40,4,2,4,2,level_override_allowed,b,b,,,92,0x4c09ed49d337c85c
44,com_decoder_2,41,4,2,4,2,level_override_allowed,b,b,,,92,0x4c09ed49d337c85c
44,com_decoder_2,42,4,2,4,2,level_override_allowed,b,b,,,92,0x4c09ed49d337c85c
44,com_decoder_2,43,4,2,4,2,level_override_allowed,b,b,,,92,0x4c09ed49d337c85c
44,com_decoder_2,44,4,2,4,2,level_override_allowed,b,b,,,92,0x4c09ed49d337c85c
44,com_decoder_2,45,4,2,4,2,level_override_allowed,b,b,,,92,0x4c09ed49d337c85c
44,com_decoder_2,46,4,2,4,2,level_override_allowed,b,b,,,92,0x4c09ed49d337c85c
44,com_decoder_2,47,4,2,4,2,level_override_allowed,b,b,,,92,0x4c09ed49d337c85c
44,com_decoder_2,48,4,2,4,2,level_override_allowed,b,b,,,92,0x4c09ed49d337c85c
44,com_decoder_2,49,4,2,4,2,level_override_allowed,b,b,,,92,0x4c09ed49d337c85c
44,com_decoder_2,50,4,2,4,2,level_override_allowed,b,b,,,92,0x4c09ed49d337c85c
44,com_decoder_2,51,4,2,4,2,level_override_allowed,b,b,,,92,0x4c09ed49d337c85c
44,com_decoder_2,52,4,2,4,2,level_override_allowed,b,b,,,92,0x4c09ed49d337c85c
44,com_decoder_2,53,4,2,4,2,level_override_allowed,b,b,,,92,0x4c09ed49d337c85c
44,com_decoder_2,54,4,2,4,2,level_override_allowed,b,b,,,92,0x4c09ed49d337c85c
44,com_decoder_2,55,4,2,4,2,level_override_allowed,b,b,,,92,0x4c09ed49d337c85c
44,com_decoder_2,56,4,2,4,2,level_override_allowed,b,b,,,92,0x4c09ed49d337c85c
44,com_decoder_2,57,4,2,4,2,level_override_allowed,b,b,,,92,0x4c09ed49d337c85c
44,com_decoder_2,58,4,2,4,2,level_override_allowed,b,b,,,92,0x4c09ed49d337c85c
44,com_decoder_2,59,4,2,4,2,level_override_allowed,b,b,,,92,0x4c09ed49d337c85c
44,com_decoder_2,60,4,2,4,2,level_override_allowed,b,b,,,92,0x4c09ed49d337c85c
44,com_decoder_2,61,4,2,4,2,level_override_allowed,b,b,,,92,0x4c09ed49d337c85c
44,com_decoder_2,62,4,2,4,2,level_override_allowed,b,b,,,92,0x4c09ed49d337c85c
44,com_decoder_2,63,4,2,4,2,level_override_allowed,b,b,,,92,0x4c09ed49d337c85c
44,com_decoder_2,64,4,2,4,2,level_override_allowed,b,b,,,92,0x4c09ed49d337c85c
45,com_decoder_3,1,20,3,20,3,level_override_allowed,b,b,,,254,0xfd978c409d8db0fe
45,com_decoder_3,2,20,3,20,3,level_override_allowed,b,b,,,254,0xfd978c409d8db0fe
45,com_decoder_3,3,20,3,20,3,level_override_allowed,b,b,,,254,0xfd978c409d8db0fe
45,com_decoder_3,4,20,3,20,3,level_override_allowed,b,b,,,254,0xfd978c409d8db0fe
45,com_decoder_3,5,20,3,20,3,level_override_allowed,b,b,,,254,0xfd978c409d8db0fe
45,com_decoder_3,6,20,3,20,3,level_override_allowed,b,b,,,254,0xfd978c409d8db0fe
45,com_decoder_3,7,20,3,20,3,level_override_allowed,b,b,,,254,0xfd978c409d8db0fe
45,com_decoder_3,8,20,3,20,3,level_override_allowed,b,b,,,254,0xfd978c409d8db0fe
45,com_decoder_3,9,20,3,20,3,level_override_allowed,b,b,,,254,0xfd978c409d8db0fe
45,com_decoder_3,10,20,3,20,3,level_override_allowed,b,b,,,254,0xfd978c409d8db0fe
45,com_decoder_3,11,20,3,20,3,level_override_allowed,b,b,,,254,0xfd978c409d8db0fe
45,com_decoder_3,12,20,3,20,3,level_override_allowed,b,b,,,254,0xfd978c409d8db0fe
45,com_decoder_3,13,20,3,20,3,level_override_allowed,b,b,,,254,0xfd978c409d8db0fe
45,com_decoder_3,14,20,3,20,3,level_override_allowed,b,b,,,254,0xfd978c409d8db0fe
45,com_decoder_3,15,20,3,20,3,level_override_allowed,b,b,,,254,0xfd978c409d8db0fe
45,com_decoder_3,16,20,3,20,3,level_override_allowed,b,b,,,254,0xfd978c409d8db0fe
45,com_decoder_3,17,20,3,20,3,level_override_allowed,b,b,,,254,0xfd978c409d8db0fe
45,com_decoder_3,18,20,3,20,3,level_override_allowed,b,b,,,254,0xfd978c409d8db0fe
45,com_decoder_3,19,20,3,20,3,level_override_allowed,b,b,,,254,0xfd978c409d8db0fe
45,com_decoder_3,20,20,3,20,3,level_override_allowed,b,b,,,254,0xfd978c409d8db0fe
45,com_decoder_3,21,20,3,20,3,level_override_allowed,b,b,,,254,0xfd978c409d8db0fe
45,com_decoder_3,22,20,3,20,3,level_override_allowed,b,b,,,254,0xfd978c409d8db0fe
45,com_decoder_3,23,20,3,20,3,level_override_allowed,b,b,,,254,0xfd978c409d8db0fe
45,com_decoder_3,24,20,3,20,3,level_override_allowed,b,b,,,254,0xfd978c409d8db0fe
45,com_decoder_3,25,20,3,20,3,level_override_allowed,b,b,,,254,0xfd978c409d8db0fe
45,com_decoder_3,26,20,3,20,3,level_override_allowed,b,b,,,254,0xfd978c409d8db0fe
45,com_decoder_3,27,20,3,20,3,level_override_allowed,b,b,,,254,0xfd978c409d8db0fe
45,com_decoder_3,28,20,3,20,3,level_override_allowed,b,b,,,254,0xfd978c409d8db0fe
45,com_decoder_3,29,20,3,20,3,level_override_allowed,b,b,,,254,0xfd978c409d8db0fe
45,com_decoder_3,30,20,3,20,3,level_override_allowed,b,b,,,254,0xfd978c409d8db0fe
45,com_decoder_3,31,20,3,20,3,level_override_allowed,b,b,,,254,0xfd978c409d8db0fe
45,com_decoder_3,32,20,3,20,3,level_override_allowed,b,b,,,254,0xfd978c409d8db0fe
45,com_decoder_3,33,20,3,20,3,level_override_allowed,b,b,,,254,0xfd978c409d8db0fe
45,com_decoder_3,34,20,3,20,3,level_override_allowed,b,b,,,254,0xfd978c409d8db0fe
45,com_decoder_3,35,20,3,20,3,level_override_allowed,b,b,,,254,0xfd978c409d8db0fe
45,com_decoder_3,36,20,3,20,3,level_override_allowed,b,b,,,254,0xfd978c409d8db0fe
45,com_decoder_3,37,20,3,20,3,level_override_allowed,b,b,,,254,0xfd978c409d8db0fe
45,com_decoder_3,38,20,3,20,3,level_override_allowed,b,b,,,254,0xfd978c409d8db0fe
45,com_decoder_3,39,20,3,20,3,level_override_allowed,b,b,,,254,0xfd978c409d8db0fe
45,com_decoder_3,40,20,3,20,3,level_override_allowed,b,b,,,254,0xfd978c409d8db0fe
45,com_decoder_3,41,20,3,20,3,level_override_allowed,b,b,,,254,0xfd978c409d8db0fe
45,com_decoder_3,42,20,3,20,3,level_override_allowed,b,b,,,254,0xfd978c409d8db0fe
45,com_decoder_3,43,20,3,20,3,level_override_allowed,b,b,,,254,0xfd978c409d8db0fe
45,com_decoder_3,44,20,3,20,3,level_override_allowed,b,b,,,254,0xfd978c409d8db0fe
45,com_decoder_3,45,20,3,20,3,level_override_allowed,b,b,,,254,0xfd978c409d8db0fe
45,com_decoder_3,46,20,3,20,3,level_override_allowed,b,b,,,254,0xfd978c409d8db0fe
45,com_decoder_3,47,20,3,20,3,level_override_allowed,b,b,,,254,0xfd978c409d8db0fe
45,com_decoder_3,48,20,3,20,3,level_override_allowed,b,b,,,254,0xfd978c409d8db0fe
45,com_decoder_3,49,20,3,20,3,level_override_allowed,b,b,,,254,0xfd978c409d8db0fe
45,com_decoder_3,50,20,3,20,3,level_override_allowed,b,b,,,254,0xfd978c409d8db0fe
45,com_decoder_3,51,20,3,20,3,level_override_allowed,b,b,,,254,0xfd978c409d8db0fe
45,com_decoder_3,52,20,3,20,3,level_override_allowed,b,b,,,254,0xfd978c409d8db0fe
45,com_decoder_3,53,20,3,20,3,level_override_allowed,b,b,,,254,0xfd978c409d8db0fe
45,com_decoder_3,54,20,3,20,3,level_override_allowed,b,b,,,254,0xfd978c409d8db0fe
45,com_decoder_3,55,20,3,20,3,level_override_allowed,b,b,,,254,0xfd978c409d8db0fe
45,com_decoder_3,56,20,3,20,3,level_override_allowed,b,b,,,254,0xfd978c409d8db0fe
45,com_decoder_3,57,20,3,20,3,level_override_allowed,b,b,,,254,0xfd978c409d8db0fe
45,com_decoder_3,58,20,3,20,3,level_override_allowed,b,b,,,254,0xfd978c409d8db0fe
45,com_decoder_3,59,20,3,20,3,level_override_allowed,b,b,,,254,0xfd978c409d8db0fe
45,com_decoder_3,60,20,3,20,3,level_override_allowed,b,b,,,254,0xfd978c409d8db0fe
45,com_decoder_3,61,20,3,20,3,level_override_allowed,b,b,,,254,0xfd978c409d8db0fe
45,com_decoder_3,62,20,3,20,3,level_override_allowed,b,b,,,254,0xfd978c409d8db0fe
45,com_decoder_3,63,20,3,20,3,level_override_allowed,b,b,,,254,0xfd978c409d8db0fe
45,com_decoder_3,64,20,3,20,3,level_override_allowed,b,b,,,254,0xfd978c409d8db0fe
46,com_constant,1,0,0,0,0,default_table,b,b,,,159,0xa795b23a49aaea9f
46,com_constant,2,0,0,0,0,default_table,b,b,,,159,0xa795b23a49aaea9f
46,com_constant,3,0,0,0,0,default_table,b,b,,,159,0xa795b23a49aaea9f
46,com_constant,4,0,0,0,0,default_table,b,b,,,159,0xa795b23a49aaea9f
46,com_constant,5,0,0,0,0,default_table,b,b,,,159,0xa795b23a49aaea9f
46,com_constant,6,0,0,0,0,default_table,b,b,,,159,0xa795b23a49aaea9f
46,com_constant,7,0,0,0,0,default_table,b,b,,,159,0xa795b23a49aaea9f
46,com_constant,8,0,0,0,0,default_table,b,b,,,159,0xa795b23a49aaea9f
46,com_constant,9,0,0,0,0,default_table,b,b,,,159,0xa795b23a49aaea9f
46,com_constant,10,0,0,0,0,default_table,b,b,,,159,0xa795b23a49aaea9f
46,com_constant,11,0,0,0,0,default_table,b,b,,,159,0xa795b23a49aaea9f
46,com_constant,12,0,0,0,0,default_table,b,b,,,159,0xa795b23a49aaea9f
46,com_constant,13,0,0,0,0,default_table,b,b,,,159,0xa795b23a49aaea9f
46,com_constant,14,0,0,0,0,default_table,b,b,,,159,0xa795b23a49aaea9f
46,com_constant,15,0,0,0,0,default_table,b,b,,,159,0xa795b23a49aaea9f
46,com_constant,16,0,0,0,0,default_table,b,b,,,159,0xa795b23a49aaea9f
46,com_constant,17,0,0,0,0,default_table,b,b,,,159,0xa795b23a49aaea9f
46,com_constant,18,0,0,0,0,default_table,b,b,,,159,0xa795b23a49aaea9f
46,com_constant,19,0,0,0,0,default_table,b,b,,,159,0xa795b23a49aaea9f
46,com_constant,20,0,0,0,0,default_table,b,b,,,159,0xa795b23a49aaea9f
46,com_constant,21,0,0,0,0,default_table,b,b,,,159,0xa795b23a49aaea9f
46,com_constant,22,0,0,0,0,default_table,b,b,,,159,0xa795b23a49aaea9f
46,com_constant,23,0,0,0,0,default_table,b,b,,,159,0xa795b23a49aaea9f
46,com_constant,24,0,0,0,0,default_table,b,b,,,159,0xa795b23a49aaea9f
46,com_constant,25,0,0,0,0,default_table,b,b,,,159,0xa795b23a49aaea9f
46,com_constant,26,0,0,0,0,default_table,b,b,,,159,0xa795b23a49aaea9f
46,com_constant,27,0,0,0,0,default_table,b,b,,,159,0xa795b23a49aaea9f
46,com_constant,28,0,0,0,0,default_table,b,b,,,159,0xa795b23a49aaea9f
46,com_constant,29,0,0,0,0,default_table,b,b,,,159,0xa795b23a49aaea9f
46,com_constant,30,0,0,0,0,default_table,b,b,,,159,0xa795b23a49aaea9f
46,com_constant,31,0,0,0,0,default_table,b,b,,,159,0xa795b23a49aaea9f
46,com_constant,32,0,0,0,0,default_table,b,b,,,159,0xa795b23a49aaea9f
46,com_constant,33,0,0,0,0,default_table,b,b,,,159,0xa795b23a49aaea9f
46,com_constant,34,0,0,0,0,default_table,b,b,,,159,0xa795b23a49aaea9f
46,com_constant,35,0,0,0,0,default_table,b,b,,,159,0xa795b23a49aaea9f
46,com_constant,36,0,0,0,0,default_table,b,b,,,159,0xa795b23a49aaea9f
46,com_constant,37,0,0,0,0,default_table,b,b,,,159,0xa795b23a49aaea9f
46,com_constant,38,0,0,0,0,default_table,b,b,,,159,0xa795b23a49aaea9f
46,com_constant,39,0,0,0,0,default_table,b,b,,,159,0xa795b23a49aaea9f
46,com_constant,40,0,0,0,0,default_table,b,b,,,159,0xa795b23a49aaea9f
46,com_constant,41,0,0,0,0,default_table,b,b,,,159,0xa795b23a49aaea9f
46,com_constant,42,0,0,0,0,default_table,b,b,,,159,0xa795b23a49aaea9f
46,com_constant,43,0,0,0,0,default_table,b,b,,,159,0xa795b23a49aaea9f
46,com_constant,44,0,0,0,0,default_table,b,b,,,159,0xa795b23a49aaea9f
46,com_constant,45,0,0,0,0,default_table,b,b,,,159,0xa795b23a49aaea9f
46,com_constant,46,0,0,0,0,default_table,b,b,,,159,0xa795b23a49aaea9f
46,com_constant,47,0,0,0,0,default_table,b,b,,,159,0xa795b23a49aaea9f
46,com_constant,48,0,0,0,0,default_table,b,b,,,159,0xa795b23a49aaea9f
46,com_constant,49,0,0,0,0,default_table,b,b,,,159,0xa795b23a49aaea9f
46,com_constant,50,0,0,0,0,default_table,b,b,,,159,0xa795b23a49aaea9f
46,com_constant,51,0,0,0,0,default_table,b,b,,,159,0xa795b23a49aaea9f
46,com_constant,52,0,0,0,0,default_table,b,b,,,159,0xa795b23a49aaea9f
46,com_constant,53,0,0,0,0,default_table,b,b,,,159,0xa795b23a49aaea9f
46,com_constant,54,0,0,0,0,default_table,b,b,,,159,0xa795b23a49aaea9f
46,com_constant,55,0,0,0,0,default_table,b,b,,,159,0xa795b23a49aaea9f
46,com_constant,56,0,0,0,0,default_table,b,b,,,159,0xa795b23a49aaea9f
46,com_constant,57,0,0,0,0,default_table,b,b,,,159,0xa795b23a49aaea9f
46,com_constant,58,0,0,0,0,default_table,b,b,,,159,0xa795b23a49aaea9f
46,com_constant,59,0,0,0,0,default_table,b,b,,,159,0xa795b23a49aaea9f
46,com_constant,60,0,0,0,0,default_table,b,b,,,159,0xa795b23a49aaea9f
46,com_constant,61,0,0,0,0,default_table,b,b,,,159,0xa795b23a49aaea9f
46,com_constant,62,0,0,0,0,default_table,b,b,,,159,0xa795b23a49aaea9f
46,com_constant,63,0,0,0,0,default_table,b,b,,,159,0xa795b23a49aaea9f
46,com_constant,64,0,0,0,0,default_table,b,b,,,159,0xa795b23a49aaea9f
47,com_splitter_word_2,1,0,0,0,0,default_table,b,b,,,41,0xb5e114e9d627d729
47,com_splitter_word_2,2,0,0,0,0,default_table,b,b,,,41,0xb5e114e9d627d729
47,com_splitter_word_2,3,0,0,0,0,default_table,b,b,,,41,0xb5e114e9d627d729
47,com_splitter_word_2,4,0,0,0,0,default_table,b,b,,,41,0xb5e114e9d627d729
47,com_splitter_word_2,5,0,0,0,0,default_table,b,b,,,41,0xb5e114e9d627d729
47,com_splitter_word_2,6,0,0,0,0,default_table,b,b,,,41,0xb5e114e9d627d729
47,com_splitter_word_2,7,0,0,0,0,default_table,b,b,,,41,0xb5e114e9d627d729
47,com_splitter_word_2,8,0,0,0,0,default_table,b,b,,,41,0xb5e114e9d627d729
47,com_splitter_word_2,9,0,0,0,0,default_table,b,b,,,41,0xb5e114e9d627d729
47,com_splitter_word_2,10,0,0,0,0,default_table,b,b,,,41,0xb5e114e9d627d729
47,com_splitter_word_2,11,0,0,0,0,default_table,b,b,,,41,0xb5e114e9d627d729
47,com_splitter_word_2,12,0,0,0,0,default_table,b,b,,,41,0xb5e114e9d627d729
47,com_splitter_word_2,13,0,0,0,0,default_table,b,b,,,41,0xb5e114e9d627d729
47,com_splitter_word_2,14,0,0,0,0,default_table,b,b,,,41,0xb5e114e9d627d729
47,com_splitter_word_2,15,0,0,0,0,default_table,b,b,,,41,0xb5e114e9d627d729
47,com_splitter_word_2,16,0,0,0,0,default_table,b,b,,,41,0xb5e114e9d627d729
47,com_splitter_word_2,17,0,0,0,0,default_table,b,b,,,41,0xb5e114e9d627d729
47,com_splitter_word_2,18,0,0,0,0,default_table,b,b,,,41,0xb5e114e9d627d729
47,com_splitter_word_2,19,0,0,0,0,default_table,b,b,,,41,0xb5e114e9d627d729
47,com_splitter_word_2,20,0,0,0,0,default_table,b,b,,,41,0xb5e114e9d627d729
47,com_splitter_word_2,21,0,0,0,0,default_table,b,b,,,41,0xb5e114e9d627d729
47,com_splitter_word_2,22,0,0,0,0,default_table,b,b,,,41,0xb5e114e9d627d729
47,com_splitter_word_2,23,0,0,0,0,default_table,b,b,,,41,0xb5e114e9d627d729
47,com_splitter_word_2,24,0,0,0,0,default_table,b,b,,,41,0xb5e114e9d627d729
47,com_splitter_word_2,25,0,0,0,0,default_table,b,b,,,41,0xb5e114e9d627d729
47,com_splitter_word_2,26,0,0,0,0,default_table,b,b,,,41,0xb5e114e9d627d729
47,com_splitter_word_2,27,0,0,0,0,default_table,b,b,,,41,0xb5e114e9d627d729
47,com_splitter_word_2,28,0,0,0,0,default_table,b,b,,,41,0xb5e114e9d627d729
47,com_splitter_word_2,29,0,0,0,0,default_table,b,b,,,41,0xb5e114e9d627d729
47,com_splitter_word_2,30,0,0,0,0,default_table,b,b,,,41,0xb5e114e9d627d729
47,com_splitter_word_2,31,0,0,0,0,default_table,b,b,,,41,0xb5e114e9d627d729
47,com_splitter_word_2,32,0,0,0,0,default_table,b,b,,,41,0xb5e114e9d627d729
47,com_splitter_word_2,33,0,0,0,0,default_table,b,b,,,41,0xb5e114e9d627d729
47,com_splitter_word_2,34,0,0,0,0,default_table,b,b,,,41,0xb5e114e9d627d729
47,com_splitter_word_2,35,0,0,0,0,default_table,b,b,,,41,0xb5e114e9d627d729
47,com_splitter_word_2,36,0,0,0,0,default_table,b,b,,,41,0xb5e114e9d627d729
47,com_splitter_word_2,37,0,0,0,0,default_table,b,b,,,41,0xb5e114e9d627d729
47,com_splitter_word_2,38,0,0,0,0,default_table,b,b,,,41,0xb5e114e9d627d729
47,com_splitter_word_2,39,0,0,0,0,default_table,b,b,,,41,0xb5e114e9d627d729
47,com_splitter_word_2,40,0,0,0,0,default_table,b,b,,,41,0xb5e114e9d627d729
47,com_splitter_word_2,41,0,0,0,0,default_table,b,b,,,41,0xb5e114e9d627d729
47,com_splitter_word_2,42,0,0,0,0,default_table,b,b,,,41,0xb5e114e9d627d729
47,com_splitter_word_2,43,0,0,0,0,default_table,b,b,,,41,0xb5e114e9d627d729
47,com_splitter_word_2,44,0,0,0,0,default_table,b,b,,,41,0xb5e114e9d627d729
47,com_splitter_word_2,45,0,0,0,0,default_table,b,b,,,41,0xb5e114e9d627d729
47,com_splitter_word_2,46,0,0,0,0,default_table,b,b,,,41,0xb5e114e9d627d729
47,com_splitter_word_2,47,0,0,0,0,default_table,b,b,,,41,0xb5e114e9d627d729
47,com_splitter_word_2,48,0,0,0,0,default_table,b,b,,,41,0xb5e114e9d627d729
47,com_splitter_word_2,49,0,0,0,0,default_table,b,b,,,41,0xb5e114e9d627d729
47,com_splitter_word_2,50,0,0,0,0,default_table,b,b,,,41,0xb5e114e9d627d729
47,com_splitter_word_2,51,0,0,0,0,default_table,b,b,,,41,0xb5e114e9d627d729
47,com_splitter_word_2,52,0,0,0,0,default_table,b,b,,,41,0xb5e114e9d627d729
47,com_splitter_word_2,53,0,0,0,0,default_table,b,b,,,41,0xb5e114e9d627d729
47,com_splitter_word_2,54,0,0,0,0,default_table,b,b,,,41,0xb5e114e9d627d729
47,com_splitter_word_2,55,0,0,0,0,default_table,b,b,,,41,0xb5e114e9d627d729
47,com_splitter_word_2,56,0,0,0,0,default_table,b,b,,,41,0xb5e114e9d627d729
47,com_splitter_word_2,57,0,0,0,0,default_table,b,b,,,41,0xb5e114e9d627d729
47,com_splitter_word_2,58,0,0,0,0,default_table,b,b,,,41,0xb5e114e9d627d729
47,com_splitter_word_2,59,0,0,0,0,default_table,b,b,,,41,0xb5e114e9d627d729
47,com_splitter_word_2,60,0,0,0,0,default_table,b,b,,,41,0xb5e114e9d627d729
47,com_splitter_word_2,61,0,0,0,0,default_table,b,b,,,41,0xb5e114e9d627d729
47,com_splitter_word_2,62,0,0,0,0,default_table,b,b,,,41,0xb5e114e9d627d729
47,com_splitter_word_2,63,0,0,0,0,default_table,b,b,,,41,0xb5e114e9d627d729
47,com_splitter_word_2,64,0,0,0,0,default_table,b,b,,,41,0xb5e114e9d627d729
48,com_maker_word_2,1,0,0,0,0,default_table,b,b,,,174,0xe1ad807afd8569ae
48,com_maker_word_2,2,0,0,0,0,default_table,b,b,,,174,0xe1ad807afd8569ae
48,com_maker_word_2,3,0,0,0,0,default_table,b,b,,,174,0xe1ad807afd8569ae
48,com_maker_word_2,4,0,0,0,0,default_table,b,b,,,174,0xe1ad807afd8569ae
48,com_maker_word_2,5,0,0,0,0,default_table,b,b,,,174,0xe1ad807afd8569ae
48,com_maker_word_2,6,0,0,0,0,default_table,b,b,,,174,0xe1ad807afd8569ae
48,com_maker_word_2,7,0,0,0,0,default_table,b,b,,,174,0xe1ad807afd8569ae
48,com_maker_word_2,8,0,0,0,0,default_table,b,b,,,174,0xe1ad807afd8569ae
48,com_maker_word_2,9,0,0,0,0,default_table,b,b,,,174,0xe1ad807afd8569ae
48,com_maker_word_2,10,0,0,0,0,default_table,b,b,,,174,0xe1ad807afd8569ae
48,com_maker_word_2,11,0,0,0,0,default_table,b,b,,,174,0xe1ad807afd8569ae
48,com_maker_word_2,12,0,0,0,0,default_table,b,b,,,174,0xe1ad807afd8569ae
48,com_maker_word_2,13,0,0,0,0,default_table,b,b,,,174,0xe1ad807afd8569ae
48,com_maker_word_2,14,0,0,0,0,default_table,b,b,,,174,0xe1ad807afd8569ae
48,com_maker_word_2,15,0,0,0,0,default_table,b,b,,,174,0xe1ad807afd8569ae
48,com_maker_word_2,16,0,0,0,0,default_table,b,b,,,174,0xe1ad807afd8569ae
48,com_maker_word_2,17,0,0,0,0,default_table,b,b,,,174,0xe1ad807afd8569ae
48,com_maker_word_2,18,0,0,0,0,default_table,b,b,,,174,0xe1ad807afd8569ae
48,com_maker_word_2,19,0,0,0,0,default_table,b,b,,,174,0xe1ad807afd8569ae
48,com_maker_word_2,20,0,0,0,0,default_table,b,b,,,174,0xe1ad807afd8569ae
48,com_maker_word_2,21,0,0,0,0,default_table,b,b,,,174,0xe1ad807afd8569ae
48,com_maker_word_2,22,0,0,0,0,default_table,b,b,,,174,0xe1ad807afd8569ae
48,com_maker_word_2,23,0,0,0,0,default_table,b,b,,,174,0xe1ad807afd8569ae
48,com_maker_word_2,24,0,0,0,0,default_table,b,b,,,174,0xe1ad807afd8569ae
48,com_maker_word_2,25,0,0,0,0,default_table,b,b,,,174,0xe1ad807afd8569ae
48,com_maker_word_2,26,0,0,0,0,default_table,b,b,,,174,0xe1ad807afd8569ae
48,com_maker_word_2,27,0,0,0,0,default_table,b,b,,,174,0xe1ad807afd8569ae
48,com_maker_word_2,28,0,0,0,0,default_table,b,b,,,174,0xe1ad807afd8569ae
48,com_maker_word_2,29,0,0,0,0,default_table,b,b,,,174,0xe1ad807afd8569ae
48,com_maker_word_2,30,0,0,0,0,default_table,b,b,,,174,0xe1ad807afd8569ae
48,com_maker_word_2,31,0,0,0,0,default_table,b,b,,,174,0xe1ad807afd8569ae
48,com_maker_word_2,32,0,0,0,0,default_table,b,b,,,174,0xe1ad807afd8569ae
48,com_maker_word_2,33,0,0,0,0,default_table,b,b,,,174,0xe1ad807afd8569ae
48,com_maker_word_2,34,0,0,0,0,default_table,b,b,,,174,0xe1ad807afd8569ae
48,com_maker_word_2,35,0,0,0,0,default_table,b,b,,,174,0xe1ad807afd8569ae
48,com_maker_word_2,36,0,0,0,0,default_table,b,b,,,174,0xe1ad807afd8569ae
48,com_maker_word_2,37,0,0,0,0,default_table,b,b,,,174,0xe1ad807afd8569ae
48,com_maker_word_2,38,0,0,0,0,default_table,b,b,,,174,0xe1ad807afd8569ae
48,com_maker_word_2,39,0,0,0,0,default_table,b,b,,,174,0xe1ad807afd8569ae
48,com_maker_word_2,40,0,0,0,0,default_table,b,b,,,174,0xe1ad807afd8569ae
48,com_maker_word_2,41,0,0,0,0,default_table,b,b,,,174,0xe1ad807afd8569ae
48,com_maker_word_2,42,0,0,0,0,default_table,b,b,,,174,0xe1ad807afd8569ae
48,com_maker_word_2,43,0,0,0,0,default_table,b,b,,,174,0xe1ad807afd8569ae
48,com_maker_word_2,44,0,0,0,0,default_table,b,b,,,174,0xe1ad807afd8569ae
48,com_maker_word_2,45,0,0,0,0,default_table,b,b,,,174,0xe1ad807afd8569ae
48,com_maker_word_2,46,0,0,0,0,default_table,b,b,,,174,0xe1ad807afd8569ae
48,com_maker_word_2,47,0,0,0,0,default_table,b,b,,,174,0xe1ad807afd8569ae
48,com_maker_word_2,48,0,0,0,0,default_table,b,b,,,174,0xe1ad807afd8569ae
48,com_maker_word_2,49,0,0,0,0,default_table,b,b,,,174,0xe1ad807afd8569ae
48,com_maker_word_2,50,0,0,0,0,default_table,b,b,,,174,0xe1ad807afd8569ae
48,com_maker_word_2,51,0,0,0,0,default_table,b,b,,,174,0xe1ad807afd8569ae
48,com_maker_word_2,52,0,0,0,0,default_table,b,b,,,174,0xe1ad807afd8569ae
48,com_maker_word_2,53,0,0,0,0,default_table,b,b,,,174,0xe1ad807afd8569ae
48,com_maker_word_2,54,0,0,0,0,default_table,b,b,,,174,0xe1ad807afd8569ae
48,com_maker_word_2,55,0,0,0,0,default_table,b,b,,,174,0xe1ad807afd8569ae
48,com_maker_word_2,56,0,0,0,0,default_table,b,b,,,174,0xe1ad807afd8569ae
48,com_maker_word_2,57,0,0,0,0,default_table,b,b,,,174,0xe1ad807afd8569ae
48,com_maker_word_2,58,0,0,0,0,default_table,b,b,,,174,0xe1ad807afd8569ae
48,com_maker_word_2,59,0,0,0,0,default_table,b,b,,,174,0xe1ad807afd8569ae
48,com_maker_word_2,60,0,0,0,0,default_table,b,b,,,174,0xe1ad807afd8569ae
48,com_maker_word_2,61,0,0,0,0,default_table,b,b,,,174,0xe1ad807afd8569ae
48,com_maker_word_2,62,0,0,0,0,default_table,b,b,,,174,0xe1ad807afd8569ae
48,com_maker_word_2,63,0,0,0,0,default_table,b,b,,,174,0xe1ad807afd8569ae
48,com_maker_word_2,64,0,0,0,0,default_table,b,b,,,174,0xe1ad807afd8569ae
49,com_clz,1,35,16,5,4,level_override_allowed,ceil(b*w/8),"max(min(b,4), ceil(w*b/8))",,,17,0xe175dfb69494c211
49,com_clz,2,35,16,9,4,level_override_allowed,ceil(b*w/8),"max(min(b,4), ceil(w*b/8))",,,17,0xe175dfb69494c211
49,com_clz,3,35,16,14,6,level_override_allowed,ceil(b*w/8),"max(min(b,4), ceil(w*b/8))",,,17,0xe175dfb69494c211
49,com_clz,4,35,16,18,8,level_override_allowed,ceil(b*w/8),"max(min(b,4), ceil(w*b/8))",,,17,0xe175dfb69494c211
49,com_clz,5,35,16,22,10,level_override_allowed,ceil(b*w/8),"max(min(b,4), ceil(w*b/8))",,,17,0xe175dfb69494c211
49,com_clz,6,35,16,27,12,level_override_allowed,ceil(b*w/8),"max(min(b,4), ceil(w*b/8))",,,17,0xe175dfb69494c211
49,com_clz,7,35,16,31,14,level_override_allowed,ceil(b*w/8),"max(min(b,4), ceil(w*b/8))",,,17,0xe175dfb69494c211
49,com_clz,8,35,16,35,16,level_override_allowed,ceil(b*w/8),"max(min(b,4), ceil(w*b/8))",,,17,0xe175dfb69494c211
49,com_clz,9,35,16,40,18,level_override_allowed,ceil(b*w/8),"max(min(b,4), ceil(w*b/8))",,,17,0xe175dfb69494c211
49,com_clz,10,35,16,44,20,level_override_allowed,ceil(b*w/8),"max(min(b,4), ceil(w*b/8))",,,17,0xe175dfb69494c211
49,com_clz,11,35,16,49,22,level_override_allowed,ceil(b*w/8),"max(min(b,4), ceil(w*b/8))",,,17,0xe175dfb69494c211
49,com_clz,12,35,16,53,24,level_override_allowed,ceil(b*w/8),"max(min(b,4), ceil(w*b/8))",,,17,0xe175dfb69494c211
49,com_clz,13,35,16,57,26,level_override_allowed,ceil(b*w/8),"max(min(b,4), ceil(w*b/8))",,,17,0xe175dfb69494c211
49,com_clz,14,35,16,62,28,level_override_allowed,ceil(b*w/8),"max(min(b,4), ceil(w*b/8))",,,17,0xe175dfb69494c211
49,com_clz,15,35,16,66,30,level_override_allowed,ceil(b*w/8),"max(min(b,4), ceil(w*b/8))",,,17,0xe175dfb69494c211
49,com_clz,16,35,16,70,32,level_override_allowed,ceil(b*w/8),"max(min(b,4), ceil(w*b/8))",,,17,0xe175dfb69494c211
49,com_clz,17,35,16,75,34,level_override_allowed,ceil(b*w/8),"max(min(b,4), ceil(w*b/8))",,,17,0xe175dfb69494c211
49,com_clz,18,35,16,79,36,level_override_allowed,ceil(b*w/8),"max(min(b,4), ceil(w*b/8))",,,17,0xe175dfb69494c211
49,com_clz,19,35,16,84,38,level_override_allowed,ceil(b*w/8),"max(min(b,4), ceil(w*b/8))",,,17,0xe175dfb69494c211
49,com_clz,20,35,16,88,40,level_override_allowed,ceil(b*w/8),"max(min(b,4), ceil(w*b/8))",,,17,0xe175dfb69494c211
49,com_clz,21,35,16,92,42,level_override_allowed,ceil(b*w/8),"max(min(b,4), ceil(w*b/8))",,,17,0xe175dfb69494c211
49,com_clz,22,35,16,97,44,level_override_allowed,ceil(b*w/8),"max(min(b,4), ceil(w*b/8))",,,17,0xe175dfb69494c211
49,com_clz,23,35,16,101,46,level_override_allowed,ceil(b*w/8),"max(min(b,4), ceil(w*b/8))",,,17,0xe175dfb69494c211
49,com_clz,24,35,16,105,48,level_override_allowed,ceil(b*w/8),"max(min(b,4), ceil(w*b/8))",,,17,0xe175dfb69494c211
49,com_clz,25,35,16,110,50,level_override_allowed,ceil(b*w/8),"max(min(b,4), ceil(w*b/8))",,,17,0xe175dfb69494c211
49,com_clz,26,35,16,114,52,level_override_allowed,ceil(b*w/8),"max(min(b,4), ceil(w*b/8))",,,17,0xe175dfb69494c211
49,com_clz,27,35,16,119,54,level_override_allowed,ceil(b*w/8),"max(min(b,4), ceil(w*b/8))",,,17,0xe175dfb69494c211
49,com_clz,28,35,16,123,56,level_override_allowed,ceil(b*w/8),"max(min(b,4), ceil(w*b/8))",,,17,0xe175dfb69494c211
49,com_clz,29,35,16,127,58,level_override_allowed,ceil(b*w/8),"max(min(b,4), ceil(w*b/8))",,,17,0xe175dfb69494c211
49,com_clz,30,35,16,132,60,level_override_allowed,ceil(b*w/8),"max(min(b,4), ceil(w*b/8))",,,17,0xe175dfb69494c211
49,com_clz,31,35,16,136,62,level_override_allowed,ceil(b*w/8),"max(min(b,4), ceil(w*b/8))",,,17,0xe175dfb69494c211
49,com_clz,32,35,16,140,64,level_override_allowed,ceil(b*w/8),"max(min(b,4), ceil(w*b/8))",,,17,0xe175dfb69494c211
49,com_clz,33,35,16,145,66,level_override_allowed,ceil(b*w/8),"max(min(b,4), ceil(w*b/8))",,,17,0xe175dfb69494c211
49,com_clz,34,35,16,149,68,level_override_allowed,ceil(b*w/8),"max(min(b,4), ceil(w*b/8))",,,17,0xe175dfb69494c211
49,com_clz,35,35,16,154,70,level_override_allowed,ceil(b*w/8),"max(min(b,4), ceil(w*b/8))",,,17,0xe175dfb69494c211
49,com_clz,36,35,16,158,72,level_override_allowed,ceil(b*w/8),"max(min(b,4), ceil(w*b/8))",,,17,0xe175dfb69494c211
49,com_clz,37,35,16,162,74,level_override_allowed,ceil(b*w/8),"max(min(b,4), ceil(w*b/8))",,,17,0xe175dfb69494c211
49,com_clz,38,35,16,167,76,level_override_allowed,ceil(b*w/8),"max(min(b,4), ceil(w*b/8))",,,17,0xe175dfb69494c211
49,com_clz,39,35,16,171,78,level_override_allowed,ceil(b*w/8),"max(min(b,4), ceil(w*b/8))",,,17,0xe175dfb69494c211
49,com_clz,40,35,16,175,80,level_override_allowed,ceil(b*w/8),"max(min(b,4), ceil(w*b/8))",,,17,0xe175dfb69494c211
49,com_clz,41,35,16,180,82,level_override_allowed,ceil(b*w/8),"max(min(b,4), ceil(w*b/8))",,,17,0xe175dfb69494c211
49,com_clz,42,35,16,184,84,level_override_allowed,ceil(b*w/8),"max(min(b,4), ceil(w*b/8))",,,17,0xe175dfb69494c211
49,com_clz,43,35,16,189,86,level_override_allowed,ceil(b*w/8),"max(min(b,4), ceil(w*b/8))",,,17,0xe175dfb69494c211
49,com_clz,44,35,16,193,88,level_override_allowed,ceil(b*w/8),"max(min(b,4), ceil(w*b/8))",,,17,0xe175dfb69494c211
49,com_clz,45,35,16,197,90,level_override_allowed,ceil(b*w/8),"max(min(b,4), ceil(w*b/8))",,,17,0xe175dfb69494c211
49,com_clz,46,35,16,202,92,level_override_allowed,ceil(b*w/8),"max(min(b,4), ceil(w*b/8))",,,17,0xe175dfb69494c211
49,com_clz,47,35,16,206,94,level_override_allowed,ceil(b*w/8),"max(min(b,4), ceil(w*b/8))",,,17,0xe175dfb69494c211
49,com_clz,48,35,16,210,96,level_override_allowed,ceil(b*w/8),"max(min(b,4), ceil(w*b/8))",,,17,0xe175dfb69494c211
49,com_clz,49,35,16,215,98,level_override_allowed,ceil(b*w/8),"max(min(b,4), ceil(w*b/8))",,,17,0xe175dfb69494c211
49,com_clz,50,35,16,219,100,level_override_allowed,ceil(b*w/8),"max(min(b,4), ceil(w*b/8))",,,17,0xe175dfb69494c211
49,com_clz,51,35,16,224,102,level_override_allowed,ceil(b*w/8),"max(min(b,4), ceil(w*b/8))",,,17,0xe175dfb69494c211
49,com_clz,52,35,16,228,104,level_override_allowed,ceil(b*w/8),"max(min(b,4), ceil(w*b/8))",,,17,0xe175dfb69494c211
49,com_clz,53,35,16,232,106,level_override_allowed,ceil(b*w/8),"max(min(b,4), ceil(w*b/8))",,,17,0xe175dfb69494c211
49,com_clz,54,35,16,237,108,level_override_allowed,ceil(b*w/8),"max(min(b,4), ceil(w*b/8))",,,17,0xe175dfb69494c211
49,com_clz,55,35,16,241,110,level_override_allowed,ceil(b*w/8),"max(min(b,4), ceil(w*b/8))",,,17,0xe175dfb69494c211
49,com_clz,56,35,16,245,112,level_override_allowed,ceil(b*w/8),"max(min(b,4), ceil(w*b/8))",,,17,0xe175dfb69494c211
49,com_clz,57,35,16,250,114,level_override_allowed,ceil(b*w/8),"max(min(b,4), ceil(w*b/8))",,,17,0xe175dfb69494c211
49,com_clz,58,35,16,254,116,level_override_allowed,ceil(b*w/8),"max(min(b,4), ceil(w*b/8))",,,17,0xe175dfb69494c211
49,com_clz,59,35,16,259,118,level_override_allowed,ceil(b*w/8),"max(min(b,4), ceil(w*b/8))",,,17,0xe175dfb69494c211
49,com_clz,60,35,16,263,120,level_override_allowed,ceil(b*w/8),"max(min(b,4), ceil(w*b/8))",,,17,0xe175dfb69494c211
49,com_clz,61,35,16,267,122,level_override_allowed,ceil(b*w/8),"max(min(b,4), ceil(w*b/8))",,,17,0xe175dfb69494c211
49,com_clz,62,35,16,272,124,level_override_allowed,ceil(b*w/8),"max(min(b,4), ceil(w*b/8))",,,17,0xe175dfb69494c211
49,com_clz,63,35,16,276,126,level_override_allowed,ceil(b*w/8),"max(min(b,4), ceil(w*b/8))",,,17,0xe175dfb69494c211
49,com_clz,64,35,16,280,128,level_override_allowed,ceil(b*w/8),"max(min(b,4), ceil(w*b/8))",,,17,0xe175dfb69494c211
50,com_register_word_config,1,120,6,1,6,level_override_allowed,b*(w//8)+(w%8) if w%8<=3 else b*(w//8+1)+(w%8)-8,b,,,61,0xe8ec852c8c4b223d
50,com_register_word_config,2,120,6,2,6,level_override_allowed,b*(w//8)+(w%8) if w%8<=3 else b*(w//8+1)+(w%8)-8,b,,,61,0xe8ec852c8c4b223d
50,com_register_word_config,3,120,6,3,6,level_override_allowed,b*(w//8)+(w%8) if w%8<=3 else b*(w//8+1)+(w%8)-8,b,,,61,0xe8ec852c8c4b223d
50,com_register_word_config,4,120,6,116,6,level_override_allowed,b*(w//8)+(w%8) if w%8<=3 else b*(w//8+1)+(w%8)-8,b,,,61,0xe8ec852c8c4b223d
50,com_register_word_config,5,120,6,117,6,level_override_allowed,b*(w//8)+(w%8) if w%8<=3 else b*(w//8+1)+(w%8)-8,b,,,61,0xe8ec852c8c4b223d
50,com_register_word_config,6,120,6,118,6,level_override_allowed,b*(w//8)+(w%8) if w%8<=3 else b*(w//8+1)+(w%8)-8,b,,,61,0xe8ec852c8c4b223d
50,com_register_word_config,7,120,6,119,6,level_override_allowed,b*(w//8)+(w%8) if w%8<=3 else b*(w//8+1)+(w%8)-8,b,,,61,0xe8ec852c8c4b223d
50,com_register_word_config,8,120,6,120,6,level_override_allowed,b*(w//8)+(w%8) if w%8<=3 else b*(w//8+1)+(w%8)-8,b,,,61,0xe8ec852c8c4b223d
50,com_register_word_config,9,120,6,121,6,level_override_allowed,b*(w//8)+(w%8) if w%8<=3 else b*(w//8+1)+(w%8)-8,b,,,61,0xe8ec852c8c4b223d
50,com_register_word_config,10,120,6,122,6,level_override_allowed,b*(w//8)+(w%8) if w%8<=3 else b*(w//8+1)+(w%8)-8,b,,,61,0xe8ec852c8c4b223d
50,com_register_word_config,11,120,6,123,6,level_override_allowed,b*(w//8)+(w%8) if w%8<=3 else b*(w//8+1)+(w%8)-8,b,,,61,0xe8ec852c8c4b223d
50,com_register_word_config,12,120,6,236,6,level_override_allowed,b*(w//8)+(w%8) if w%8<=3 else b*(w//8+1)+(w%8)-8,b,,,61,0xe8ec852c8c4b223d
50,com_register_word_config,13,120,6,237,6,level_override_allowed,b*(w//8)+(w%8) if w%8<=3 else b*(w//8+1)+(w%8)-8,b,,,61,0xe8ec852c8c4b223d
50,com_register_word_config,14,120,6,238,6,level_override_allowed,b*(w//8)+(w%8) if w%8<=3 else b*(w//8+1)+(w%8)-8,b,,,61,0xe8ec852c8c4b223d
50,com_register_word_config,15,120,6,239,6,level_override_allowed,b*(w//8)+(w%8) if w%8<=3 else b*(w//8+1)+(w%8)-8,b,,,61,0xe8ec852c8c4b223d
50,com_register_word_config,16,120,6,240,6,level_override_allowed,b*(w//8)+(w%8) if w%8<=3 else b*(w//8+1)+(w%8)-8,b,,,61,0xe8ec852c8c4b223d
50,com_register_word_config,17,120,6,241,6,level_override_allowed,b*(w//8)+(w%8) if w%8<=3 else b*(w//8+1)+(w%8)-8,b,,,61,0xe8ec852c8c4b223d
50,com_register_word_config,18,120,6,242,6,level_override_allowed,b*(w//8)+(w%8) if w%8<=3 else b*(w//8+1)+(w%8)-8,b,,,61,0xe8ec852c8c4b223d
50,com_register_word_config,19,120,6,243,6,level_override_allowed,b*(w//8)+(w%8) if w%8<=3 else b*(w//8+1)+(w%8)-8,b,,,61,0xe8ec852c8c4b223d
50,com_register_word_config,20,120,6,356,6,level_override_allowed,b*(w//8)+(w%8) if w%8<=3 else b*(w//8+1)+(w%8)-8,b,,,61,0xe8ec852c8c4b223d
50,com_register_word_config,21,120,6,357,6,level_override_allowed,b*(w//8)+(w%8) if w%8<=3 else b*(w//8+1)+(w%8)-8,b,,,61,0xe8ec852c8c4b223d
50,com_register_word_config,22,120,6,358,6,level_override_allowed,b*(w//8)+(w%8) if w%8<=3 else b*(w//8+1)+(w%8)-8,b,,,61,0xe8ec852c8c4b223d
50,com_register_word_config,23,120,6,359,6,level_override_allowed,b*(w//8)+(w%8) if w%8<=3 else b*(w//8+1)+(w%8)-8,b,,,61,0xe8ec852c8c4b223d
50,com_register_word_config,24,120,6,360,6,level_override_allowed,b*(w//8)+(w%8) if w%8<=3 else b*(w//8+1)+(w%8)-8,b,,,61,0xe8ec852c8c4b223d
50,com_register_word_config,25,120,6,361,6,level_override_allowed,b*(w//8)+(w%8) if w%8<=3 else b*(w//8+1)+(w%8)-8,b,,,61,0xe8ec852c8c4b223d
50,com_register_word_config,26,120,6,362,6,level_override_allowed,b*(w//8)+(w%8) if w%8<=3 else b*(w//8+1)+(w%8)-8,b,,,61,0xe8ec852c8c4b223d
50,com_register_word_config,27,120,6,363,6,level_override_allowed,b*(w//8)+(w%8) if w%8<=3 else b*(w//8+1)+(w%8)-8,b,,,61,0xe8ec852c8c4b223d
50,com_register_word_config,28,120,6,476,6,level_override_allowed,b*(w//8)+(w%8) if w%8<=3 else b*(w//8+1)+(w%8)-8,b,,,61,0xe8ec852c8c4b223d
50,com_register_word_config,29,120,6,477,6,level_override_allowed,b*(w//8)+(w%8) if w%8<=3 else b*(w//8+1)+(w%8)-8,b,,,61,0xe8ec852c8c4b223d
50,com_register_word_config,30,120,6,478,6,level_override_allowed,b*(w//8)+(w%8) if w%8<=3 else b*(w//8+1)+(w%8)-8,b,,,61,0xe8ec852c8c4b223d
50,com_register_word_config,31,120,6,479,6,level_override_allowed,b*(w//8)+(w%8) if w%8<=3 else b*(w//8+1)+(w%8)-8,b,,,61,0xe8ec852c8c4b223d
50,com_register_word_config,32,120,6,480,6,level_override_allowed,b*(w//8)+(w%8) if w%8<=3 else b*(w//8+1)+(w%8)-8,b,,,61,0xe8ec852c8c4b223d
50,com_register_word_config,33,120,6,481,6,level_override_allowed,b*(w//8)+(w%8) if w%8<=3 else b*(w//8+1)+(w%8)-8,b,,,61,0xe8ec852c8c4b223d
50,com_register_word_config,34,120,6,482,6,level_override_allowed,b*(w//8)+(w%8) if w%8<=3 else b*(w//8+1)+(w%8)-8,b,,,61,0xe8ec852c8c4b223d
50,com_register_word_config,35,120,6,483,6,level_override_allowed,b*(w//8)+(w%8) if w%8<=3 else b*(w//8+1)+(w%8)-8,b,,,61,0xe8ec852c8c4b223d
50,com_register_word_config,36,120,6,596,6,level_override_allowed,b*(w//8)+(w%8) if w%8<=3 else b*(w//8+1)+(w%8)-8,b,,,61,0xe8ec852c8c4b223d
50,com_register_word_config,37,120,6,597,6,level_override_allowed,b*(w//8)+(w%8) if w%8<=3 else b*(w//8+1)+(w%8)-8,b,,,61,0xe8ec852c8c4b223d
50,com_register_word_config,38,120,6,598,6,level_override_allowed,b*(w//8)+(w%8) if w%8<=3 else b*(w//8+1)+(w%8)-8,b,,,61,0xe8ec852c8c4b223d
50,com_register_word_config,39,120,6,599,6,level_override_allowed,b*(w//8)+(w%8) if w%8<=3 else b*(w//8+1)+(w%8)-8,b,,,61,0xe8ec852c8c4b223d
50,com_register_word_config,40,120,6,600,6,level_override_allowed,b*(w//8)+(w%8) if w%8<=3 else b*(w//8+1)+(w%8)-8,b,,,61,0xe8ec852c8c4b223d
50,com_register_word_config,41,120,6,601,6,level_override_allowed,b*(w//8)+(w%8) if w%8<=3 else b*(w//8+1)+(w%8)-8,b,,,61,0xe8ec852c8c4b223d
50,com_register_word_config,42,120,6,602,6,level_override_allowed,b*(w//8)+(w%8) if w%8<=3 else b*(w//8+1)+(w%8)-8,b,,,61,0xe8ec852c8c4b223d
50,com_register_word_config,43,120,6,603,6,level_override_allowed,b*(w//8)+(w%8) if w%8<=3 else b*(w//8+1)+(w%8)-8,b,,,61,0xe8ec852c8c4b223d
50,com_register_word_config,44,120,6,716,6,level_override_allowed,b*(w//8)+(w%8) if w%8<=3 else b*(w//8+1)+(w%8)-8,b,,,61,0xe8ec852c8c4b223d
50,com_register_word_config,45,120,6,717,6,level_override_allowed,b*(w//8)+(w%8) if w%8<=3 else b*(w//8+1)+(w%8)-8,b,,,61,0xe8ec852c8c4b223d
50,com_register_word_config,46,120,6,718,6,level_override_allowed,b*(w//8)+(w%8) if w%8<=3 else b*(w//8+1)+(w%8)-8,b,,,61,0xe8ec852c8c4b223d
50,com_register_word_config,47,120,6,719,6,level_override_allowed,b*(w//8)+(w%8) if w%8<=3 else b*(w//8+1)+(w%8)-8,b,,,61,0xe8ec852c8c4b223d
50,com_register_word_config,48,120,6,720,6,level_override_allowed,b*(w//8)+(w%8) if w%8<=3 else b*(w//8+1)+(w%8)-8,b,,,61,0xe8ec852c8c4b223d
50,com_register_word_config,49,120,6,721,6,level_override_allowed,b*(w//8)+(w%8) if w%8<=3 else b*(w//8+1)+(w%8)-8,b,,,61,0xe8ec852c8c4b223d
50,com_register_word_config,50,120,6,722,6,level_override_allowed,b*(w//8)+(w%8) if w%8<=3 else b*(w//8+1)+(w%8)-8,b,,,61,0xe8ec852c8c4b223d
50,com_register_word_config,51,120,6,723,6,level_override_allowed,b*(w//8)+(w%8) if w%8<=3 else b*(w//8+1)+(w%8)-8,b,,,61,0xe8ec852c8c4b223d
50,com_register_word_config,52,120,6,836,6,level_override_allowed,b*(w//8)+(w%8) if w%8<=3 else b*(w//8+1)+(w%8)-8,b,,,61,0xe8ec852c8c4b223d
50,com_register_word_config,53,120,6,837,6,level_override_allowed,b*(w//8)+(w%8) if w%8<=3 else b*(w//8+1)+(w%8)-8,b,,,61,0xe8ec852c8c4b223d
50,com_register_word_config,54,120,6,838,6,level_override_allowed,b*(w//8)+(w%8) if w%8<=3 else b*(w//8+1)+(w%8)-8,b,,,61,0xe8ec852c8c4b223d
50,com_register_word_config,55,120,6,839,6,level_override_allowed,b*(w//8)+(w%8) if w%8<=3 else b*(w//8+1)+(w%8)-8,b,,,61,0xe8ec852c8c4b223d
50,com_register_word_config,56,120,6,840,6,level_override_allowed,b*(w//8)+(w%8) if w%8<=3 else b*(w//8+1)+(w%8)-8,b,,,61,0xe8ec852c8c4b223d
50,com_register_word_config,57,120,6,841,6,level_override_allowed,b*(w//8)+(w%8) if w%8<=3 else b*(w//8+1)+(w%8)-8,b,,,61,0xe8ec852c8c4b223d
50,com_register_word_config,58,120,6,842,6,level_override_allowed,b*(w//8)+(w%8) if w%8<=3 else b*(w//8+1)+(w%8)-8,b,,,61,0xe8ec852c8c4b223d
50,com_register_word_config,59,120,6,843,6,level_override_allowed,b*(w//8)+(w%8) if w%8<=3 else b*(w//8+1)+(w%8)-8,b,,,61,0xe8ec852c8c4b223d
50,com_register_word_config,60,120,6,956,6,level_override_allowed,b*(w//8)+(w%8) if w%8<=3 else b*(w//8+1)+(w%8)-8,b,,,61,0xe8ec852c8c4b223d
50,com_register_word_config,61,120,6,957,6,level_override_allowed,b*(w//8)+(w%8) if w%8<=3 else b*(w//8+1)+(w%8)-8,b,,,61,0xe8ec852c8c4b223d
50,com_register_word_config,62,120,6,958,6,level_override_allowed,b*(w//8)+(w%8) if w%8<=3 else b*(w//8+1)+(w%8)-8,b,,,61,0xe8ec852c8c4b223d
50,com_register_word_config,63,120,6,959,6,level_override_allowed,b*(w//8)+(w%8) if w%8<=3 else b*(w//8+1)+(w%8)-8,b,,,61,0xe8ec852c8c4b223d
50,com_register_word_config,64,120,6,960,6,level_override_allowed,b*(w//8)+(w%8) if w%8<=3 else b*(w//8+1)+(w%8)-8,b,,,61,0xe8ec852c8c4b223d
51,com_probe_wire_asm,1,0,0,0,0,default_table,b,b,,,44,0x7d31b5553e887e2c
51,com_probe_wire_asm,2,0,0,0,0,default_table,b,b,,,44,0x7d31b5553e887e2c
51,com_probe_wire_asm,3,0,0,0,0,default_table,b,b,,,44,0x7d31b5553e887e2c
51,com_probe_wire_asm,4,0,0,0,0,default_table,b,b,,,44,0x7d31b5553e887e2c
51,com_probe_wire_asm,5,0,0,0,0,default_table,b,b,,,44,0x7d31b5553e887e2c
51,com_probe_wire_asm,6,0,0,0,0,default_table,b,b,,,44,0x7d31b5553e887e2c
51,com_probe_wire_asm,7,0,0,0,0,default_table,b,b,,,44,0x7d31b5553e887e2c
51,com_probe_wire_asm,8,0,0,0,0,default_table,b,b,,,44,0x7d31b5553e887e2c
51,com_probe_wire_asm,9,0,0,0,0,default_table,b,b,,,44,0x7d31b5553e887e2c
51,com_probe_wire_asm,10,0,0,0,0,default_table,b,b,,,44,0x7d31b5553e887e2c
51,com_probe_wire_asm,11,0,0,0,0,default_table,b,b,,,44,0x7d31b5553e887e2c
51,com_probe_wire_asm,12,0,0,0,0,default_table,b,b,,,44,0x7d31b5553e887e2c
51,com_probe_wire_asm,13,0,0,0,0,default_table,b,b,,,44,0x7d31b5553e887e2c
51,com_probe_wire_asm,14,0,0,0,0,default_table,b,b,,,44,0x7d31b5553e887e2c
51,com_probe_wire_asm,15,0,0,0,0,default_table,b,b,,,44,0x7d31b5553e887e2c
51,com_probe_wire_asm,16,0,0,0,0,default_table,b,b,,,44,0x7d31b5553e887e2c
51,com_probe_wire_asm,17,0,0,0,0,default_table,b,b,,,44,0x7d31b5553e887e2c
51,com_probe_wire_asm,18,0,0,0,0,default_table,b,b,,,44,0x7d31b5553e887e2c
51,com_probe_wire_asm,19,0,0,0,0,default_table,b,b,,,44,0x7d31b5553e887e2c
51,com_probe_wire_asm,20,0,0,0,0,default_table,b,b,,,44,0x7d31b5553e887e2c
51,com_probe_wire_asm,21,0,0,0,0,default_table,b,b,,,44,0x7d31b5553e887e2c
51,com_probe_wire_asm,22,0,0,0,0,default_table,b,b,,,44,0x7d31b5553e887e2c
51,com_probe_wire_asm,23,0,0,0,0,default_table,b,b,,,44,0x7d31b5553e887e2c
51,com_probe_wire_asm,24,0,0,0,0,default_table,b,b,,,44,0x7d31b5553e887e2c
51,com_probe_wire_asm,25,0,0,0,0,default_table,b,b,,,44,0x7d31b5553e887e2c
51,com_probe_wire_asm,26,0,0,0,0,default_table,b,b,,,44,0x7d31b5553e887e2c
51,com_probe_wire_asm,27,0,0,0,0,default_table,b,b,,,44,0x7d31b5553e887e2c
51,com_probe_wire_asm,28,0,0,0,0,default_table,b,b,,,44,0x7d31b5553e887e2c
51,com_probe_wire_asm,29,0,0,0,0,default_table,b,b,,,44,0x7d31b5553e887e2c
51,com_probe_wire_asm,30,0,0,0,0,default_table,b,b,,,44,0x7d31b5553e887e2c
51,com_probe_wire_asm,31,0,0,0,0,default_table,b,b,,,44,0x7d31b5553e887e2c
51,com_probe_wire_asm,32,0,0,0,0,default_table,b,b,,,44,0x7d31b5553e887e2c
51,com_probe_wire_asm,33,0,0,0,0,default_table,b,b,,,44,0x7d31b5553e887e2c
51,com_probe_wire_asm,34,0,0,0,0,default_table,b,b,,,44,0x7d31b5553e887e2c
51,com_probe_wire_asm,35,0,0,0,0,default_table,b,b,,,44,0x7d31b5553e887e2c
51,com_probe_wire_asm,36,0,0,0,0,default_table,b,b,,,44,0x7d31b5553e887e2c
51,com_probe_wire_asm,37,0,0,0,0,default_table,b,b,,,44,0x7d31b5553e887e2c
51,com_probe_wire_asm,38,0,0,0,0,default_table,b,b,,,44,0x7d31b5553e887e2c
51,com_probe_wire_asm,39,0,0,0,0,default_table,b,b,,,44,0x7d31b5553e887e2c
51,com_probe_wire_asm,40,0,0,0,0,default_table,b,b,,,44,0x7d31b5553e887e2c
51,com_probe_wire_asm,41,0,0,0,0,default_table,b,b,,,44,0x7d31b5553e887e2c
51,com_probe_wire_asm,42,0,0,0,0,default_table,b,b,,,44,0x7d31b5553e887e2c
51,com_probe_wire_asm,43,0,0,0,0,default_table,b,b,,,44,0x7d31b5553e887e2c
51,com_probe_wire_asm,44,0,0,0,0,default_table,b,b,,,44,0x7d31b5553e887e2c
51,com_probe_wire_asm,45,0,0,0,0,default_table,b,b,,,44,0x7d31b5553e887e2c
51,com_probe_wire_asm,46,0,0,0,0,default_table,b,b,,,44,0x7d31b5553e887e2c
51,com_probe_wire_asm,47,0,0,0,0,default_table,b,b,,,44,0x7d31b5553e887e2c
51,com_probe_wire_asm,48,0,0,0,0,default_table,b,b,,,44,0x7d31b5553e887e2c
51,com_probe_wire_asm,49,0,0,0,0,default_table,b,b,,,44,0x7d31b5553e887e2c
51,com_probe_wire_asm,50,0,0,0,0,default_table,b,b,,,44,0x7d31b5553e887e2c
51,com_probe_wire_asm,51,0,0,0,0,default_table,b,b,,,44,0x7d31b5553e887e2c
51,com_probe_wire_asm,52,0,0,0,0,default_table,b,b,,,44,0x7d31b5553e887e2c
51,com_probe_wire_asm,53,0,0,0,0,default_table,b,b,,,44,0x7d31b5553e887e2c
51,com_probe_wire_asm,54,0,0,0,0,default_table,b,b,,,44,0x7d31b5553e887e2c
51,com_probe_wire_asm,55,0,0,0,0,default_table,b,b,,,44,0x7d31b5553e887e2c
51,com_probe_wire_asm,56,0,0,0,0,default_table,b,b,,,44,0x7d31b5553e887e2c
51,com_probe_wire_asm,57,0,0,0,0,default_table,b,b,,,44,0x7d31b5553e887e2c
51,com_probe_wire_asm,58,0,0,0,0,default_table,b,b,,,44,0x7d31b5553e887e2c
51,com_probe_wire_asm,59,0,0,0,0,default_table,b,b,,,44,0x7d31b5553e887e2c
51,com_probe_wire_asm,60,0,0,0,0,default_table,b,b,,,44,0x7d31b5553e887e2c
51,com_probe_wire_asm,61,0,0,0,0,default_table,b,b,,,44,0x7d31b5553e887e2c
51,com_probe_wire_asm,62,0,0,0,0,default_table,b,b,,,44,0x7d31b5553e887e2c
51,com_probe_wire_asm,63,0,0,0,0,default_table,b,b,,,44,0x7d31b5553e887e2c
51,com_probe_wire_asm,64,0,0,0,0,default_table,b,b,,,44,0x7d31b5553e887e2c
52,com_deleted_6,1,0,0,0,0,default_table,b,b,,,36,0x1ce236ac96027624
52,com_deleted_6,2,0,0,0,0,default_table,b,b,,,36,0x1ce236ac96027624
52,com_deleted_6,3,0,0,0,0,default_table,b,b,,,36,0x1ce236ac96027624
52,com_deleted_6,4,0,0,0,0,default_table,b,b,,,36,0x1ce236ac96027624
52,com_deleted_6,5,0,0,0,0,default_table,b,b,,,36,0x1ce236ac96027624
52,com_deleted_6,6,0,0,0,0,default_table,b,b,,,36,0x1ce236ac96027624
52,com_deleted_6,7,0,0,0,0,default_table,b,b,,,36,0x1ce236ac96027624
52,com_deleted_6,8,0,0,0,0,default_table,b,b,,,36,0x1ce236ac96027624
52,com_deleted_6,9,0,0,0,0,default_table,b,b,,,36,0x1ce236ac96027624
52,com_deleted_6,10,0,0,0,0,default_table,b,b,,,36,0x1ce236ac96027624
52,com_deleted_6,11,0,0,0,0,default_table,b,b,,,36,0x1ce236ac96027624
52,com_deleted_6,12,0,0,0,0,default_table,b,b,,,36,0x1ce236ac96027624
52,com_deleted_6,13,0,0,0,0,default_table,b,b,,,36,0x1ce236ac96027624
52,com_deleted_6,14,0,0,0,0,default_table,b,b,,,36,0x1ce236ac96027624
52,com_deleted_6,15,0,0,0,0,default_table,b,b,,,36,0x1ce236ac96027624
52,com_deleted_6,16,0,0,0,0,default_table,b,b,,,36,0x1ce236ac96027624
52,com_deleted_6,17,0,0,0,0,default_table,b,b,,,36,0x1ce236ac96027624
52,com_deleted_6,18,0,0,0,0,default_table,b,b,,,36,0x1ce236ac96027624
52,com_deleted_6,19,0,0,0,0,default_table,b,b,,,36,0x1ce236ac96027624
52,com_deleted_6,20,0,0,0,0,default_table,b,b,,,36,0x1ce236ac96027624
52,com_deleted_6,21,0,0,0,0,default_table,b,b,,,36,0x1ce236ac96027624
52,com_deleted_6,22,0,0,0,0,default_table,b,b,,,36,0x1ce236ac96027624
52,com_deleted_6,23,0,0,0,0,default_table,b,b,,,36,0x1ce236ac96027624
52,com_deleted_6,24,0,0,0,0,default_table,b,b,,,36,0x1ce236ac96027624
52,com_deleted_6,25,0,0,0,0,default_table,b,b,,,36,0x1ce236ac96027624
52,com_deleted_6,26,0,0,0,0,default_table,b,b,,,36,0x1ce236ac96027624
52,com_deleted_6,27,0,0,0,0,default_table,b,b,,,36,0x1ce236ac96027624
52,com_deleted_6,28,0,0,0,0,default_table,b,b,,,36,0x1ce236ac96027624
52,com_deleted_6,29,0,0,0,0,default_table,b,b,,,36,0x1ce236ac96027624
52,com_deleted_6,30,0,0,0,0,default_table,b,b,,,36,0x1ce236ac96027624
52,com_deleted_6,31,0,0,0,0,default_table,b,b,,,36,0x1ce236ac96027624
52,com_deleted_6,32,0,0,0,0,default_table,b,b,,,36,0x1ce236ac96027624
52,com_deleted_6,33,0,0,0,0,default_table,b,b,,,36,0x1ce236ac96027624
52,com_deleted_6,34,0,0,0,0,default_table,b,b,,,36,0x1ce236ac96027624
52,com_deleted_6,35,0,0,0,0,default_table,b,b,,,36,0x1ce236ac96027624
52,com_deleted_6,36,0,0,0,0,default_table,b,b,,,36,0x1ce236ac96027624
52,com_deleted_6,37,0,0,0,0,default_table,b,b,,,36,0x1ce236ac96027624
52,com_deleted_6,38,0,0,0,0,default_table,b,b,,,36,0x1ce236ac96027624
52,com_deleted_6,39,0,0,0,0,default_table,b,b,,,36,0x1ce236ac96027624
52,com_deleted_6,40,0,0,0,0,default_table,b,b,,,36,0x1ce236ac96027624
52,com_deleted_6,41,0,0,0,0,default_table,b,b,,,36,0x1ce236ac96027624
52,com_deleted_6,42,0,0,0,0,default_table,b,b,,,36,0x1ce236ac96027624
52,com_deleted_6,43,0,0,0,0,default_table,b,b,,,36,0x1ce236ac96027624
52,com_deleted_6,44,0,0,0,0,default_table,b,b,,,36,0x1ce236ac96027624
52,com_deleted_6,45,0,0,0,0,default_table,b,b,,,36,0x1ce236ac96027624
52,com_deleted_6,46,0,0,0,0,default_table,b,b,,,36,0x1ce236ac96027624
52,com_deleted_6,47,0,0,0,0,default_table,b,b,,,36,0x1ce236ac96027624
52,com_deleted_6,48,0,0,0,0,default_table,b,b,,,36,0x1ce236ac96027624
52,com_deleted_6,49,0,0,0,0,default_table,b,b,,,36,0x1ce236ac96027624
52,com_deleted_6,50,0,0,0,0,default_table,b,b,,,36,0x1ce236ac96027624
52,com_deleted_6,51,0,0,0,0,default_table,b,b,,,36,0x1ce236ac96027624
52,com_deleted_6,52,0,0,0,0,default_table,b,b,,,36,0x1ce236ac96027624
52,com_deleted_6,53,0,0,0,0,default_table,b,b,,,36,0x1ce236ac96027624
52,com_deleted_6,54,0,0,0,0,default_table,b,b,,,36,0x1ce236ac96027624
52,com_deleted_6,55,0,0,0,0,default_table,b,b,,,36,0x1ce236ac96027624
52,com_deleted_6,56,0,0,0,0,default_table,b,b,,,36,0x1ce236ac96027624
52,com_deleted_6,57,0,0,0,0,default_table,b,b,,,36,0x1ce236ac96027624
52,com_deleted_6,58,0,0,0,0,default_table,b,b,,,36,0x1ce236ac96027624
52,com_deleted_6,59,0,0,0,0,default_table,b,b,,,36,0x1ce236ac96027624
52,com_deleted_6,60,0,0,0,0,default_table,b,b,,,36,0x1ce236ac96027624
52,com_deleted_6,61,0,0,0,0,default_table,b,b,,,36,0x1ce236ac96027624
52,com_deleted_6,62,0,0,0,0,default_table,b,b,,,36,0x1ce236ac96027624
52,com_deleted_6,63,0,0,0,0,default_table,b,b,,,36,0x1ce236ac96027624
52,com_deleted_6,64,0,0,0,0,default_table,b,b,,,36,0x1ce236ac96027624
53,com_deleted_4,1,0,0,0,0,default_table,b,b,,,126,0xa34e78db3bd3897e
53,com_deleted_4,2,0,0,0,0,default_table,b,b,,,126,0xa34e78db3bd3897e
53,com_deleted_4,3,0,0,0,0,default_table,b,b,,,126,0xa34e78db3bd3897e
53,com_deleted_4,4,0,0,0,0,default_table,b,b,,,126,0xa34e78db3bd3897e
53,com_deleted_4,5,0,0,0,0,default_table,b,b,,,126,0xa34e78db3bd3897e
53,com_deleted_4,6,0,0,0,0,default_table,b,b,,,126,0xa34e78db3bd3897e
53,com_deleted_4,7,0,0,0,0,default_table,b,b,,,126,0xa34e78db3bd3897e
53,com_deleted_4,8,0,0,0,0,default_table,b,b,,,126,0xa34e78db3bd3897e
53,com_deleted_4,9,0,0,0,0,default_table,b,b,,,126,0xa34e78db3bd3897e
53,com_deleted_4,10,0,0,0,0,default_table,b,b,,,126,0xa34e78db3bd3897e
53,com_deleted_4,11,0,0,0,0,default_table,b,b,,,126,0xa34e78db3bd3897e
53,com_deleted_4,12,0,0,0,0,default_table,b,b,,,126,0xa34e78db3bd3897e
53,com_deleted_4,13,0,0,0,0,default_table,b,b,,,126,0xa34e78db3bd3897e
53,com_deleted_4,14,0,0,0,0,default_table,b,b,,,126,0xa34e78db3bd3897e
53,com_deleted_4,15,0,0,0,0,default_table,b,b,,,126,0xa34e78db3bd3897e
53,com_deleted_4,16,0,0,0,0,default_table,b,b,,,126,0xa34e78db3bd3897e
53,com_deleted_4,17,0,0,0,0,default_table,b,b,,,126,0xa34e78db3bd3897e
53,com_deleted_4,18,0,0,0,0,default_table,b,b,,,126,0xa34e78db3bd3897e
53,com_deleted_4,19,0,0,0,0,default_table,b,b,,,126,0xa34e78db3bd3897e
53,com_deleted_4,20,0,0,0,0,default_table,b,b,,,126,0xa34e78db3bd3897e
53,com_deleted_4,21,0,0,0,0,default_table,b,b,,,126,0xa34e78db3bd3897e
53,com_deleted_4,22,0,0,0,0,default_table,b,b,,,126,0xa34e78db3bd3897e
53,com_deleted_4,23,0,0,0,0,default_table,b,b,,,126,0xa34e78db3bd3897e
53,com_deleted_4,24,0,0,0,0,default_table,b,b,,,126,0xa34e78db3bd3897e
53,com_deleted_4,25,0,0,0,0,default_table,b,b,,,126,0xa34e78db3bd3897e
53,com_deleted_4,26,0,0,0,0,default_table,b,b,,,126,0xa34e78db3bd3897e
53,com_deleted_4,27,0,0,0,0,default_table,b,b,,,126,0xa34e78db3bd3897e
53,com_deleted_4,28,0,0,0,0,default_table,b,b,,,126,0xa34e78db3bd3897e
53,com_deleted_4,29,0,0,0,0,default_table,b,b,,,126,0xa34e78db3bd3897e
53,com_deleted_4,30,0,0,0,0,default_table,b,b,,,126,0xa34e78db3bd3897e
53,com_deleted_4,31,0,0,0,0,default_table,b,b,,,126,0xa34e78db3bd3897e
53,com_deleted_4,32,0,0,0,0,default_table,b,b,,,126,0xa34e78db3bd3897e
53,com_deleted_4,33,0,0,0,0,default_table,b,b,,,126,0xa34e78db3bd3897e
53,com_deleted_4,34,0,0,0,0,default_table,b,b,,,126,0xa34e78db3bd3897e
53,com_deleted_4,35,0,0,0,0,default_table,b,b,,,126,0xa34e78db3bd3897e
53,com_deleted_4,36,0,0,0,0,default_table,b,b,,,126,0xa34e78db3bd3897e
53,com_deleted_4,37,0,0,0,0,default_table,b,b,,,126,0xa34e78db3bd3897e
53,com_deleted_4,38,0,0,0,0,default_table,b,b,,,126,0xa34e78db3bd3897e
53,com_deleted_4,39,0,0,0,0,default_table,b,b,,,126,0xa34e78db3bd3897e
53,com_deleted_4,40,0,0,0,0,default_table,b,b,,,126,0xa34e78db3bd3897e
53,com_deleted_4,41,0,0,0,0,default_table,b,b,,,126,0xa34e78db3bd3897e
53,com_deleted_4,42,0,0,0,0,default_table,b,b,,,126,0xa34e78db3bd3897e
53,com_deleted_4,43,0,0,0,0,default_table,b,b,,,126,0xa34e78db3bd3897e
53,com_deleted_4,44,0,0,0,0,default_table,b,b,,,126,0xa34e78db3bd3897e
53,com_deleted_4,45,0,0,0,0,default_table,b,b,,,126,0xa34e78db3bd3897e
53,com_deleted_4,46,0,0,0,0,default_table,b,b,,,126,0xa34e78db3bd3897e
53,com_deleted_4,47,0,0,0,0,default_table,b,b,,,126,0xa34e78db3bd3897e
53,com_deleted_4,48,0,0,0,0,default_table,b,b,,,126,0xa34e78db3bd3897e
53,com_deleted_4,49,0,0,0,0,default_table,b,b,,,126,0xa34e78db3bd3897e
53,com_deleted_4,50,0,0,0,0,default_table,b,b,,,126,0xa34e78db3bd3897e
53,com_deleted_4,51,0,0,0,0,default_table,b,b,,,126,0xa34e78db3bd3897e
53,com_deleted_4,52,0,0,0,0,default_table,b,b,,,126,0xa34e78db3bd3897e
53,com_deleted_4,53,0,0,0,0,default_table,b,b,,,126,0xa34e78db3bd3897e
53,com_deleted_4,54,0,0,0,0,default_table,b,b,,,126,0xa34e78db3bd3897e
53,com_deleted_4,55,0,0,0,0,default_table,b,b,,,126,0xa34e78db3bd3897e
53,com_deleted_4,56,0,0,0,0,default_table,b,b,,,126,0xa34e78db3bd3897e
53,com_deleted_4,57,0,0,0,0,default_table,b,b,,,126,0xa34e78db3bd3897e
53,com_deleted_4,58,0,0,0,0,default_table,b,b,,,126,0xa34e78db3bd3897e
53,com_deleted_4,59,0,0,0,0,default_table,b,b,,,126,0xa34e78db3bd3897e
53,com_deleted_4,60,0,0,0,0,default_table,b,b,,,126,0xa34e78db3bd3897e
53,com_deleted_4,61,0,0,0,0,default_table,b,b,,,126,0xa34e78db3bd3897e
53,com_deleted_4,62,0,0,0,0,default_table,b,b,,,126,0xa34e78db3bd3897e
53,com_deleted_4,63,0,0,0,0,default_table,b,b,,,126,0xa34e78db3bd3897e
53,com_deleted_4,64,0,0,0,0,default_table,b,b,,,126,0xa34e78db3bd3897e
54,com_load_port,1,1,5,,,level_override_allowed,component wrapper assertion; calculated_gate required,component wrapper assertion; instance fields required,component.calculated_gate (+0x118),component.calculated_delay (+0x120),8,0x73c658a802b37b08
54,com_load_port,2,1,5,,,level_override_allowed,component wrapper assertion; calculated_gate required,component wrapper assertion; instance fields required,component.calculated_gate (+0x118),component.calculated_delay (+0x120),8,0x73c658a802b37b08
54,com_load_port,3,1,5,,,level_override_allowed,component wrapper assertion; calculated_gate required,component wrapper assertion; instance fields required,component.calculated_gate (+0x118),component.calculated_delay (+0x120),8,0x73c658a802b37b08
54,com_load_port,4,1,5,,,level_override_allowed,component wrapper assertion; calculated_gate required,component wrapper assertion; instance fields required,component.calculated_gate (+0x118),component.calculated_delay (+0x120),8,0x73c658a802b37b08
54,com_load_port,5,1,5,,,level_override_allowed,component wrapper assertion; calculated_gate required,component wrapper assertion; instance fields required,component.calculated_gate (+0x118),component.calculated_delay (+0x120),8,0x73c658a802b37b08
54,com_load_port,6,1,5,,,level_override_allowed,component wrapper assertion; calculated_gate required,component wrapper assertion; instance fields required,component.calculated_gate (+0x118),component.calculated_delay (+0x120),8,0x73c658a802b37b08
54,com_load_port,7,1,5,,,level_override_allowed,component wrapper assertion; calculated_gate required,component wrapper assertion; instance fields required,component.calculated_gate (+0x118),component.calculated_delay (+0x120),8,0x73c658a802b37b08
54,com_load_port,8,1,5,,,level_override_allowed,component wrapper assertion; calculated_gate required,component wrapper assertion; instance fields required,component.calculated_gate (+0x118),component.calculated_delay (+0x120),8,0x73c658a802b37b08
54,com_load_port,9,1,5,,,level_override_allowed,component wrapper assertion; calculated_gate required,component wrapper assertion; instance fields required,component.calculated_gate (+0x118),component.calculated_delay (+0x120),8,0x73c658a802b37b08
54,com_load_port,10,1,5,,,level_override_allowed,component wrapper assertion; calculated_gate required,component wrapper assertion; instance fields required,component.calculated_gate (+0x118),component.calculated_delay (+0x120),8,0x73c658a802b37b08
54,com_load_port,11,1,5,,,level_override_allowed,component wrapper assertion; calculated_gate required,component wrapper assertion; instance fields required,component.calculated_gate (+0x118),component.calculated_delay (+0x120),8,0x73c658a802b37b08
54,com_load_port,12,1,5,,,level_override_allowed,component wrapper assertion; calculated_gate required,component wrapper assertion; instance fields required,component.calculated_gate (+0x118),component.calculated_delay (+0x120),8,0x73c658a802b37b08
54,com_load_port,13,1,5,,,level_override_allowed,component wrapper assertion; calculated_gate required,component wrapper assertion; instance fields required,component.calculated_gate (+0x118),component.calculated_delay (+0x120),8,0x73c658a802b37b08
54,com_load_port,14,1,5,,,level_override_allowed,component wrapper assertion; calculated_gate required,component wrapper assertion; instance fields required,component.calculated_gate (+0x118),component.calculated_delay (+0x120),8,0x73c658a802b37b08
54,com_load_port,15,1,5,,,level_override_allowed,component wrapper assertion; calculated_gate required,component wrapper assertion; instance fields required,component.calculated_gate (+0x118),component.calculated_delay (+0x120),8,0x73c658a802b37b08
54,com_load_port,16,1,5,,,level_override_allowed,component wrapper assertion; calculated_gate required,component wrapper assertion; instance fields required,component.calculated_gate (+0x118),component.calculated_delay (+0x120),8,0x73c658a802b37b08
54,com_load_port,17,1,5,,,level_override_allowed,component wrapper assertion; calculated_gate required,component wrapper assertion; instance fields required,component.calculated_gate (+0x118),component.calculated_delay (+0x120),8,0x73c658a802b37b08
54,com_load_port,18,1,5,,,level_override_allowed,component wrapper assertion; calculated_gate required,component wrapper assertion; instance fields required,component.calculated_gate (+0x118),component.calculated_delay (+0x120),8,0x73c658a802b37b08
54,com_load_port,19,1,5,,,level_override_allowed,component wrapper assertion; calculated_gate required,component wrapper assertion; instance fields required,component.calculated_gate (+0x118),component.calculated_delay (+0x120),8,0x73c658a802b37b08
54,com_load_port,20,1,5,,,level_override_allowed,component wrapper assertion; calculated_gate required,component wrapper assertion; instance fields required,component.calculated_gate (+0x118),component.calculated_delay (+0x120),8,0x73c658a802b37b08
54,com_load_port,21,1,5,,,level_override_allowed,component wrapper assertion; calculated_gate required,component wrapper assertion; instance fields required,component.calculated_gate (+0x118),component.calculated_delay (+0x120),8,0x73c658a802b37b08
54,com_load_port,22,1,5,,,level_override_allowed,component wrapper assertion; calculated_gate required,component wrapper assertion; instance fields required,component.calculated_gate (+0x118),component.calculated_delay (+0x120),8,0x73c658a802b37b08
54,com_load_port,23,1,5,,,level_override_allowed,component wrapper assertion; calculated_gate required,component wrapper assertion; instance fields required,component.calculated_gate (+0x118),component.calculated_delay (+0x120),8,0x73c658a802b37b08
54,com_load_port,24,1,5,,,level_override_allowed,component wrapper assertion; calculated_gate required,component wrapper assertion; instance fields required,component.calculated_gate (+0x118),component.calculated_delay (+0x120),8,0x73c658a802b37b08
54,com_load_port,25,1,5,,,level_override_allowed,component wrapper assertion; calculated_gate required,component wrapper assertion; instance fields required,component.calculated_gate (+0x118),component.calculated_delay (+0x120),8,0x73c658a802b37b08
54,com_load_port,26,1,5,,,level_override_allowed,component wrapper assertion; calculated_gate required,component wrapper assertion; instance fields required,component.calculated_gate (+0x118),component.calculated_delay (+0x120),8,0x73c658a802b37b08
54,com_load_port,27,1,5,,,level_override_allowed,component wrapper assertion; calculated_gate required,component wrapper assertion; instance fields required,component.calculated_gate (+0x118),component.calculated_delay (+0x120),8,0x73c658a802b37b08
54,com_load_port,28,1,5,,,level_override_allowed,component wrapper assertion; calculated_gate required,component wrapper assertion; instance fields required,component.calculated_gate (+0x118),component.calculated_delay (+0x120),8,0x73c658a802b37b08
54,com_load_port,29,1,5,,,level_override_allowed,component wrapper assertion; calculated_gate required,component wrapper assertion; instance fields required,component.calculated_gate (+0x118),component.calculated_delay (+0x120),8,0x73c658a802b37b08
54,com_load_port,30,1,5,,,level_override_allowed,component wrapper assertion; calculated_gate required,component wrapper assertion; instance fields required,component.calculated_gate (+0x118),component.calculated_delay (+0x120),8,0x73c658a802b37b08
54,com_load_port,31,1,5,,,level_override_allowed,component wrapper assertion; calculated_gate required,component wrapper assertion; instance fields required,component.calculated_gate (+0x118),component.calculated_delay (+0x120),8,0x73c658a802b37b08
54,com_load_port,32,1,5,,,level_override_allowed,component wrapper assertion; calculated_gate required,component wrapper assertion; instance fields required,component.calculated_gate (+0x118),component.calculated_delay (+0x120),8,0x73c658a802b37b08
54,com_load_port,33,1,5,,,level_override_allowed,component wrapper assertion; calculated_gate required,component wrapper assertion; instance fields required,component.calculated_gate (+0x118),component.calculated_delay (+0x120),8,0x73c658a802b37b08
54,com_load_port,34,1,5,,,level_override_allowed,component wrapper assertion; calculated_gate required,component wrapper assertion; instance fields required,component.calculated_gate (+0x118),component.calculated_delay (+0x120),8,0x73c658a802b37b08
54,com_load_port,35,1,5,,,level_override_allowed,component wrapper assertion; calculated_gate required,component wrapper assertion; instance fields required,component.calculated_gate (+0x118),component.calculated_delay (+0x120),8,0x73c658a802b37b08
54,com_load_port,36,1,5,,,level_override_allowed,component wrapper assertion; calculated_gate required,component wrapper assertion; instance fields required,component.calculated_gate (+0x118),component.calculated_delay (+0x120),8,0x73c658a802b37b08
54,com_load_port,37,1,5,,,level_override_allowed,component wrapper assertion; calculated_gate required,component wrapper assertion; instance fields required,component.calculated_gate (+0x118),component.calculated_delay (+0x120),8,0x73c658a802b37b08
54,com_load_port,38,1,5,,,level_override_allowed,component wrapper assertion; calculated_gate required,component wrapper assertion; instance fields required,component.calculated_gate (+0x118),component.calculated_delay (+0x120),8,0x73c658a802b37b08
54,com_load_port,39,1,5,,,level_override_allowed,component wrapper assertion; calculated_gate required,component wrapper assertion; instance fields required,component.calculated_gate (+0x118),component.calculated_delay (+0x120),8,0x73c658a802b37b08
54,com_load_port,40,1,5,,,level_override_allowed,component wrapper assertion; calculated_gate required,component wrapper assertion; instance fields required,component.calculated_gate (+0x118),component.calculated_delay (+0x120),8,0x73c658a802b37b08
54,com_load_port,41,1,5,,,level_override_allowed,component wrapper assertion; calculated_gate required,component wrapper assertion; instance fields required,component.calculated_gate (+0x118),component.calculated_delay (+0x120),8,0x73c658a802b37b08
54,com_load_port,42,1,5,,,level_override_allowed,component wrapper assertion; calculated_gate required,component wrapper assertion; instance fields required,component.calculated_gate (+0x118),component.calculated_delay (+0x120),8,0x73c658a802b37b08
54,com_load_port,43,1,5,,,level_override_allowed,component wrapper assertion; calculated_gate required,component wrapper assertion; instance fields required,component.calculated_gate (+0x118),component.calculated_delay (+0x120),8,0x73c658a802b37b08
54,com_load_port,44,1,5,,,level_override_allowed,component wrapper assertion; calculated_gate required,component wrapper assertion; instance fields required,component.calculated_gate (+0x118),component.calculated_delay (+0x120),8,0x73c658a802b37b08
54,com_load_port,45,1,5,,,level_override_allowed,component wrapper assertion; calculated_gate required,component wrapper assertion; instance fields required,component.calculated_gate (+0x118),component.calculated_delay (+0x120),8,0x73c658a802b37b08
54,com_load_port,46,1,5,,,level_override_allowed,component wrapper assertion; calculated_gate required,component wrapper assertion; instance fields required,component.calculated_gate (+0x118),component.calculated_delay (+0x120),8,0x73c658a802b37b08
54,com_load_port,47,1,5,,,level_override_allowed,component wrapper assertion; calculated_gate required,component wrapper assertion; instance fields required,component.calculated_gate (+0x118),component.calculated_delay (+0x120),8,0x73c658a802b37b08
54,com_load_port,48,1,5,,,level_override_allowed,component wrapper assertion; calculated_gate required,component wrapper assertion; instance fields required,component.calculated_gate (+0x118),component.calculated_delay (+0x120),8,0x73c658a802b37b08
54,com_load_port,49,1,5,,,level_override_allowed,component wrapper assertion; calculated_gate required,component wrapper assertion; instance fields required,component.calculated_gate (+0x118),component.calculated_delay (+0x120),8,0x73c658a802b37b08
54,com_load_port,50,1,5,,,level_override_allowed,component wrapper assertion; calculated_gate required,component wrapper assertion; instance fields required,component.calculated_gate (+0x118),component.calculated_delay (+0x120),8,0x73c658a802b37b08
54,com_load_port,51,1,5,,,level_override_allowed,component wrapper assertion; calculated_gate required,component wrapper assertion; instance fields required,component.calculated_gate (+0x118),component.calculated_delay (+0x120),8,0x73c658a802b37b08
54,com_load_port,52,1,5,,,level_override_allowed,component wrapper assertion; calculated_gate required,component wrapper assertion; instance fields required,component.calculated_gate (+0x118),component.calculated_delay (+0x120),8,0x73c658a802b37b08
54,com_load_port,53,1,5,,,level_override_allowed,component wrapper assertion; calculated_gate required,component wrapper assertion; instance fields required,component.calculated_gate (+0x118),component.calculated_delay (+0x120),8,0x73c658a802b37b08
54,com_load_port,54,1,5,,,level_override_allowed,component wrapper assertion; calculated_gate required,component wrapper assertion; instance fields required,component.calculated_gate (+0x118),component.calculated_delay (+0x120),8,0x73c658a802b37b08
54,com_load_port,55,1,5,,,level_override_allowed,component wrapper assertion; calculated_gate required,component wrapper assertion; instance fields required,component.calculated_gate (+0x118),component.calculated_delay (+0x120),8,0x73c658a802b37b08
54,com_load_port,56,1,5,,,level_override_allowed,component wrapper assertion; calculated_gate required,component wrapper assertion; instance fields required,component.calculated_gate (+0x118),component.calculated_delay (+0x120),8,0x73c658a802b37b08
54,com_load_port,57,1,5,,,level_override_allowed,component wrapper assertion; calculated_gate required,component wrapper assertion; instance fields required,component.calculated_gate (+0x118),component.calculated_delay (+0x120),8,0x73c658a802b37b08
54,com_load_port,58,1,5,,,level_override_allowed,component wrapper assertion; calculated_gate required,component wrapper assertion; instance fields required,component.calculated_gate (+0x118),component.calculated_delay (+0x120),8,0x73c658a802b37b08
54,com_load_port,59,1,5,,,level_override_allowed,component wrapper assertion; calculated_gate required,component wrapper assertion; instance fields required,component.calculated_gate (+0x118),component.calculated_delay (+0x120),8,0x73c658a802b37b08
54,com_load_port,60,1,5,,,level_override_allowed,component wrapper assertion; calculated_gate required,component wrapper assertion; instance fields required,component.calculated_gate (+0x118),component.calculated_delay (+0x120),8,0x73c658a802b37b08
54,com_load_port,61,1,5,,,level_override_allowed,component wrapper assertion; calculated_gate required,component wrapper assertion; instance fields required,component.calculated_gate (+0x118),component.calculated_delay (+0x120),8,0x73c658a802b37b08
54,com_load_port,62,1,5,,,level_override_allowed,component wrapper assertion; calculated_gate required,component wrapper assertion; instance fields required,component.calculated_gate (+0x118),component.calculated_delay (+0x120),8,0x73c658a802b37b08
54,com_load_port,63,1,5,,,level_override_allowed,component wrapper assertion; calculated_gate required,component wrapper assertion; instance fields required,component.calculated_gate (+0x118),component.calculated_delay (+0x120),8,0x73c658a802b37b08
54,com_load_port,64,1,5,,,level_override_allowed,component wrapper assertion; calculated_gate required,component wrapper assertion; instance fields required,component.calculated_gate (+0x118),component.calculated_delay (+0x120),8,0x73c658a802b37b08
55,com_delay_line_word,1,40,4,5,4,level_override_allowed,5*w,b,,,76,0xfe44ac35bc926d4c
55,com_delay_line_word,2,40,4,10,4,level_override_allowed,5*w,b,,,76,0xfe44ac35bc926d4c
55,com_delay_line_word,3,40,4,15,4,level_override_allowed,5*w,b,,,76,0xfe44ac35bc926d4c
55,com_delay_line_word,4,40,4,20,4,level_override_allowed,5*w,b,,,76,0xfe44ac35bc926d4c
55,com_delay_line_word,5,40,4,25,4,level_override_allowed,5*w,b,,,76,0xfe44ac35bc926d4c
55,com_delay_line_word,6,40,4,30,4,level_override_allowed,5*w,b,,,76,0xfe44ac35bc926d4c
55,com_delay_line_word,7,40,4,35,4,level_override_allowed,5*w,b,,,76,0xfe44ac35bc926d4c
55,com_delay_line_word,8,40,4,40,4,level_override_allowed,5*w,b,,,76,0xfe44ac35bc926d4c
55,com_delay_line_word,9,40,4,45,4,level_override_allowed,5*w,b,,,76,0xfe44ac35bc926d4c
55,com_delay_line_word,10,40,4,50,4,level_override_allowed,5*w,b,,,76,0xfe44ac35bc926d4c
55,com_delay_line_word,11,40,4,55,4,level_override_allowed,5*w,b,,,76,0xfe44ac35bc926d4c
55,com_delay_line_word,12,40,4,60,4,level_override_allowed,5*w,b,,,76,0xfe44ac35bc926d4c
55,com_delay_line_word,13,40,4,65,4,level_override_allowed,5*w,b,,,76,0xfe44ac35bc926d4c
55,com_delay_line_word,14,40,4,70,4,level_override_allowed,5*w,b,,,76,0xfe44ac35bc926d4c
55,com_delay_line_word,15,40,4,75,4,level_override_allowed,5*w,b,,,76,0xfe44ac35bc926d4c
55,com_delay_line_word,16,40,4,80,4,level_override_allowed,5*w,b,,,76,0xfe44ac35bc926d4c
55,com_delay_line_word,17,40,4,85,4,level_override_allowed,5*w,b,,,76,0xfe44ac35bc926d4c
55,com_delay_line_word,18,40,4,90,4,level_override_allowed,5*w,b,,,76,0xfe44ac35bc926d4c
55,com_delay_line_word,19,40,4,95,4,level_override_allowed,5*w,b,,,76,0xfe44ac35bc926d4c
55,com_delay_line_word,20,40,4,100,4,level_override_allowed,5*w,b,,,76,0xfe44ac35bc926d4c
55,com_delay_line_word,21,40,4,105,4,level_override_allowed,5*w,b,,,76,0xfe44ac35bc926d4c
55,com_delay_line_word,22,40,4,110,4,level_override_allowed,5*w,b,,,76,0xfe44ac35bc926d4c
55,com_delay_line_word,23,40,4,115,4,level_override_allowed,5*w,b,,,76,0xfe44ac35bc926d4c
55,com_delay_line_word,24,40,4,120,4,level_override_allowed,5*w,b,,,76,0xfe44ac35bc926d4c
55,com_delay_line_word,25,40,4,125,4,level_override_allowed,5*w,b,,,76,0xfe44ac35bc926d4c
55,com_delay_line_word,26,40,4,130,4,level_override_allowed,5*w,b,,,76,0xfe44ac35bc926d4c
55,com_delay_line_word,27,40,4,135,4,level_override_allowed,5*w,b,,,76,0xfe44ac35bc926d4c
55,com_delay_line_word,28,40,4,140,4,level_override_allowed,5*w,b,,,76,0xfe44ac35bc926d4c
55,com_delay_line_word,29,40,4,145,4,level_override_allowed,5*w,b,,,76,0xfe44ac35bc926d4c
55,com_delay_line_word,30,40,4,150,4,level_override_allowed,5*w,b,,,76,0xfe44ac35bc926d4c
55,com_delay_line_word,31,40,4,155,4,level_override_allowed,5*w,b,,,76,0xfe44ac35bc926d4c
55,com_delay_line_word,32,40,4,160,4,level_override_allowed,5*w,b,,,76,0xfe44ac35bc926d4c
55,com_delay_line_word,33,40,4,165,4,level_override_allowed,5*w,b,,,76,0xfe44ac35bc926d4c
55,com_delay_line_word,34,40,4,170,4,level_override_allowed,5*w,b,,,76,0xfe44ac35bc926d4c
55,com_delay_line_word,35,40,4,175,4,level_override_allowed,5*w,b,,,76,0xfe44ac35bc926d4c
55,com_delay_line_word,36,40,4,180,4,level_override_allowed,5*w,b,,,76,0xfe44ac35bc926d4c
55,com_delay_line_word,37,40,4,185,4,level_override_allowed,5*w,b,,,76,0xfe44ac35bc926d4c
55,com_delay_line_word,38,40,4,190,4,level_override_allowed,5*w,b,,,76,0xfe44ac35bc926d4c
55,com_delay_line_word,39,40,4,195,4,level_override_allowed,5*w,b,,,76,0xfe44ac35bc926d4c
55,com_delay_line_word,40,40,4,200,4,level_override_allowed,5*w,b,,,76,0xfe44ac35bc926d4c
55,com_delay_line_word,41,40,4,205,4,level_override_allowed,5*w,b,,,76,0xfe44ac35bc926d4c
55,com_delay_line_word,42,40,4,210,4,level_override_allowed,5*w,b,,,76,0xfe44ac35bc926d4c
55,com_delay_line_word,43,40,4,215,4,level_override_allowed,5*w,b,,,76,0xfe44ac35bc926d4c
55,com_delay_line_word,44,40,4,220,4,level_override_allowed,5*w,b,,,76,0xfe44ac35bc926d4c
55,com_delay_line_word,45,40,4,225,4,level_override_allowed,5*w,b,,,76,0xfe44ac35bc926d4c
55,com_delay_line_word,46,40,4,230,4,level_override_allowed,5*w,b,,,76,0xfe44ac35bc926d4c
55,com_delay_line_word,47,40,4,235,4,level_override_allowed,5*w,b,,,76,0xfe44ac35bc926d4c
55,com_delay_line_word,48,40,4,240,4,level_override_allowed,5*w,b,,,76,0xfe44ac35bc926d4c
55,com_delay_line_word,49,40,4,245,4,level_override_allowed,5*w,b,,,76,0xfe44ac35bc926d4c
55,com_delay_line_word,50,40,4,250,4,level_override_allowed,5*w,b,,,76,0xfe44ac35bc926d4c
55,com_delay_line_word,51,40,4,255,4,level_override_allowed,5*w,b,,,76,0xfe44ac35bc926d4c
55,com_delay_line_word,52,40,4,260,4,level_override_allowed,5*w,b,,,76,0xfe44ac35bc926d4c
55,com_delay_line_word,53,40,4,265,4,level_override_allowed,5*w,b,,,76,0xfe44ac35bc926d4c
55,com_delay_line_word,54,40,4,270,4,level_override_allowed,5*w,b,,,76,0xfe44ac35bc926d4c
55,com_delay_line_word,55,40,4,275,4,level_override_allowed,5*w,b,,,76,0xfe44ac35bc926d4c
55,com_delay_line_word,56,40,4,280,4,level_override_allowed,5*w,b,,,76,0xfe44ac35bc926d4c
55,com_delay_line_word,57,40,4,285,4,level_override_allowed,5*w,b,,,76,0xfe44ac35bc926d4c
55,com_delay_line_word,58,40,4,290,4,level_override_allowed,5*w,b,,,76,0xfe44ac35bc926d4c
55,com_delay_line_word,59,40,4,295,4,level_override_allowed,5*w,b,,,76,0xfe44ac35bc926d4c
55,com_delay_line_word,60,40,4,300,4,level_override_allowed,5*w,b,,,76,0xfe44ac35bc926d4c
55,com_delay_line_word,61,40,4,305,4,level_override_allowed,5*w,b,,,76,0xfe44ac35bc926d4c
55,com_delay_line_word,62,40,4,310,4,level_override_allowed,5*w,b,,,76,0xfe44ac35bc926d4c
55,com_delay_line_word,63,40,4,315,4,level_override_allowed,5*w,b,,,76,0xfe44ac35bc926d4c
55,com_delay_line_word,64,40,4,320,4,level_override_allowed,5*w,b,,,76,0xfe44ac35bc926d4c
56,com_store_port,1,1,5,,,level_override_allowed,component wrapper assertion; calculated_gate required,component wrapper assertion; instance fields required,component.calculated_gate (+0x118),component.calculated_delay (+0x120),45,0x7a44fa4a5e3d2d2b
56,com_store_port,2,1,5,,,level_override_allowed,component wrapper assertion; calculated_gate required,component wrapper assertion; instance fields required,component.calculated_gate (+0x118),component.calculated_delay (+0x120),45,0x7a44fa4a5e3d2d2b
56,com_store_port,3,1,5,,,level_override_allowed,component wrapper assertion; calculated_gate required,component wrapper assertion; instance fields required,component.calculated_gate (+0x118),component.calculated_delay (+0x120),45,0x7a44fa4a5e3d2d2b
56,com_store_port,4,1,5,,,level_override_allowed,component wrapper assertion; calculated_gate required,component wrapper assertion; instance fields required,component.calculated_gate (+0x118),component.calculated_delay (+0x120),45,0x7a44fa4a5e3d2d2b
56,com_store_port,5,1,5,,,level_override_allowed,component wrapper assertion; calculated_gate required,component wrapper assertion; instance fields required,component.calculated_gate (+0x118),component.calculated_delay (+0x120),45,0x7a44fa4a5e3d2d2b
56,com_store_port,6,1,5,,,level_override_allowed,component wrapper assertion; calculated_gate required,component wrapper assertion; instance fields required,component.calculated_gate (+0x118),component.calculated_delay (+0x120),45,0x7a44fa4a5e3d2d2b
56,com_store_port,7,1,5,,,level_override_allowed,component wrapper assertion; calculated_gate required,component wrapper assertion; instance fields required,component.calculated_gate (+0x118),component.calculated_delay (+0x120),45,0x7a44fa4a5e3d2d2b
56,com_store_port,8,1,5,,,level_override_allowed,component wrapper assertion; calculated_gate required,component wrapper assertion; instance fields required,component.calculated_gate (+0x118),component.calculated_delay (+0x120),45,0x7a44fa4a5e3d2d2b
56,com_store_port,9,1,5,,,level_override_allowed,component wrapper assertion; calculated_gate required,component wrapper assertion; instance fields required,component.calculated_gate (+0x118),component.calculated_delay (+0x120),45,0x7a44fa4a5e3d2d2b
56,com_store_port,10,1,5,,,level_override_allowed,component wrapper assertion; calculated_gate required,component wrapper assertion; instance fields required,component.calculated_gate (+0x118),component.calculated_delay (+0x120),45,0x7a44fa4a5e3d2d2b
56,com_store_port,11,1,5,,,level_override_allowed,component wrapper assertion; calculated_gate required,component wrapper assertion; instance fields required,component.calculated_gate (+0x118),component.calculated_delay (+0x120),45,0x7a44fa4a5e3d2d2b
56,com_store_port,12,1,5,,,level_override_allowed,component wrapper assertion; calculated_gate required,component wrapper assertion; instance fields required,component.calculated_gate (+0x118),component.calculated_delay (+0x120),45,0x7a44fa4a5e3d2d2b
56,com_store_port,13,1,5,,,level_override_allowed,component wrapper assertion; calculated_gate required,component wrapper assertion; instance fields required,component.calculated_gate (+0x118),component.calculated_delay (+0x120),45,0x7a44fa4a5e3d2d2b
56,com_store_port,14,1,5,,,level_override_allowed,component wrapper assertion; calculated_gate required,component wrapper assertion; instance fields required,component.calculated_gate (+0x118),component.calculated_delay (+0x120),45,0x7a44fa4a5e3d2d2b
56,com_store_port,15,1,5,,,level_override_allowed,component wrapper assertion; calculated_gate required,component wrapper assertion; instance fields required,component.calculated_gate (+0x118),component.calculated_delay (+0x120),45,0x7a44fa4a5e3d2d2b
56,com_store_port,16,1,5,,,level_override_allowed,component wrapper assertion; calculated_gate required,component wrapper assertion; instance fields required,component.calculated_gate (+0x118),component.calculated_delay (+0x120),45,0x7a44fa4a5e3d2d2b
56,com_store_port,17,1,5,,,level_override_allowed,component wrapper assertion; calculated_gate required,component wrapper assertion; instance fields required,component.calculated_gate (+0x118),component.calculated_delay (+0x120),45,0x7a44fa4a5e3d2d2b
56,com_store_port,18,1,5,,,level_override_allowed,component wrapper assertion; calculated_gate required,component wrapper assertion; instance fields required,component.calculated_gate (+0x118),component.calculated_delay (+0x120),45,0x7a44fa4a5e3d2d2b
56,com_store_port,19,1,5,,,level_override_allowed,component wrapper assertion; calculated_gate required,component wrapper assertion; instance fields required,component.calculated_gate (+0x118),component.calculated_delay (+0x120),45,0x7a44fa4a5e3d2d2b
56,com_store_port,20,1,5,,,level_override_allowed,component wrapper assertion; calculated_gate required,component wrapper assertion; instance fields required,component.calculated_gate (+0x118),component.calculated_delay (+0x120),45,0x7a44fa4a5e3d2d2b
56,com_store_port,21,1,5,,,level_override_allowed,component wrapper assertion; calculated_gate required,component wrapper assertion; instance fields required,component.calculated_gate (+0x118),component.calculated_delay (+0x120),45,0x7a44fa4a5e3d2d2b
56,com_store_port,22,1,5,,,level_override_allowed,component wrapper assertion; calculated_gate required,component wrapper assertion; instance fields required,component.calculated_gate (+0x118),component.calculated_delay (+0x120),45,0x7a44fa4a5e3d2d2b
56,com_store_port,23,1,5,,,level_override_allowed,component wrapper assertion; calculated_gate required,component wrapper assertion; instance fields required,component.calculated_gate (+0x118),component.calculated_delay (+0x120),45,0x7a44fa4a5e3d2d2b
56,com_store_port,24,1,5,,,level_override_allowed,component wrapper assertion; calculated_gate required,component wrapper assertion; instance fields required,component.calculated_gate (+0x118),component.calculated_delay (+0x120),45,0x7a44fa4a5e3d2d2b
56,com_store_port,25,1,5,,,level_override_allowed,component wrapper assertion; calculated_gate required,component wrapper assertion; instance fields required,component.calculated_gate (+0x118),component.calculated_delay (+0x120),45,0x7a44fa4a5e3d2d2b
56,com_store_port,26,1,5,,,level_override_allowed,component wrapper assertion; calculated_gate required,component wrapper assertion; instance fields required,component.calculated_gate (+0x118),component.calculated_delay (+0x120),45,0x7a44fa4a5e3d2d2b
56,com_store_port,27,1,5,,,level_override_allowed,component wrapper assertion; calculated_gate required,component wrapper assertion; instance fields required,component.calculated_gate (+0x118),component.calculated_delay (+0x120),45,0x7a44fa4a5e3d2d2b
56,com_store_port,28,1,5,,,level_override_allowed,component wrapper assertion; calculated_gate required,component wrapper assertion; instance fields required,component.calculated_gate (+0x118),component.calculated_delay (+0x120),45,0x7a44fa4a5e3d2d2b
56,com_store_port,29,1,5,,,level_override_allowed,component wrapper assertion; calculated_gate required,component wrapper assertion; instance fields required,component.calculated_gate (+0x118),component.calculated_delay (+0x120),45,0x7a44fa4a5e3d2d2b
56,com_store_port,30,1,5,,,level_override_allowed,component wrapper assertion; calculated_gate required,component wrapper assertion; instance fields required,component.calculated_gate (+0x118),component.calculated_delay (+0x120),45,0x7a44fa4a5e3d2d2b
56,com_store_port,31,1,5,,,level_override_allowed,component wrapper assertion; calculated_gate required,component wrapper assertion; instance fields required,component.calculated_gate (+0x118),component.calculated_delay (+0x120),45,0x7a44fa4a5e3d2d2b
56,com_store_port,32,1,5,,,level_override_allowed,component wrapper assertion; calculated_gate required,component wrapper assertion; instance fields required,component.calculated_gate (+0x118),component.calculated_delay (+0x120),45,0x7a44fa4a5e3d2d2b
56,com_store_port,33,1,5,,,level_override_allowed,component wrapper assertion; calculated_gate required,component wrapper assertion; instance fields required,component.calculated_gate (+0x118),component.calculated_delay (+0x120),45,0x7a44fa4a5e3d2d2b
56,com_store_port,34,1,5,,,level_override_allowed,component wrapper assertion; calculated_gate required,component wrapper assertion; instance fields required,component.calculated_gate (+0x118),component.calculated_delay (+0x120),45,0x7a44fa4a5e3d2d2b
56,com_store_port,35,1,5,,,level_override_allowed,component wrapper assertion; calculated_gate required,component wrapper assertion; instance fields required,component.calculated_gate (+0x118),component.calculated_delay (+0x120),45,0x7a44fa4a5e3d2d2b
56,com_store_port,36,1,5,,,level_override_allowed,component wrapper assertion; calculated_gate required,component wrapper assertion; instance fields required,component.calculated_gate (+0x118),component.calculated_delay (+0x120),45,0x7a44fa4a5e3d2d2b
56,com_store_port,37,1,5,,,level_override_allowed,component wrapper assertion; calculated_gate required,component wrapper assertion; instance fields required,component.calculated_gate (+0x118),component.calculated_delay (+0x120),45,0x7a44fa4a5e3d2d2b
56,com_store_port,38,1,5,,,level_override_allowed,component wrapper assertion; calculated_gate required,component wrapper assertion; instance fields required,component.calculated_gate (+0x118),component.calculated_delay (+0x120),45,0x7a44fa4a5e3d2d2b
56,com_store_port,39,1,5,,,level_override_allowed,component wrapper assertion; calculated_gate required,component wrapper assertion; instance fields required,component.calculated_gate (+0x118),component.calculated_delay (+0x120),45,0x7a44fa4a5e3d2d2b
56,com_store_port,40,1,5,,,level_override_allowed,component wrapper assertion; calculated_gate required,component wrapper assertion; instance fields required,component.calculated_gate (+0x118),component.calculated_delay (+0x120),45,0x7a44fa4a5e3d2d2b
56,com_store_port,41,1,5,,,level_override_allowed,component wrapper assertion; calculated_gate required,component wrapper assertion; instance fields required,component.calculated_gate (+0x118),component.calculated_delay (+0x120),45,0x7a44fa4a5e3d2d2b
56,com_store_port,42,1,5,,,level_override_allowed,component wrapper assertion; calculated_gate required,component wrapper assertion; instance fields required,component.calculated_gate (+0x118),component.calculated_delay (+0x120),45,0x7a44fa4a5e3d2d2b
56,com_store_port,43,1,5,,,level_override_allowed,component wrapper assertion; calculated_gate required,component wrapper assertion; instance fields required,component.calculated_gate (+0x118),component.calculated_delay (+0x120),45,0x7a44fa4a5e3d2d2b
56,com_store_port,44,1,5,,,level_override_allowed,component wrapper assertion; calculated_gate required,component wrapper assertion; instance fields required,component.calculated_gate (+0x118),component.calculated_delay (+0x120),45,0x7a44fa4a5e3d2d2b
56,com_store_port,45,1,5,,,level_override_allowed,component wrapper assertion; calculated_gate required,component wrapper assertion; instance fields required,component.calculated_gate (+0x118),component.calculated_delay (+0x120),45,0x7a44fa4a5e3d2d2b
56,com_store_port,46,1,5,,,level_override_allowed,component wrapper assertion; calculated_gate required,component wrapper assertion; instance fields required,component.calculated_gate (+0x118),component.calculated_delay (+0x120),45,0x7a44fa4a5e3d2d2b
56,com_store_port,47,1,5,,,level_override_allowed,component wrapper assertion; calculated_gate required,component wrapper assertion; instance fields required,component.calculated_gate (+0x118),component.calculated_delay (+0x120),45,0x7a44fa4a5e3d2d2b
56,com_store_port,48,1,5,,,level_override_allowed,component wrapper assertion; calculated_gate required,component wrapper assertion; instance fields required,component.calculated_gate (+0x118),component.calculated_delay (+0x120),45,0x7a44fa4a5e3d2d2b
56,com_store_port,49,1,5,,,level_override_allowed,component wrapper assertion; calculated_gate required,component wrapper assertion; instance fields required,component.calculated_gate (+0x118),component.calculated_delay (+0x120),45,0x7a44fa4a5e3d2d2b
56,com_store_port,50,1,5,,,level_override_allowed,component wrapper assertion; calculated_gate required,component wrapper assertion; instance fields required,component.calculated_gate (+0x118),component.calculated_delay (+0x120),45,0x7a44fa4a5e3d2d2b
56,com_store_port,51,1,5,,,level_override_allowed,component wrapper assertion; calculated_gate required,component wrapper assertion; instance fields required,component.calculated_gate (+0x118),component.calculated_delay (+0x120),45,0x7a44fa4a5e3d2d2b
56,com_store_port,52,1,5,,,level_override_allowed,component wrapper assertion; calculated_gate required,component wrapper assertion; instance fields required,component.calculated_gate (+0x118),component.calculated_delay (+0x120),45,0x7a44fa4a5e3d2d2b
56,com_store_port,53,1,5,,,level_override_allowed,component wrapper assertion; calculated_gate required,component wrapper assertion; instance fields required,component.calculated_gate (+0x118),component.calculated_delay (+0x120),45,0x7a44fa4a5e3d2d2b
56,com_store_port,54,1,5,,,level_override_allowed,component wrapper assertion; calculated_gate required,component wrapper assertion; instance fields required,component.calculated_gate (+0x118),component.calculated_delay (+0x120),45,0x7a44fa4a5e3d2d2b
56,com_store_port,55,1,5,,,level_override_allowed,component wrapper assertion; calculated_gate required,component wrapper assertion; instance fields required,component.calculated_gate (+0x118),component.calculated_delay (+0x120),45,0x7a44fa4a5e3d2d2b
56,com_store_port,56,1,5,,,level_override_allowed,component wrapper assertion; calculated_gate required,component wrapper assertion; instance fields required,component.calculated_gate (+0x118),component.calculated_delay (+0x120),45,0x7a44fa4a5e3d2d2b
56,com_store_port,57,1,5,,,level_override_allowed,component wrapper assertion; calculated_gate required,component wrapper assertion; instance fields required,component.calculated_gate (+0x118),component.calculated_delay (+0x120),45,0x7a44fa4a5e3d2d2b
56,com_store_port,58,1,5,,,level_override_allowed,component wrapper assertion; calculated_gate required,component wrapper assertion; instance fields required,component.calculated_gate (+0x118),component.calculated_delay (+0x120),45,0x7a44fa4a5e3d2d2b
56,com_store_port,59,1,5,,,level_override_allowed,component wrapper assertion; calculated_gate required,component wrapper assertion; instance fields required,component.calculated_gate (+0x118),component.calculated_delay (+0x120),45,0x7a44fa4a5e3d2d2b
56,com_store_port,60,1,5,,,level_override_allowed,component wrapper assertion; calculated_gate required,component wrapper assertion; instance fields required,component.calculated_gate (+0x118),component.calculated_delay (+0x120),45,0x7a44fa4a5e3d2d2b
56,com_store_port,61,1,5,,,level_override_allowed,component wrapper assertion; calculated_gate required,component wrapper assertion; instance fields required,component.calculated_gate (+0x118),component.calculated_delay (+0x120),45,0x7a44fa4a5e3d2d2b
56,com_store_port,62,1,5,,,level_override_allowed,component wrapper assertion; calculated_gate required,component wrapper assertion; instance fields required,component.calculated_gate (+0x118),component.calculated_delay (+0x120),45,0x7a44fa4a5e3d2d2b
56,com_store_port,63,1,5,,,level_override_allowed,component wrapper assertion; calculated_gate required,component wrapper assertion; instance fields required,component.calculated_gate (+0x118),component.calculated_delay (+0x120),45,0x7a44fa4a5e3d2d2b
56,com_store_port,64,1,5,,,level_override_allowed,component wrapper assertion; calculated_gate required,component wrapper assertion; instance fields required,component.calculated_gate (+0x118),component.calculated_delay (+0x120),45,0x7a44fa4a5e3d2d2b
57,com_ctz,1,35,16,5,4,level_override_allowed,ceil(b*w/8),"max(min(b,4), ceil(w*b/8))",,,119,0x23d2d76ae9fc0977
57,com_ctz,2,35,16,9,4,level_override_allowed,ceil(b*w/8),"max(min(b,4), ceil(w*b/8))",,,119,0x23d2d76ae9fc0977
57,com_ctz,3,35,16,14,6,level_override_allowed,ceil(b*w/8),"max(min(b,4), ceil(w*b/8))",,,119,0x23d2d76ae9fc0977
57,com_ctz,4,35,16,18,8,level_override_allowed,ceil(b*w/8),"max(min(b,4), ceil(w*b/8))",,,119,0x23d2d76ae9fc0977
57,com_ctz,5,35,16,22,10,level_override_allowed,ceil(b*w/8),"max(min(b,4), ceil(w*b/8))",,,119,0x23d2d76ae9fc0977
57,com_ctz,6,35,16,27,12,level_override_allowed,ceil(b*w/8),"max(min(b,4), ceil(w*b/8))",,,119,0x23d2d76ae9fc0977
57,com_ctz,7,35,16,31,14,level_override_allowed,ceil(b*w/8),"max(min(b,4), ceil(w*b/8))",,,119,0x23d2d76ae9fc0977
57,com_ctz,8,35,16,35,16,level_override_allowed,ceil(b*w/8),"max(min(b,4), ceil(w*b/8))",,,119,0x23d2d76ae9fc0977
57,com_ctz,9,35,16,40,18,level_override_allowed,ceil(b*w/8),"max(min(b,4), ceil(w*b/8))",,,119,0x23d2d76ae9fc0977
57,com_ctz,10,35,16,44,20,level_override_allowed,ceil(b*w/8),"max(min(b,4), ceil(w*b/8))",,,119,0x23d2d76ae9fc0977
57,com_ctz,11,35,16,49,22,level_override_allowed,ceil(b*w/8),"max(min(b,4), ceil(w*b/8))",,,119,0x23d2d76ae9fc0977
57,com_ctz,12,35,16,53,24,level_override_allowed,ceil(b*w/8),"max(min(b,4), ceil(w*b/8))",,,119,0x23d2d76ae9fc0977
57,com_ctz,13,35,16,57,26,level_override_allowed,ceil(b*w/8),"max(min(b,4), ceil(w*b/8))",,,119,0x23d2d76ae9fc0977
57,com_ctz,14,35,16,62,28,level_override_allowed,ceil(b*w/8),"max(min(b,4), ceil(w*b/8))",,,119,0x23d2d76ae9fc0977
57,com_ctz,15,35,16,66,30,level_override_allowed,ceil(b*w/8),"max(min(b,4), ceil(w*b/8))",,,119,0x23d2d76ae9fc0977
57,com_ctz,16,35,16,70,32,level_override_allowed,ceil(b*w/8),"max(min(b,4), ceil(w*b/8))",,,119,0x23d2d76ae9fc0977
57,com_ctz,17,35,16,75,34,level_override_allowed,ceil(b*w/8),"max(min(b,4), ceil(w*b/8))",,,119,0x23d2d76ae9fc0977
57,com_ctz,18,35,16,79,36,level_override_allowed,ceil(b*w/8),"max(min(b,4), ceil(w*b/8))",,,119,0x23d2d76ae9fc0977
57,com_ctz,19,35,16,84,38,level_override_allowed,ceil(b*w/8),"max(min(b,4), ceil(w*b/8))",,,119,0x23d2d76ae9fc0977
57,com_ctz,20,35,16,88,40,level_override_allowed,ceil(b*w/8),"max(min(b,4), ceil(w*b/8))",,,119,0x23d2d76ae9fc0977
57,com_ctz,21,35,16,92,42,level_override_allowed,ceil(b*w/8),"max(min(b,4), ceil(w*b/8))",,,119,0x23d2d76ae9fc0977
57,com_ctz,22,35,16,97,44,level_override_allowed,ceil(b*w/8),"max(min(b,4), ceil(w*b/8))",,,119,0x23d2d76ae9fc0977
57,com_ctz,23,35,16,101,46,level_override_allowed,ceil(b*w/8),"max(min(b,4), ceil(w*b/8))",,,119,0x23d2d76ae9fc0977
57,com_ctz,24,35,16,105,48,level_override_allowed,ceil(b*w/8),"max(min(b,4), ceil(w*b/8))",,,119,0x23d2d76ae9fc0977
57,com_ctz,25,35,16,110,50,level_override_allowed,ceil(b*w/8),"max(min(b,4), ceil(w*b/8))",,,119,0x23d2d76ae9fc0977
57,com_ctz,26,35,16,114,52,level_override_allowed,ceil(b*w/8),"max(min(b,4), ceil(w*b/8))",,,119,0x23d2d76ae9fc0977
57,com_ctz,27,35,16,119,54,level_override_allowed,ceil(b*w/8),"max(min(b,4), ceil(w*b/8))",,,119,0x23d2d76ae9fc0977
57,com_ctz,28,35,16,123,56,level_override_allowed,ceil(b*w/8),"max(min(b,4), ceil(w*b/8))",,,119,0x23d2d76ae9fc0977
57,com_ctz,29,35,16,127,58,level_override_allowed,ceil(b*w/8),"max(min(b,4), ceil(w*b/8))",,,119,0x23d2d76ae9fc0977
57,com_ctz,30,35,16,132,60,level_override_allowed,ceil(b*w/8),"max(min(b,4), ceil(w*b/8))",,,119,0x23d2d76ae9fc0977
57,com_ctz,31,35,16,136,62,level_override_allowed,ceil(b*w/8),"max(min(b,4), ceil(w*b/8))",,,119,0x23d2d76ae9fc0977
57,com_ctz,32,35,16,140,64,level_override_allowed,ceil(b*w/8),"max(min(b,4), ceil(w*b/8))",,,119,0x23d2d76ae9fc0977
57,com_ctz,33,35,16,145,66,level_override_allowed,ceil(b*w/8),"max(min(b,4), ceil(w*b/8))",,,119,0x23d2d76ae9fc0977
57,com_ctz,34,35,16,149,68,level_override_allowed,ceil(b*w/8),"max(min(b,4), ceil(w*b/8))",,,119,0x23d2d76ae9fc0977
57,com_ctz,35,35,16,154,70,level_override_allowed,ceil(b*w/8),"max(min(b,4), ceil(w*b/8))",,,119,0x23d2d76ae9fc0977
57,com_ctz,36,35,16,158,72,level_override_allowed,ceil(b*w/8),"max(min(b,4), ceil(w*b/8))",,,119,0x23d2d76ae9fc0977
57,com_ctz,37,35,16,162,74,level_override_allowed,ceil(b*w/8),"max(min(b,4), ceil(w*b/8))",,,119,0x23d2d76ae9fc0977
57,com_ctz,38,35,16,167,76,level_override_allowed,ceil(b*w/8),"max(min(b,4), ceil(w*b/8))",,,119,0x23d2d76ae9fc0977
57,com_ctz,39,35,16,171,78,level_override_allowed,ceil(b*w/8),"max(min(b,4), ceil(w*b/8))",,,119,0x23d2d76ae9fc0977
57,com_ctz,40,35,16,175,80,level_override_allowed,ceil(b*w/8),"max(min(b,4), ceil(w*b/8))",,,119,0x23d2d76ae9fc0977
57,com_ctz,41,35,16,180,82,level_override_allowed,ceil(b*w/8),"max(min(b,4), ceil(w*b/8))",,,119,0x23d2d76ae9fc0977
57,com_ctz,42,35,16,184,84,level_override_allowed,ceil(b*w/8),"max(min(b,4), ceil(w*b/8))",,,119,0x23d2d76ae9fc0977
57,com_ctz,43,35,16,189,86,level_override_allowed,ceil(b*w/8),"max(min(b,4), ceil(w*b/8))",,,119,0x23d2d76ae9fc0977
57,com_ctz,44,35,16,193,88,level_override_allowed,ceil(b*w/8),"max(min(b,4), ceil(w*b/8))",,,119,0x23d2d76ae9fc0977
57,com_ctz,45,35,16,197,90,level_override_allowed,ceil(b*w/8),"max(min(b,4), ceil(w*b/8))",,,119,0x23d2d76ae9fc0977
57,com_ctz,46,35,16,202,92,level_override_allowed,ceil(b*w/8),"max(min(b,4), ceil(w*b/8))",,,119,0x23d2d76ae9fc0977
57,com_ctz,47,35,16,206,94,level_override_allowed,ceil(b*w/8),"max(min(b,4), ceil(w*b/8))",,,119,0x23d2d76ae9fc0977
57,com_ctz,48,35,16,210,96,level_override_allowed,ceil(b*w/8),"max(min(b,4), ceil(w*b/8))",,,119,0x23d2d76ae9fc0977
57,com_ctz,49,35,16,215,98,level_override_allowed,ceil(b*w/8),"max(min(b,4), ceil(w*b/8))",,,119,0x23d2d76ae9fc0977
57,com_ctz,50,35,16,219,100,level_override_allowed,ceil(b*w/8),"max(min(b,4), ceil(w*b/8))",,,119,0x23d2d76ae9fc0977
57,com_ctz,51,35,16,224,102,level_override_allowed,ceil(b*w/8),"max(min(b,4), ceil(w*b/8))",,,119,0x23d2d76ae9fc0977
57,com_ctz,52,35,16,228,104,level_override_allowed,ceil(b*w/8),"max(min(b,4), ceil(w*b/8))",,,119,0x23d2d76ae9fc0977
57,com_ctz,53,35,16,232,106,level_override_allowed,ceil(b*w/8),"max(min(b,4), ceil(w*b/8))",,,119,0x23d2d76ae9fc0977
57,com_ctz,54,35,16,237,108,level_override_allowed,ceil(b*w/8),"max(min(b,4), ceil(w*b/8))",,,119,0x23d2d76ae9fc0977
57,com_ctz,55,35,16,241,110,level_override_allowed,ceil(b*w/8),"max(min(b,4), ceil(w*b/8))",,,119,0x23d2d76ae9fc0977
57,com_ctz,56,35,16,245,112,level_override_allowed,ceil(b*w/8),"max(min(b,4), ceil(w*b/8))",,,119,0x23d2d76ae9fc0977
57,com_ctz,57,35,16,250,114,level_override_allowed,ceil(b*w/8),"max(min(b,4), ceil(w*b/8))",,,119,0x23d2d76ae9fc0977
57,com_ctz,58,35,16,254,116,level_override_allowed,ceil(b*w/8),"max(min(b,4), ceil(w*b/8))",,,119,0x23d2d76ae9fc0977
57,com_ctz,59,35,16,259,118,level_override_allowed,ceil(b*w/8),"max(min(b,4), ceil(w*b/8))",,,119,0x23d2d76ae9fc0977
57,com_ctz,60,35,16,263,120,level_override_allowed,ceil(b*w/8),"max(min(b,4), ceil(w*b/8))",,,119,0x23d2d76ae9fc0977
57,com_ctz,61,35,16,267,122,level_override_allowed,ceil(b*w/8),"max(min(b,4), ceil(w*b/8))",,,119,0x23d2d76ae9fc0977
57,com_ctz,62,35,16,272,124,level_override_allowed,ceil(b*w/8),"max(min(b,4), ceil(w*b/8))",,,119,0x23d2d76ae9fc0977
57,com_ctz,63,35,16,276,126,level_override_allowed,ceil(b*w/8),"max(min(b,4), ceil(w*b/8))",,,119,0x23d2d76ae9fc0977
57,com_ctz,64,35,16,280,128,level_override_allowed,ceil(b*w/8),"max(min(b,4), ceil(w*b/8))",,,119,0x23d2d76ae9fc0977
58,com_cc_level_output,1,0,0,0,0,default_table,b,b,,,243,0x573bcf7d584a77f1
58,com_cc_level_output,2,0,0,0,0,default_table,b,b,,,243,0x573bcf7d584a77f1
58,com_cc_level_output,3,0,0,0,0,default_table,b,b,,,243,0x573bcf7d584a77f1
58,com_cc_level_output,4,0,0,0,0,default_table,b,b,,,243,0x573bcf7d584a77f1
58,com_cc_level_output,5,0,0,0,0,default_table,b,b,,,243,0x573bcf7d584a77f1
58,com_cc_level_output,6,0,0,0,0,default_table,b,b,,,243,0x573bcf7d584a77f1
58,com_cc_level_output,7,0,0,0,0,default_table,b,b,,,243,0x573bcf7d584a77f1
58,com_cc_level_output,8,0,0,0,0,default_table,b,b,,,243,0x573bcf7d584a77f1
58,com_cc_level_output,9,0,0,0,0,default_table,b,b,,,243,0x573bcf7d584a77f1
58,com_cc_level_output,10,0,0,0,0,default_table,b,b,,,243,0x573bcf7d584a77f1
58,com_cc_level_output,11,0,0,0,0,default_table,b,b,,,243,0x573bcf7d584a77f1
58,com_cc_level_output,12,0,0,0,0,default_table,b,b,,,243,0x573bcf7d584a77f1
58,com_cc_level_output,13,0,0,0,0,default_table,b,b,,,243,0x573bcf7d584a77f1
58,com_cc_level_output,14,0,0,0,0,default_table,b,b,,,243,0x573bcf7d584a77f1
58,com_cc_level_output,15,0,0,0,0,default_table,b,b,,,243,0x573bcf7d584a77f1
58,com_cc_level_output,16,0,0,0,0,default_table,b,b,,,243,0x573bcf7d584a77f1
58,com_cc_level_output,17,0,0,0,0,default_table,b,b,,,243,0x573bcf7d584a77f1
58,com_cc_level_output,18,0,0,0,0,default_table,b,b,,,243,0x573bcf7d584a77f1
58,com_cc_level_output,19,0,0,0,0,default_table,b,b,,,243,0x573bcf7d584a77f1
58,com_cc_level_output,20,0,0,0,0,default_table,b,b,,,243,0x573bcf7d584a77f1
58,com_cc_level_output,21,0,0,0,0,default_table,b,b,,,243,0x573bcf7d584a77f1
58,com_cc_level_output,22,0,0,0,0,default_table,b,b,,,243,0x573bcf7d584a77f1
58,com_cc_level_output,23,0,0,0,0,default_table,b,b,,,243,0x573bcf7d584a77f1
58,com_cc_level_output,24,0,0,0,0,default_table,b,b,,,243,0x573bcf7d584a77f1
58,com_cc_level_output,25,0,0,0,0,default_table,b,b,,,243,0x573bcf7d584a77f1
58,com_cc_level_output,26,0,0,0,0,default_table,b,b,,,243,0x573bcf7d584a77f1
58,com_cc_level_output,27,0,0,0,0,default_table,b,b,,,243,0x573bcf7d584a77f1
58,com_cc_level_output,28,0,0,0,0,default_table,b,b,,,243,0x573bcf7d584a77f1
58,com_cc_level_output,29,0,0,0,0,default_table,b,b,,,243,0x573bcf7d584a77f1
58,com_cc_level_output,30,0,0,0,0,default_table,b,b,,,243,0x573bcf7d584a77f1
58,com_cc_level_output,31,0,0,0,0,default_table,b,b,,,243,0x573bcf7d584a77f1
58,com_cc_level_output,32,0,0,0,0,default_table,b,b,,,243,0x573bcf7d584a77f1
58,com_cc_level_output,33,0,0,0,0,default_table,b,b,,,243,0x573bcf7d584a77f1
58,com_cc_level_output,34,0,0,0,0,default_table,b,b,,,243,0x573bcf7d584a77f1
58,com_cc_level_output,35,0,0,0,0,default_table,b,b,,,243,0x573bcf7d584a77f1
58,com_cc_level_output,36,0,0,0,0,default_table,b,b,,,243,0x573bcf7d584a77f1
58,com_cc_level_output,37,0,0,0,0,default_table,b,b,,,243,0x573bcf7d584a77f1
58,com_cc_level_output,38,0,0,0,0,default_table,b,b,,,243,0x573bcf7d584a77f1
58,com_cc_level_output,39,0,0,0,0,default_table,b,b,,,243,0x573bcf7d584a77f1
58,com_cc_level_output,40,0,0,0,0,default_table,b,b,,,243,0x573bcf7d584a77f1
58,com_cc_level_output,41,0,0,0,0,default_table,b,b,,,243,0x573bcf7d584a77f1
58,com_cc_level_output,42,0,0,0,0,default_table,b,b,,,243,0x573bcf7d584a77f1
58,com_cc_level_output,43,0,0,0,0,default_table,b,b,,,243,0x573bcf7d584a77f1
58,com_cc_level_output,44,0,0,0,0,default_table,b,b,,,243,0x573bcf7d584a77f1
58,com_cc_level_output,45,0,0,0,0,default_table,b,b,,,243,0x573bcf7d584a77f1
58,com_cc_level_output,46,0,0,0,0,default_table,b,b,,,243,0x573bcf7d584a77f1
58,com_cc_level_output,47,0,0,0,0,default_table,b,b,,,243,0x573bcf7d584a77f1
58,com_cc_level_output,48,0,0,0,0,default_table,b,b,,,243,0x573bcf7d584a77f1
58,com_cc_level_output,49,0,0,0,0,default_table,b,b,,,243,0x573bcf7d584a77f1
58,com_cc_level_output,50,0,0,0,0,default_table,b,b,,,243,0x573bcf7d584a77f1
58,com_cc_level_output,51,0,0,0,0,default_table,b,b,,,243,0x573bcf7d584a77f1
58,com_cc_level_output,52,0,0,0,0,default_table,b,b,,,243,0x573bcf7d584a77f1
58,com_cc_level_output,53,0,0,0,0,default_table,b,b,,,243,0x573bcf7d584a77f1
58,com_cc_level_output,54,0,0,0,0,default_table,b,b,,,243,0x573bcf7d584a77f1
58,com_cc_level_output,55,0,0,0,0,default_table,b,b,,,243,0x573bcf7d584a77f1
58,com_cc_level_output,56,0,0,0,0,default_table,b,b,,,243,0x573bcf7d584a77f1
58,com_cc_level_output,57,0,0,0,0,default_table,b,b,,,243,0x573bcf7d584a77f1
58,com_cc_level_output,58,0,0,0,0,default_table,b,b,,,243,0x573bcf7d584a77f1
58,com_cc_level_output,59,0,0,0,0,default_table,b,b,,,243,0x573bcf7d584a77f1
58,com_cc_level_output,60,0,0,0,0,default_table,b,b,,,243,0x573bcf7d584a77f1
58,com_cc_level_output,61,0,0,0,0,default_table,b,b,,,243,0x573bcf7d584a77f1
58,com_cc_level_output,62,0,0,0,0,default_table,b,b,,,243,0x573bcf7d584a77f1
58,com_cc_level_output,63,0,0,0,0,default_table,b,b,,,243,0x573bcf7d584a77f1
58,com_cc_level_output,64,0,0,0,0,default_table,b,b,,,243,0x573bcf7d584a77f1
59,com_level_gate,1,0,0,0,0,default_table,b,b,,,198,0x35117cfd686ceac6
59,com_level_gate,2,0,0,0,0,default_table,b,b,,,198,0x35117cfd686ceac6
59,com_level_gate,3,0,0,0,0,default_table,b,b,,,198,0x35117cfd686ceac6
59,com_level_gate,4,0,0,0,0,default_table,b,b,,,198,0x35117cfd686ceac6
59,com_level_gate,5,0,0,0,0,default_table,b,b,,,198,0x35117cfd686ceac6
59,com_level_gate,6,0,0,0,0,default_table,b,b,,,198,0x35117cfd686ceac6
59,com_level_gate,7,0,0,0,0,default_table,b,b,,,198,0x35117cfd686ceac6
59,com_level_gate,8,0,0,0,0,default_table,b,b,,,198,0x35117cfd686ceac6
59,com_level_gate,9,0,0,0,0,default_table,b,b,,,198,0x35117cfd686ceac6
59,com_level_gate,10,0,0,0,0,default_table,b,b,,,198,0x35117cfd686ceac6
59,com_level_gate,11,0,0,0,0,default_table,b,b,,,198,0x35117cfd686ceac6
59,com_level_gate,12,0,0,0,0,default_table,b,b,,,198,0x35117cfd686ceac6
59,com_level_gate,13,0,0,0,0,default_table,b,b,,,198,0x35117cfd686ceac6
59,com_level_gate,14,0,0,0,0,default_table,b,b,,,198,0x35117cfd686ceac6
59,com_level_gate,15,0,0,0,0,default_table,b,b,,,198,0x35117cfd686ceac6
59,com_level_gate,16,0,0,0,0,default_table,b,b,,,198,0x35117cfd686ceac6
59,com_level_gate,17,0,0,0,0,default_table,b,b,,,198,0x35117cfd686ceac6
59,com_level_gate,18,0,0,0,0,default_table,b,b,,,198,0x35117cfd686ceac6
59,com_level_gate,19,0,0,0,0,default_table,b,b,,,198,0x35117cfd686ceac6
59,com_level_gate,20,0,0,0,0,default_table,b,b,,,198,0x35117cfd686ceac6
59,com_level_gate,21,0,0,0,0,default_table,b,b,,,198,0x35117cfd686ceac6
59,com_level_gate,22,0,0,0,0,default_table,b,b,,,198,0x35117cfd686ceac6
59,com_level_gate,23,0,0,0,0,default_table,b,b,,,198,0x35117cfd686ceac6
59,com_level_gate,24,0,0,0,0,default_table,b,b,,,198,0x35117cfd686ceac6
59,com_level_gate,25,0,0,0,0,default_table,b,b,,,198,0x35117cfd686ceac6
59,com_level_gate,26,0,0,0,0,default_table,b,b,,,198,0x35117cfd686ceac6
59,com_level_gate,27,0,0,0,0,default_table,b,b,,,198,0x35117cfd686ceac6
59,com_level_gate,28,0,0,0,0,default_table,b,b,,,198,0x35117cfd686ceac6
59,com_level_gate,29,0,0,0,0,default_table,b,b,,,198,0x35117cfd686ceac6
59,com_level_gate,30,0,0,0,0,default_table,b,b,,,198,0x35117cfd686ceac6
59,com_level_gate,31,0,0,0,0,default_table,b,b,,,198,0x35117cfd686ceac6
59,com_level_gate,32,0,0,0,0,default_table,b,b,,,198,0x35117cfd686ceac6
59,com_level_gate,33,0,0,0,0,default_table,b,b,,,198,0x35117cfd686ceac6
59,com_level_gate,34,0,0,0,0,default_table,b,b,,,198,0x35117cfd686ceac6
59,com_level_gate,35,0,0,0,0,default_table,b,b,,,198,0x35117cfd686ceac6
59,com_level_gate,36,0,0,0,0,default_table,b,b,,,198,0x35117cfd686ceac6
59,com_level_gate,37,0,0,0,0,default_table,b,b,,,198,0x35117cfd686ceac6
59,com_level_gate,38,0,0,0,0,default_table,b,b,,,198,0x35117cfd686ceac6
59,com_level_gate,39,0,0,0,0,default_table,b,b,,,198,0x35117cfd686ceac6
59,com_level_gate,40,0,0,0,0,default_table,b,b,,,198,0x35117cfd686ceac6
59,com_level_gate,41,0,0,0,0,default_table,b,b,,,198,0x35117cfd686ceac6
59,com_level_gate,42,0,0,0,0,default_table,b,b,,,198,0x35117cfd686ceac6
59,com_level_gate,43,0,0,0,0,default_table,b,b,,,198,0x35117cfd686ceac6
59,com_level_gate,44,0,0,0,0,default_table,b,b,,,198,0x35117cfd686ceac6
59,com_level_gate,45,0,0,0,0,default_table,b,b,,,198,0x35117cfd686ceac6
59,com_level_gate,46,0,0,0,0,default_table,b,b,,,198,0x35117cfd686ceac6
59,com_level_gate,47,0,0,0,0,default_table,b,b,,,198,0x35117cfd686ceac6
59,com_level_gate,48,0,0,0,0,default_table,b,b,,,198,0x35117cfd686ceac6
59,com_level_gate,49,0,0,0,0,default_table,b,b,,,198,0x35117cfd686ceac6
59,com_level_gate,50,0,0,0,0,default_table,b,b,,,198,0x35117cfd686ceac6
59,com_level_gate,51,0,0,0,0,default_table,b,b,,,198,0x35117cfd686ceac6
59,com_level_gate,52,0,0,0,0,default_table,b,b,,,198,0x35117cfd686ceac6
59,com_level_gate,53,0,0,0,0,default_table,b,b,,,198,0x35117cfd686ceac6
59,com_level_gate,54,0,0,0,0,default_table,b,b,,,198,0x35117cfd686ceac6
59,com_level_gate,55,0,0,0,0,default_table,b,b,,,198,0x35117cfd686ceac6
59,com_level_gate,56,0,0,0,0,default_table,b,b,,,198,0x35117cfd686ceac6
59,com_level_gate,57,0,0,0,0,default_table,b,b,,,198,0x35117cfd686ceac6
59,com_level_gate,58,0,0,0,0,default_table,b,b,,,198,0x35117cfd686ceac6
59,com_level_gate,59,0,0,0,0,default_table,b,b,,,198,0x35117cfd686ceac6
59,com_level_gate,60,0,0,0,0,default_table,b,b,,,198,0x35117cfd686ceac6
59,com_level_gate,61,0,0,0,0,default_table,b,b,,,198,0x35117cfd686ceac6
59,com_level_gate,62,0,0,0,0,default_table,b,b,,,198,0x35117cfd686ceac6
59,com_level_gate,63,0,0,0,0,default_table,b,b,,,198,0x35117cfd686ceac6
59,com_level_gate,64,0,0,0,0,default_table,b,b,,,198,0x35117cfd686ceac6
60,com_level_input_1_pin,1,0,0,0,0,default_table,b,b,,,191,0x6af39c275b9c72bf
60,com_level_input_1_pin,2,0,0,0,0,default_table,b,b,,,191,0x6af39c275b9c72bf
60,com_level_input_1_pin,3,0,0,0,0,default_table,b,b,,,191,0x6af39c275b9c72bf
60,com_level_input_1_pin,4,0,0,0,0,default_table,b,b,,,191,0x6af39c275b9c72bf
60,com_level_input_1_pin,5,0,0,0,0,default_table,b,b,,,191,0x6af39c275b9c72bf
60,com_level_input_1_pin,6,0,0,0,0,default_table,b,b,,,191,0x6af39c275b9c72bf
60,com_level_input_1_pin,7,0,0,0,0,default_table,b,b,,,191,0x6af39c275b9c72bf
60,com_level_input_1_pin,8,0,0,0,0,default_table,b,b,,,191,0x6af39c275b9c72bf
60,com_level_input_1_pin,9,0,0,0,0,default_table,b,b,,,191,0x6af39c275b9c72bf
60,com_level_input_1_pin,10,0,0,0,0,default_table,b,b,,,191,0x6af39c275b9c72bf
60,com_level_input_1_pin,11,0,0,0,0,default_table,b,b,,,191,0x6af39c275b9c72bf
60,com_level_input_1_pin,12,0,0,0,0,default_table,b,b,,,191,0x6af39c275b9c72bf
60,com_level_input_1_pin,13,0,0,0,0,default_table,b,b,,,191,0x6af39c275b9c72bf
60,com_level_input_1_pin,14,0,0,0,0,default_table,b,b,,,191,0x6af39c275b9c72bf
60,com_level_input_1_pin,15,0,0,0,0,default_table,b,b,,,191,0x6af39c275b9c72bf
60,com_level_input_1_pin,16,0,0,0,0,default_table,b,b,,,191,0x6af39c275b9c72bf
60,com_level_input_1_pin,17,0,0,0,0,default_table,b,b,,,191,0x6af39c275b9c72bf
60,com_level_input_1_pin,18,0,0,0,0,default_table,b,b,,,191,0x6af39c275b9c72bf
60,com_level_input_1_pin,19,0,0,0,0,default_table,b,b,,,191,0x6af39c275b9c72bf
60,com_level_input_1_pin,20,0,0,0,0,default_table,b,b,,,191,0x6af39c275b9c72bf
60,com_level_input_1_pin,21,0,0,0,0,default_table,b,b,,,191,0x6af39c275b9c72bf
60,com_level_input_1_pin,22,0,0,0,0,default_table,b,b,,,191,0x6af39c275b9c72bf
60,com_level_input_1_pin,23,0,0,0,0,default_table,b,b,,,191,0x6af39c275b9c72bf
60,com_level_input_1_pin,24,0,0,0,0,default_table,b,b,,,191,0x6af39c275b9c72bf
60,com_level_input_1_pin,25,0,0,0,0,default_table,b,b,,,191,0x6af39c275b9c72bf
60,com_level_input_1_pin,26,0,0,0,0,default_table,b,b,,,191,0x6af39c275b9c72bf
60,com_level_input_1_pin,27,0,0,0,0,default_table,b,b,,,191,0x6af39c275b9c72bf
60,com_level_input_1_pin,28,0,0,0,0,default_table,b,b,,,191,0x6af39c275b9c72bf
60,com_level_input_1_pin,29,0,0,0,0,default_table,b,b,,,191,0x6af39c275b9c72bf
60,com_level_input_1_pin,30,0,0,0,0,default_table,b,b,,,191,0x6af39c275b9c72bf
60,com_level_input_1_pin,31,0,0,0,0,default_table,b,b,,,191,0x6af39c275b9c72bf
60,com_level_input_1_pin,32,0,0,0,0,default_table,b,b,,,191,0x6af39c275b9c72bf
60,com_level_input_1_pin,33,0,0,0,0,default_table,b,b,,,191,0x6af39c275b9c72bf
60,com_level_input_1_pin,34,0,0,0,0,default_table,b,b,,,191,0x6af39c275b9c72bf
60,com_level_input_1_pin,35,0,0,0,0,default_table,b,b,,,191,0x6af39c275b9c72bf
60,com_level_input_1_pin,36,0,0,0,0,default_table,b,b,,,191,0x6af39c275b9c72bf
60,com_level_input_1_pin,37,0,0,0,0,default_table,b,b,,,191,0x6af39c275b9c72bf
60,com_level_input_1_pin,38,0,0,0,0,default_table,b,b,,,191,0x6af39c275b9c72bf
60,com_level_input_1_pin,39,0,0,0,0,default_table,b,b,,,191,0x6af39c275b9c72bf
60,com_level_input_1_pin,40,0,0,0,0,default_table,b,b,,,191,0x6af39c275b9c72bf
60,com_level_input_1_pin,41,0,0,0,0,default_table,b,b,,,191,0x6af39c275b9c72bf
60,com_level_input_1_pin,42,0,0,0,0,default_table,b,b,,,191,0x6af39c275b9c72bf
60,com_level_input_1_pin,43,0,0,0,0,default_table,b,b,,,191,0x6af39c275b9c72bf
60,com_level_input_1_pin,44,0,0,0,0,default_table,b,b,,,191,0x6af39c275b9c72bf
60,com_level_input_1_pin,45,0,0,0,0,default_table,b,b,,,191,0x6af39c275b9c72bf
60,com_level_input_1_pin,46,0,0,0,0,default_table,b,b,,,191,0x6af39c275b9c72bf
60,com_level_input_1_pin,47,0,0,0,0,default_table,b,b,,,191,0x6af39c275b9c72bf
60,com_level_input_1_pin,48,0,0,0,0,default_table,b,b,,,191,0x6af39c275b9c72bf
60,com_level_input_1_pin,49,0,0,0,0,default_table,b,b,,,191,0x6af39c275b9c72bf
60,com_level_input_1_pin,50,0,0,0,0,default_table,b,b,,,191,0x6af39c275b9c72bf
60,com_level_input_1_pin,51,0,0,0,0,default_table,b,b,,,191,0x6af39c275b9c72bf
60,com_level_input_1_pin,52,0,0,0,0,default_table,b,b,,,191,0x6af39c275b9c72bf
60,com_level_input_1_pin,53,0,0,0,0,default_table,b,b,,,191,0x6af39c275b9c72bf
60,com_level_input_1_pin,54,0,0,0,0,default_table,b,b,,,191,0x6af39c275b9c72bf
60,com_level_input_1_pin,55,0,0,0,0,default_table,b,b,,,191,0x6af39c275b9c72bf
60,com_level_input_1_pin,56,0,0,0,0,default_table,b,b,,,191,0x6af39c275b9c72bf
60,com_level_input_1_pin,57,0,0,0,0,default_table,b,b,,,191,0x6af39c275b9c72bf
60,com_level_input_1_pin,58,0,0,0,0,default_table,b,b,,,191,0x6af39c275b9c72bf
60,com_level_input_1_pin,59,0,0,0,0,default_table,b,b,,,191,0x6af39c275b9c72bf
60,com_level_input_1_pin,60,0,0,0,0,default_table,b,b,,,191,0x6af39c275b9c72bf
60,com_level_input_1_pin,61,0,0,0,0,default_table,b,b,,,191,0x6af39c275b9c72bf
60,com_level_input_1_pin,62,0,0,0,0,default_table,b,b,,,191,0x6af39c275b9c72bf
60,com_level_input_1_pin,63,0,0,0,0,default_table,b,b,,,191,0x6af39c275b9c72bf
60,com_level_input_1_pin,64,0,0,0,0,default_table,b,b,,,191,0x6af39c275b9c72bf
61,com_level_input_word,1,0,0,0,0,default_table,b,b,,,46,0x3568862c313bf62e
61,com_level_input_word,2,0,0,0,0,default_table,b,b,,,46,0x3568862c313bf62e
61,com_level_input_word,3,0,0,0,0,default_table,b,b,,,46,0x3568862c313bf62e
61,com_level_input_word,4,0,0,0,0,default_table,b,b,,,46,0x3568862c313bf62e
61,com_level_input_word,5,0,0,0,0,default_table,b,b,,,46,0x3568862c313bf62e
61,com_level_input_word,6,0,0,0,0,default_table,b,b,,,46,0x3568862c313bf62e
61,com_level_input_word,7,0,0,0,0,default_table,b,b,,,46,0x3568862c313bf62e
61,com_level_input_word,8,0,0,0,0,default_table,b,b,,,46,0x3568862c313bf62e
61,com_level_input_word,9,0,0,0,0,default_table,b,b,,,46,0x3568862c313bf62e
61,com_level_input_word,10,0,0,0,0,default_table,b,b,,,46,0x3568862c313bf62e
61,com_level_input_word,11,0,0,0,0,default_table,b,b,,,46,0x3568862c313bf62e
61,com_level_input_word,12,0,0,0,0,default_table,b,b,,,46,0x3568862c313bf62e
61,com_level_input_word,13,0,0,0,0,default_table,b,b,,,46,0x3568862c313bf62e
61,com_level_input_word,14,0,0,0,0,default_table,b,b,,,46,0x3568862c313bf62e
61,com_level_input_word,15,0,0,0,0,default_table,b,b,,,46,0x3568862c313bf62e
61,com_level_input_word,16,0,0,0,0,default_table,b,b,,,46,0x3568862c313bf62e
61,com_level_input_word,17,0,0,0,0,default_table,b,b,,,46,0x3568862c313bf62e
61,com_level_input_word,18,0,0,0,0,default_table,b,b,,,46,0x3568862c313bf62e
61,com_level_input_word,19,0,0,0,0,default_table,b,b,,,46,0x3568862c313bf62e
61,com_level_input_word,20,0,0,0,0,default_table,b,b,,,46,0x3568862c313bf62e
61,com_level_input_word,21,0,0,0,0,default_table,b,b,,,46,0x3568862c313bf62e
61,com_level_input_word,22,0,0,0,0,default_table,b,b,,,46,0x3568862c313bf62e
61,com_level_input_word,23,0,0,0,0,default_table,b,b,,,46,0x3568862c313bf62e
61,com_level_input_word,24,0,0,0,0,default_table,b,b,,,46,0x3568862c313bf62e
61,com_level_input_word,25,0,0,0,0,default_table,b,b,,,46,0x3568862c313bf62e
61,com_level_input_word,26,0,0,0,0,default_table,b,b,,,46,0x3568862c313bf62e
61,com_level_input_word,27,0,0,0,0,default_table,b,b,,,46,0x3568862c313bf62e
61,com_level_input_word,28,0,0,0,0,default_table,b,b,,,46,0x3568862c313bf62e
61,com_level_input_word,29,0,0,0,0,default_table,b,b,,,46,0x3568862c313bf62e
61,com_level_input_word,30,0,0,0,0,default_table,b,b,,,46,0x3568862c313bf62e
61,com_level_input_word,31,0,0,0,0,default_table,b,b,,,46,0x3568862c313bf62e
61,com_level_input_word,32,0,0,0,0,default_table,b,b,,,46,0x3568862c313bf62e
61,com_level_input_word,33,0,0,0,0,default_table,b,b,,,46,0x3568862c313bf62e
61,com_level_input_word,34,0,0,0,0,default_table,b,b,,,46,0x3568862c313bf62e
61,com_level_input_word,35,0,0,0,0,default_table,b,b,,,46,0x3568862c313bf62e
61,com_level_input_word,36,0,0,0,0,default_table,b,b,,,46,0x3568862c313bf62e
61,com_level_input_word,37,0,0,0,0,default_table,b,b,,,46,0x3568862c313bf62e
61,com_level_input_word,38,0,0,0,0,default_table,b,b,,,46,0x3568862c313bf62e
61,com_level_input_word,39,0,0,0,0,default_table,b,b,,,46,0x3568862c313bf62e
61,com_level_input_word,40,0,0,0,0,default_table,b,b,,,46,0x3568862c313bf62e
61,com_level_input_word,41,0,0,0,0,default_table,b,b,,,46,0x3568862c313bf62e
61,com_level_input_word,42,0,0,0,0,default_table,b,b,,,46,0x3568862c313bf62e
61,com_level_input_word,43,0,0,0,0,default_table,b,b,,,46,0x3568862c313bf62e
61,com_level_input_word,44,0,0,0,0,default_table,b,b,,,46,0x3568862c313bf62e
61,com_level_input_word,45,0,0,0,0,default_table,b,b,,,46,0x3568862c313bf62e
61,com_level_input_word,46,0,0,0,0,default_table,b,b,,,46,0x3568862c313bf62e
61,com_level_input_word,47,0,0,0,0,default_table,b,b,,,46,0x3568862c313bf62e
61,com_level_input_word,48,0,0,0,0,default_table,b,b,,,46,0x3568862c313bf62e
61,com_level_input_word,49,0,0,0,0,default_table,b,b,,,46,0x3568862c313bf62e
61,com_level_input_word,50,0,0,0,0,default_table,b,b,,,46,0x3568862c313bf62e
61,com_level_input_word,51,0,0,0,0,default_table,b,b,,,46,0x3568862c313bf62e
61,com_level_input_word,52,0,0,0,0,default_table,b,b,,,46,0x3568862c313bf62e
61,com_level_input_word,53,0,0,0,0,default_table,b,b,,,46,0x3568862c313bf62e
61,com_level_input_word,54,0,0,0,0,default_table,b,b,,,46,0x3568862c313bf62e
61,com_level_input_word,55,0,0,0,0,default_table,b,b,,,46,0x3568862c313bf62e
61,com_level_input_word,56,0,0,0,0,default_table,b,b,,,46,0x3568862c313bf62e
61,com_level_input_word,57,0,0,0,0,default_table,b,b,,,46,0x3568862c313bf62e
61,com_level_input_word,58,0,0,0,0,default_table,b,b,,,46,0x3568862c313bf62e
61,com_level_input_word,59,0,0,0,0,default_table,b,b,,,46,0x3568862c313bf62e
61,com_level_input_word,60,0,0,0,0,default_table,b,b,,,46,0x3568862c313bf62e
61,com_level_input_word,61,0,0,0,0,default_table,b,b,,,46,0x3568862c313bf62e
61,com_level_input_word,62,0,0,0,0,default_table,b,b,,,46,0x3568862c313bf62e
61,com_level_input_word,63,0,0,0,0,default_table,b,b,,,46,0x3568862c313bf62e
61,com_level_input_word,64,0,0,0,0,default_table,b,b,,,46,0x3568862c313bf62e
62,com_level_input_switched,1,0,0,0,0,default_table,b,b,,,218,0xe157c96f345eb3d8
62,com_level_input_switched,2,0,0,0,0,default_table,b,b,,,218,0xe157c96f345eb3d8
62,com_level_input_switched,3,0,0,0,0,default_table,b,b,,,218,0xe157c96f345eb3d8
62,com_level_input_switched,4,0,0,0,0,default_table,b,b,,,218,0xe157c96f345eb3d8
62,com_level_input_switched,5,0,0,0,0,default_table,b,b,,,218,0xe157c96f345eb3d8
62,com_level_input_switched,6,0,0,0,0,default_table,b,b,,,218,0xe157c96f345eb3d8
62,com_level_input_switched,7,0,0,0,0,default_table,b,b,,,218,0xe157c96f345eb3d8
62,com_level_input_switched,8,0,0,0,0,default_table,b,b,,,218,0xe157c96f345eb3d8
62,com_level_input_switched,9,0,0,0,0,default_table,b,b,,,218,0xe157c96f345eb3d8
62,com_level_input_switched,10,0,0,0,0,default_table,b,b,,,218,0xe157c96f345eb3d8
62,com_level_input_switched,11,0,0,0,0,default_table,b,b,,,218,0xe157c96f345eb3d8
62,com_level_input_switched,12,0,0,0,0,default_table,b,b,,,218,0xe157c96f345eb3d8
62,com_level_input_switched,13,0,0,0,0,default_table,b,b,,,218,0xe157c96f345eb3d8
62,com_level_input_switched,14,0,0,0,0,default_table,b,b,,,218,0xe157c96f345eb3d8
62,com_level_input_switched,15,0,0,0,0,default_table,b,b,,,218,0xe157c96f345eb3d8
62,com_level_input_switched,16,0,0,0,0,default_table,b,b,,,218,0xe157c96f345eb3d8
62,com_level_input_switched,17,0,0,0,0,default_table,b,b,,,218,0xe157c96f345eb3d8
62,com_level_input_switched,18,0,0,0,0,default_table,b,b,,,218,0xe157c96f345eb3d8
62,com_level_input_switched,19,0,0,0,0,default_table,b,b,,,218,0xe157c96f345eb3d8
62,com_level_input_switched,20,0,0,0,0,default_table,b,b,,,218,0xe157c96f345eb3d8
62,com_level_input_switched,21,0,0,0,0,default_table,b,b,,,218,0xe157c96f345eb3d8
62,com_level_input_switched,22,0,0,0,0,default_table,b,b,,,218,0xe157c96f345eb3d8
62,com_level_input_switched,23,0,0,0,0,default_table,b,b,,,218,0xe157c96f345eb3d8
62,com_level_input_switched,24,0,0,0,0,default_table,b,b,,,218,0xe157c96f345eb3d8
62,com_level_input_switched,25,0,0,0,0,default_table,b,b,,,218,0xe157c96f345eb3d8
62,com_level_input_switched,26,0,0,0,0,default_table,b,b,,,218,0xe157c96f345eb3d8
62,com_level_input_switched,27,0,0,0,0,default_table,b,b,,,218,0xe157c96f345eb3d8
62,com_level_input_switched,28,0,0,0,0,default_table,b,b,,,218,0xe157c96f345eb3d8
62,com_level_input_switched,29,0,0,0,0,default_table,b,b,,,218,0xe157c96f345eb3d8
62,com_level_input_switched,30,0,0,0,0,default_table,b,b,,,218,0xe157c96f345eb3d8
62,com_level_input_switched,31,0,0,0,0,default_table,b,b,,,218,0xe157c96f345eb3d8
62,com_level_input_switched,32,0,0,0,0,default_table,b,b,,,218,0xe157c96f345eb3d8
62,com_level_input_switched,33,0,0,0,0,default_table,b,b,,,218,0xe157c96f345eb3d8
62,com_level_input_switched,34,0,0,0,0,default_table,b,b,,,218,0xe157c96f345eb3d8
62,com_level_input_switched,35,0,0,0,0,default_table,b,b,,,218,0xe157c96f345eb3d8
62,com_level_input_switched,36,0,0,0,0,default_table,b,b,,,218,0xe157c96f345eb3d8
62,com_level_input_switched,37,0,0,0,0,default_table,b,b,,,218,0xe157c96f345eb3d8
62,com_level_input_switched,38,0,0,0,0,default_table,b,b,,,218,0xe157c96f345eb3d8
62,com_level_input_switched,39,0,0,0,0,default_table,b,b,,,218,0xe157c96f345eb3d8
62,com_level_input_switched,40,0,0,0,0,default_table,b,b,,,218,0xe157c96f345eb3d8
62,com_level_input_switched,41,0,0,0,0,default_table,b,b,,,218,0xe157c96f345eb3d8
62,com_level_input_switched,42,0,0,0,0,default_table,b,b,,,218,0xe157c96f345eb3d8
62,com_level_input_switched,43,0,0,0,0,default_table,b,b,,,218,0xe157c96f345eb3d8
62,com_level_input_switched,44,0,0,0,0,default_table,b,b,,,218,0xe157c96f345eb3d8
62,com_level_input_switched,45,0,0,0,0,default_table,b,b,,,218,0xe157c96f345eb3d8
62,com_level_input_switched,46,0,0,0,0,default_table,b,b,,,218,0xe157c96f345eb3d8
62,com_level_input_switched,47,0,0,0,0,default_table,b,b,,,218,0xe157c96f345eb3d8
62,com_level_input_switched,48,0,0,0,0,default_table,b,b,,,218,0xe157c96f345eb3d8
62,com_level_input_switched,49,0,0,0,0,default_table,b,b,,,218,0xe157c96f345eb3d8
62,com_level_input_switched,50,0,0,0,0,default_table,b,b,,,218,0xe157c96f345eb3d8
62,com_level_input_switched,51,0,0,0,0,default_table,b,b,,,218,0xe157c96f345eb3d8
62,com_level_input_switched,52,0,0,0,0,default_table,b,b,,,218,0xe157c96f345eb3d8
62,com_level_input_switched,53,0,0,0,0,default_table,b,b,,,218,0xe157c96f345eb3d8
62,com_level_input_switched,54,0,0,0,0,default_table,b,b,,,218,0xe157c96f345eb3d8
62,com_level_input_switched,55,0,0,0,0,default_table,b,b,,,218,0xe157c96f345eb3d8
62,com_level_input_switched,56,0,0,0,0,default_table,b,b,,,218,0xe157c96f345eb3d8
62,com_level_input_switched,57,0,0,0,0,default_table,b,b,,,218,0xe157c96f345eb3d8
62,com_level_input_switched,58,0,0,0,0,default_table,b,b,,,218,0xe157c96f345eb3d8
62,com_level_input_switched,59,0,0,0,0,default_table,b,b,,,218,0xe157c96f345eb3d8
62,com_level_input_switched,60,0,0,0,0,default_table,b,b,,,218,0xe157c96f345eb3d8
62,com_level_input_switched,61,0,0,0,0,default_table,b,b,,,218,0xe157c96f345eb3d8
62,com_level_input_switched,62,0,0,0,0,default_table,b,b,,,218,0xe157c96f345eb3d8
62,com_level_input_switched,63,0,0,0,0,default_table,b,b,,,218,0xe157c96f345eb3d8
62,com_level_input_switched,64,0,0,0,0,default_table,b,b,,,218,0xe157c96f345eb3d8
63,com_level_input_2_pin,1,0,0,0,0,default_table,b,b,,,165,0xb457155f821dc4a5
63,com_level_input_2_pin,2,0,0,0,0,default_table,b,b,,,165,0xb457155f821dc4a5
63,com_level_input_2_pin,3,0,0,0,0,default_table,b,b,,,165,0xb457155f821dc4a5
63,com_level_input_2_pin,4,0,0,0,0,default_table,b,b,,,165,0xb457155f821dc4a5
63,com_level_input_2_pin,5,0,0,0,0,default_table,b,b,,,165,0xb457155f821dc4a5
63,com_level_input_2_pin,6,0,0,0,0,default_table,b,b,,,165,0xb457155f821dc4a5
63,com_level_input_2_pin,7,0,0,0,0,default_table,b,b,,,165,0xb457155f821dc4a5
63,com_level_input_2_pin,8,0,0,0,0,default_table,b,b,,,165,0xb457155f821dc4a5
63,com_level_input_2_pin,9,0,0,0,0,default_table,b,b,,,165,0xb457155f821dc4a5
63,com_level_input_2_pin,10,0,0,0,0,default_table,b,b,,,165,0xb457155f821dc4a5
63,com_level_input_2_pin,11,0,0,0,0,default_table,b,b,,,165,0xb457155f821dc4a5
63,com_level_input_2_pin,12,0,0,0,0,default_table,b,b,,,165,0xb457155f821dc4a5
63,com_level_input_2_pin,13,0,0,0,0,default_table,b,b,,,165,0xb457155f821dc4a5
63,com_level_input_2_pin,14,0,0,0,0,default_table,b,b,,,165,0xb457155f821dc4a5
63,com_level_input_2_pin,15,0,0,0,0,default_table,b,b,,,165,0xb457155f821dc4a5
63,com_level_input_2_pin,16,0,0,0,0,default_table,b,b,,,165,0xb457155f821dc4a5
63,com_level_input_2_pin,17,0,0,0,0,default_table,b,b,,,165,0xb457155f821dc4a5
63,com_level_input_2_pin,18,0,0,0,0,default_table,b,b,,,165,0xb457155f821dc4a5
63,com_level_input_2_pin,19,0,0,0,0,default_table,b,b,,,165,0xb457155f821dc4a5
63,com_level_input_2_pin,20,0,0,0,0,default_table,b,b,,,165,0xb457155f821dc4a5
63,com_level_input_2_pin,21,0,0,0,0,default_table,b,b,,,165,0xb457155f821dc4a5
63,com_level_input_2_pin,22,0,0,0,0,default_table,b,b,,,165,0xb457155f821dc4a5
63,com_level_input_2_pin,23,0,0,0,0,default_table,b,b,,,165,0xb457155f821dc4a5
63,com_level_input_2_pin,24,0,0,0,0,default_table,b,b,,,165,0xb457155f821dc4a5
63,com_level_input_2_pin,25,0,0,0,0,default_table,b,b,,,165,0xb457155f821dc4a5
63,com_level_input_2_pin,26,0,0,0,0,default_table,b,b,,,165,0xb457155f821dc4a5
63,com_level_input_2_pin,27,0,0,0,0,default_table,b,b,,,165,0xb457155f821dc4a5
63,com_level_input_2_pin,28,0,0,0,0,default_table,b,b,,,165,0xb457155f821dc4a5
63,com_level_input_2_pin,29,0,0,0,0,default_table,b,b,,,165,0xb457155f821dc4a5
63,com_level_input_2_pin,30,0,0,0,0,default_table,b,b,,,165,0xb457155f821dc4a5
63,com_level_input_2_pin,31,0,0,0,0,default_table,b,b,,,165,0xb457155f821dc4a5
63,com_level_input_2_pin,32,0,0,0,0,default_table,b,b,,,165,0xb457155f821dc4a5
63,com_level_input_2_pin,33,0,0,0,0,default_table,b,b,,,165,0xb457155f821dc4a5
63,com_level_input_2_pin,34,0,0,0,0,default_table,b,b,,,165,0xb457155f821dc4a5
63,com_level_input_2_pin,35,0,0,0,0,default_table,b,b,,,165,0xb457155f821dc4a5
63,com_level_input_2_pin,36,0,0,0,0,default_table,b,b,,,165,0xb457155f821dc4a5
63,com_level_input_2_pin,37,0,0,0,0,default_table,b,b,,,165,0xb457155f821dc4a5
63,com_level_input_2_pin,38,0,0,0,0,default_table,b,b,,,165,0xb457155f821dc4a5
63,com_level_input_2_pin,39,0,0,0,0,default_table,b,b,,,165,0xb457155f821dc4a5
63,com_level_input_2_pin,40,0,0,0,0,default_table,b,b,,,165,0xb457155f821dc4a5
63,com_level_input_2_pin,41,0,0,0,0,default_table,b,b,,,165,0xb457155f821dc4a5
63,com_level_input_2_pin,42,0,0,0,0,default_table,b,b,,,165,0xb457155f821dc4a5
63,com_level_input_2_pin,43,0,0,0,0,default_table,b,b,,,165,0xb457155f821dc4a5
63,com_level_input_2_pin,44,0,0,0,0,default_table,b,b,,,165,0xb457155f821dc4a5
63,com_level_input_2_pin,45,0,0,0,0,default_table,b,b,,,165,0xb457155f821dc4a5
63,com_level_input_2_pin,46,0,0,0,0,default_table,b,b,,,165,0xb457155f821dc4a5
63,com_level_input_2_pin,47,0,0,0,0,default_table,b,b,,,165,0xb457155f821dc4a5
63,com_level_input_2_pin,48,0,0,0,0,default_table,b,b,,,165,0xb457155f821dc4a5
63,com_level_input_2_pin,49,0,0,0,0,default_table,b,b,,,165,0xb457155f821dc4a5
63,com_level_input_2_pin,50,0,0,0,0,default_table,b,b,,,165,0xb457155f821dc4a5
63,com_level_input_2_pin,51,0,0,0,0,default_table,b,b,,,165,0xb457155f821dc4a5
63,com_level_input_2_pin,52,0,0,0,0,default_table,b,b,,,165,0xb457155f821dc4a5
63,com_level_input_2_pin,53,0,0,0,0,default_table,b,b,,,165,0xb457155f821dc4a5
63,com_level_input_2_pin,54,0,0,0,0,default_table,b,b,,,165,0xb457155f821dc4a5
63,com_level_input_2_pin,55,0,0,0,0,default_table,b,b,,,165,0xb457155f821dc4a5
63,com_level_input_2_pin,56,0,0,0,0,default_table,b,b,,,165,0xb457155f821dc4a5
63,com_level_input_2_pin,57,0,0,0,0,default_table,b,b,,,165,0xb457155f821dc4a5
63,com_level_input_2_pin,58,0,0,0,0,default_table,b,b,,,165,0xb457155f821dc4a5
63,com_level_input_2_pin,59,0,0,0,0,default_table,b,b,,,165,0xb457155f821dc4a5
63,com_level_input_2_pin,60,0,0,0,0,default_table,b,b,,,165,0xb457155f821dc4a5
63,com_level_input_2_pin,61,0,0,0,0,default_table,b,b,,,165,0xb457155f821dc4a5
63,com_level_input_2_pin,62,0,0,0,0,default_table,b,b,,,165,0xb457155f821dc4a5
63,com_level_input_2_pin,63,0,0,0,0,default_table,b,b,,,165,0xb457155f821dc4a5
63,com_level_input_2_pin,64,0,0,0,0,default_table,b,b,,,165,0xb457155f821dc4a5
64,com_level_input_3_pin,1,0,0,0,0,default_table,b,b,,,80,0xc501e061aa66de50
64,com_level_input_3_pin,2,0,0,0,0,default_table,b,b,,,80,0xc501e061aa66de50
64,com_level_input_3_pin,3,0,0,0,0,default_table,b,b,,,80,0xc501e061aa66de50
64,com_level_input_3_pin,4,0,0,0,0,default_table,b,b,,,80,0xc501e061aa66de50
64,com_level_input_3_pin,5,0,0,0,0,default_table,b,b,,,80,0xc501e061aa66de50
64,com_level_input_3_pin,6,0,0,0,0,default_table,b,b,,,80,0xc501e061aa66de50
64,com_level_input_3_pin,7,0,0,0,0,default_table,b,b,,,80,0xc501e061aa66de50
64,com_level_input_3_pin,8,0,0,0,0,default_table,b,b,,,80,0xc501e061aa66de50
64,com_level_input_3_pin,9,0,0,0,0,default_table,b,b,,,80,0xc501e061aa66de50
64,com_level_input_3_pin,10,0,0,0,0,default_table,b,b,,,80,0xc501e061aa66de50
64,com_level_input_3_pin,11,0,0,0,0,default_table,b,b,,,80,0xc501e061aa66de50
64,com_level_input_3_pin,12,0,0,0,0,default_table,b,b,,,80,0xc501e061aa66de50
64,com_level_input_3_pin,13,0,0,0,0,default_table,b,b,,,80,0xc501e061aa66de50
64,com_level_input_3_pin,14,0,0,0,0,default_table,b,b,,,80,0xc501e061aa66de50
64,com_level_input_3_pin,15,0,0,0,0,default_table,b,b,,,80,0xc501e061aa66de50
64,com_level_input_3_pin,16,0,0,0,0,default_table,b,b,,,80,0xc501e061aa66de50
64,com_level_input_3_pin,17,0,0,0,0,default_table,b,b,,,80,0xc501e061aa66de50
64,com_level_input_3_pin,18,0,0,0,0,default_table,b,b,,,80,0xc501e061aa66de50
64,com_level_input_3_pin,19,0,0,0,0,default_table,b,b,,,80,0xc501e061aa66de50
64,com_level_input_3_pin,20,0,0,0,0,default_table,b,b,,,80,0xc501e061aa66de50
64,com_level_input_3_pin,21,0,0,0,0,default_table,b,b,,,80,0xc501e061aa66de50
64,com_level_input_3_pin,22,0,0,0,0,default_table,b,b,,,80,0xc501e061aa66de50
64,com_level_input_3_pin,23,0,0,0,0,default_table,b,b,,,80,0xc501e061aa66de50
64,com_level_input_3_pin,24,0,0,0,0,default_table,b,b,,,80,0xc501e061aa66de50
64,com_level_input_3_pin,25,0,0,0,0,default_table,b,b,,,80,0xc501e061aa66de50
64,com_level_input_3_pin,26,0,0,0,0,default_table,b,b,,,80,0xc501e061aa66de50
64,com_level_input_3_pin,27,0,0,0,0,default_table,b,b,,,80,0xc501e061aa66de50
64,com_level_input_3_pin,28,0,0,0,0,default_table,b,b,,,80,0xc501e061aa66de50
64,com_level_input_3_pin,29,0,0,0,0,default_table,b,b,,,80,0xc501e061aa66de50
64,com_level_input_3_pin,30,0,0,0,0,default_table,b,b,,,80,0xc501e061aa66de50
64,com_level_input_3_pin,31,0,0,0,0,default_table,b,b,,,80,0xc501e061aa66de50
64,com_level_input_3_pin,32,0,0,0,0,default_table,b,b,,,80,0xc501e061aa66de50
64,com_level_input_3_pin,33,0,0,0,0,default_table,b,b,,,80,0xc501e061aa66de50
64,com_level_input_3_pin,34,0,0,0,0,default_table,b,b,,,80,0xc501e061aa66de50
64,com_level_input_3_pin,35,0,0,0,0,default_table,b,b,,,80,0xc501e061aa66de50
64,com_level_input_3_pin,36,0,0,0,0,default_table,b,b,,,80,0xc501e061aa66de50
64,com_level_input_3_pin,37,0,0,0,0,default_table,b,b,,,80,0xc501e061aa66de50
64,com_level_input_3_pin,38,0,0,0,0,default_table,b,b,,,80,0xc501e061aa66de50
64,com_level_input_3_pin,39,0,0,0,0,default_table,b,b,,,80,0xc501e061aa66de50
64,com_level_input_3_pin,40,0,0,0,0,default_table,b,b,,,80,0xc501e061aa66de50
64,com_level_input_3_pin,41,0,0,0,0,default_table,b,b,,,80,0xc501e061aa66de50
64,com_level_input_3_pin,42,0,0,0,0,default_table,b,b,,,80,0xc501e061aa66de50
64,com_level_input_3_pin,43,0,0,0,0,default_table,b,b,,,80,0xc501e061aa66de50
64,com_level_input_3_pin,44,0,0,0,0,default_table,b,b,,,80,0xc501e061aa66de50
64,com_level_input_3_pin,45,0,0,0,0,default_table,b,b,,,80,0xc501e061aa66de50
64,com_level_input_3_pin,46,0,0,0,0,default_table,b,b,,,80,0xc501e061aa66de50
64,com_level_input_3_pin,47,0,0,0,0,default_table,b,b,,,80,0xc501e061aa66de50
64,com_level_input_3_pin,48,0,0,0,0,default_table,b,b,,,80,0xc501e061aa66de50
64,com_level_input_3_pin,49,0,0,0,0,default_table,b,b,,,80,0xc501e061aa66de50
64,com_level_input_3_pin,50,0,0,0,0,default_table,b,b,,,80,0xc501e061aa66de50
64,com_level_input_3_pin,51,0,0,0,0,default_table,b,b,,,80,0xc501e061aa66de50
64,com_level_input_3_pin,52,0,0,0,0,default_table,b,b,,,80,0xc501e061aa66de50
64,com_level_input_3_pin,53,0,0,0,0,default_table,b,b,,,80,0xc501e061aa66de50
64,com_level_input_3_pin,54,0,0,0,0,default_table,b,b,,,80,0xc501e061aa66de50
64,com_level_input_3_pin,55,0,0,0,0,default_table,b,b,,,80,0xc501e061aa66de50
64,com_level_input_3_pin,56,0,0,0,0,default_table,b,b,,,80,0xc501e061aa66de50
64,com_level_input_3_pin,57,0,0,0,0,default_table,b,b,,,80,0xc501e061aa66de50
64,com_level_input_3_pin,58,0,0,0,0,default_table,b,b,,,80,0xc501e061aa66de50
64,com_level_input_3_pin,59,0,0,0,0,default_table,b,b,,,80,0xc501e061aa66de50
64,com_level_input_3_pin,60,0,0,0,0,default_table,b,b,,,80,0xc501e061aa66de50
64,com_level_input_3_pin,61,0,0,0,0,default_table,b,b,,,80,0xc501e061aa66de50
64,com_level_input_3_pin,62,0,0,0,0,default_table,b,b,,,80,0xc501e061aa66de50
64,com_level_input_3_pin,63,0,0,0,0,default_table,b,b,,,80,0xc501e061aa66de50
64,com_level_input_3_pin,64,0,0,0,0,default_table,b,b,,,80,0xc501e061aa66de50
65,com_level_input_4_pin,1,0,0,0,0,default_table,b,b,,,136,0x65c57be0a81af886
65,com_level_input_4_pin,2,0,0,0,0,default_table,b,b,,,136,0x65c57be0a81af886
65,com_level_input_4_pin,3,0,0,0,0,default_table,b,b,,,136,0x65c57be0a81af886
65,com_level_input_4_pin,4,0,0,0,0,default_table,b,b,,,136,0x65c57be0a81af886
65,com_level_input_4_pin,5,0,0,0,0,default_table,b,b,,,136,0x65c57be0a81af886
65,com_level_input_4_pin,6,0,0,0,0,default_table,b,b,,,136,0x65c57be0a81af886
65,com_level_input_4_pin,7,0,0,0,0,default_table,b,b,,,136,0x65c57be0a81af886
65,com_level_input_4_pin,8,0,0,0,0,default_table,b,b,,,136,0x65c57be0a81af886
65,com_level_input_4_pin,9,0,0,0,0,default_table,b,b,,,136,0x65c57be0a81af886
65,com_level_input_4_pin,10,0,0,0,0,default_table,b,b,,,136,0x65c57be0a81af886
65,com_level_input_4_pin,11,0,0,0,0,default_table,b,b,,,136,0x65c57be0a81af886
65,com_level_input_4_pin,12,0,0,0,0,default_table,b,b,,,136,0x65c57be0a81af886
65,com_level_input_4_pin,13,0,0,0,0,default_table,b,b,,,136,0x65c57be0a81af886
65,com_level_input_4_pin,14,0,0,0,0,default_table,b,b,,,136,0x65c57be0a81af886
65,com_level_input_4_pin,15,0,0,0,0,default_table,b,b,,,136,0x65c57be0a81af886
65,com_level_input_4_pin,16,0,0,0,0,default_table,b,b,,,136,0x65c57be0a81af886
65,com_level_input_4_pin,17,0,0,0,0,default_table,b,b,,,136,0x65c57be0a81af886
65,com_level_input_4_pin,18,0,0,0,0,default_table,b,b,,,136,0x65c57be0a81af886
65,com_level_input_4_pin,19,0,0,0,0,default_table,b,b,,,136,0x65c57be0a81af886
65,com_level_input_4_pin,20,0,0,0,0,default_table,b,b,,,136,0x65c57be0a81af886
65,com_level_input_4_pin,21,0,0,0,0,default_table,b,b,,,136,0x65c57be0a81af886
65,com_level_input_4_pin,22,0,0,0,0,default_table,b,b,,,136,0x65c57be0a81af886
65,com_level_input_4_pin,23,0,0,0,0,default_table,b,b,,,136,0x65c57be0a81af886
65,com_level_input_4_pin,24,0,0,0,0,default_table,b,b,,,136,0x65c57be0a81af886
65,com_level_input_4_pin,25,0,0,0,0,default_table,b,b,,,136,0x65c57be0a81af886
65,com_level_input_4_pin,26,0,0,0,0,default_table,b,b,,,136,0x65c57be0a81af886
65,com_level_input_4_pin,27,0,0,0,0,default_table,b,b,,,136,0x65c57be0a81af886
65,com_level_input_4_pin,28,0,0,0,0,default_table,b,b,,,136,0x65c57be0a81af886
65,com_level_input_4_pin,29,0,0,0,0,default_table,b,b,,,136,0x65c57be0a81af886
65,com_level_input_4_pin,30,0,0,0,0,default_table,b,b,,,136,0x65c57be0a81af886
65,com_level_input_4_pin,31,0,0,0,0,default_table,b,b,,,136,0x65c57be0a81af886
65,com_level_input_4_pin,32,0,0,0,0,default_table,b,b,,,136,0x65c57be0a81af886
65,com_level_input_4_pin,33,0,0,0,0,default_table,b,b,,,136,0x65c57be0a81af886
65,com_level_input_4_pin,34,0,0,0,0,default_table,b,b,,,136,0x65c57be0a81af886
65,com_level_input_4_pin,35,0,0,0,0,default_table,b,b,,,136,0x65c57be0a81af886
65,com_level_input_4_pin,36,0,0,0,0,default_table,b,b,,,136,0x65c57be0a81af886
65,com_level_input_4_pin,37,0,0,0,0,default_table,b,b,,,136,0x65c57be0a81af886
65,com_level_input_4_pin,38,0,0,0,0,default_table,b,b,,,136,0x65c57be0a81af886
65,com_level_input_4_pin,39,0,0,0,0,default_table,b,b,,,136,0x65c57be0a81af886
65,com_level_input_4_pin,40,0,0,0,0,default_table,b,b,,,136,0x65c57be0a81af886
65,com_level_input_4_pin,41,0,0,0,0,default_table,b,b,,,136,0x65c57be0a81af886
65,com_level_input_4_pin,42,0,0,0,0,default_table,b,b,,,136,0x65c57be0a81af886
65,com_level_input_4_pin,43,0,0,0,0,default_table,b,b,,,136,0x65c57be0a81af886
65,com_level_input_4_pin,44,0,0,0,0,default_table,b,b,,,136,0x65c57be0a81af886
65,com_level_input_4_pin,45,0,0,0,0,default_table,b,b,,,136,0x65c57be0a81af886
65,com_level_input_4_pin,46,0,0,0,0,default_table,b,b,,,136,0x65c57be0a81af886
65,com_level_input_4_pin,47,0,0,0,0,default_table,b,b,,,136,0x65c57be0a81af886
65,com_level_input_4_pin,48,0,0,0,0,default_table,b,b,,,136,0x65c57be0a81af886
65,com_level_input_4_pin,49,0,0,0,0,default_table,b,b,,,136,0x65c57be0a81af886
65,com_level_input_4_pin,50,0,0,0,0,default_table,b,b,,,136,0x65c57be0a81af886
65,com_level_input_4_pin,51,0,0,0,0,default_table,b,b,,,136,0x65c57be0a81af886
65,com_level_input_4_pin,52,0,0,0,0,default_table,b,b,,,136,0x65c57be0a81af886
65,com_level_input_4_pin,53,0,0,0,0,default_table,b,b,,,136,0x65c57be0a81af886
65,com_level_input_4_pin,54,0,0,0,0,default_table,b,b,,,136,0x65c57be0a81af886
65,com_level_input_4_pin,55,0,0,0,0,default_table,b,b,,,136,0x65c57be0a81af886
65,com_level_input_4_pin,56,0,0,0,0,default_table,b,b,,,136,0x65c57be0a81af886
65,com_level_input_4_pin,57,0,0,0,0,default_table,b,b,,,136,0x65c57be0a81af886
65,com_level_input_4_pin,58,0,0,0,0,default_table,b,b,,,136,0x65c57be0a81af886
65,com_level_input_4_pin,59,0,0,0,0,default_table,b,b,,,136,0x65c57be0a81af886
65,com_level_input_4_pin,60,0,0,0,0,default_table,b,b,,,136,0x65c57be0a81af886
65,com_level_input_4_pin,61,0,0,0,0,default_table,b,b,,,136,0x65c57be0a81af886
65,com_level_input_4_pin,62,0,0,0,0,default_table,b,b,,,136,0x65c57be0a81af886
65,com_level_input_4_pin,63,0,0,0,0,default_table,b,b,,,136,0x65c57be0a81af886
65,com_level_input_4_pin,64,0,0,0,0,default_table,b,b,,,136,0x65c57be0a81af886
66,com_deleted_16,1,0,0,0,0,default_table,b,b,,,234,0x6e32b9a25c86dcea
66,com_deleted_16,2,0,0,0,0,default_table,b,b,,,234,0x6e32b9a25c86dcea
66,com_deleted_16,3,0,0,0,0,default_table,b,b,,,234,0x6e32b9a25c86dcea
66,com_deleted_16,4,0,0,0,0,default_table,b,b,,,234,0x6e32b9a25c86dcea
66,com_deleted_16,5,0,0,0,0,default_table,b,b,,,234,0x6e32b9a25c86dcea
66,com_deleted_16,6,0,0,0,0,default_table,b,b,,,234,0x6e32b9a25c86dcea
66,com_deleted_16,7,0,0,0,0,default_table,b,b,,,234,0x6e32b9a25c86dcea
66,com_deleted_16,8,0,0,0,0,default_table,b,b,,,234,0x6e32b9a25c86dcea
66,com_deleted_16,9,0,0,0,0,default_table,b,b,,,234,0x6e32b9a25c86dcea
66,com_deleted_16,10,0,0,0,0,default_table,b,b,,,234,0x6e32b9a25c86dcea
66,com_deleted_16,11,0,0,0,0,default_table,b,b,,,234,0x6e32b9a25c86dcea
66,com_deleted_16,12,0,0,0,0,default_table,b,b,,,234,0x6e32b9a25c86dcea
66,com_deleted_16,13,0,0,0,0,default_table,b,b,,,234,0x6e32b9a25c86dcea
66,com_deleted_16,14,0,0,0,0,default_table,b,b,,,234,0x6e32b9a25c86dcea
66,com_deleted_16,15,0,0,0,0,default_table,b,b,,,234,0x6e32b9a25c86dcea
66,com_deleted_16,16,0,0,0,0,default_table,b,b,,,234,0x6e32b9a25c86dcea
66,com_deleted_16,17,0,0,0,0,default_table,b,b,,,234,0x6e32b9a25c86dcea
66,com_deleted_16,18,0,0,0,0,default_table,b,b,,,234,0x6e32b9a25c86dcea
66,com_deleted_16,19,0,0,0,0,default_table,b,b,,,234,0x6e32b9a25c86dcea
66,com_deleted_16,20,0,0,0,0,default_table,b,b,,,234,0x6e32b9a25c86dcea
66,com_deleted_16,21,0,0,0,0,default_table,b,b,,,234,0x6e32b9a25c86dcea
66,com_deleted_16,22,0,0,0,0,default_table,b,b,,,234,0x6e32b9a25c86dcea
66,com_deleted_16,23,0,0,0,0,default_table,b,b,,,234,0x6e32b9a25c86dcea
66,com_deleted_16,24,0,0,0,0,default_table,b,b,,,234,0x6e32b9a25c86dcea
66,com_deleted_16,25,0,0,0,0,default_table,b,b,,,234,0x6e32b9a25c86dcea
66,com_deleted_16,26,0,0,0,0,default_table,b,b,,,234,0x6e32b9a25c86dcea
66,com_deleted_16,27,0,0,0,0,default_table,b,b,,,234,0x6e32b9a25c86dcea
66,com_deleted_16,28,0,0,0,0,default_table,b,b,,,234,0x6e32b9a25c86dcea
66,com_deleted_16,29,0,0,0,0,default_table,b,b,,,234,0x6e32b9a25c86dcea
66,com_deleted_16,30,0,0,0,0,default_table,b,b,,,234,0x6e32b9a25c86dcea
66,com_deleted_16,31,0,0,0,0,default_table,b,b,,,234,0x6e32b9a25c86dcea
66,com_deleted_16,32,0,0,0,0,default_table,b,b,,,234,0x6e32b9a25c86dcea
66,com_deleted_16,33,0,0,0,0,default_table,b,b,,,234,0x6e32b9a25c86dcea
66,com_deleted_16,34,0,0,0,0,default_table,b,b,,,234,0x6e32b9a25c86dcea
66,com_deleted_16,35,0,0,0,0,default_table,b,b,,,234,0x6e32b9a25c86dcea
66,com_deleted_16,36,0,0,0,0,default_table,b,b,,,234,0x6e32b9a25c86dcea
66,com_deleted_16,37,0,0,0,0,default_table,b,b,,,234,0x6e32b9a25c86dcea
66,com_deleted_16,38,0,0,0,0,default_table,b,b,,,234,0x6e32b9a25c86dcea
66,com_deleted_16,39,0,0,0,0,default_table,b,b,,,234,0x6e32b9a25c86dcea
66,com_deleted_16,40,0,0,0,0,default_table,b,b,,,234,0x6e32b9a25c86dcea
66,com_deleted_16,41,0,0,0,0,default_table,b,b,,,234,0x6e32b9a25c86dcea
66,com_deleted_16,42,0,0,0,0,default_table,b,b,,,234,0x6e32b9a25c86dcea
66,com_deleted_16,43,0,0,0,0,default_table,b,b,,,234,0x6e32b9a25c86dcea
66,com_deleted_16,44,0,0,0,0,default_table,b,b,,,234,0x6e32b9a25c86dcea
66,com_deleted_16,45,0,0,0,0,default_table,b,b,,,234,0x6e32b9a25c86dcea
66,com_deleted_16,46,0,0,0,0,default_table,b,b,,,234,0x6e32b9a25c86dcea
66,com_deleted_16,47,0,0,0,0,default_table,b,b,,,234,0x6e32b9a25c86dcea
66,com_deleted_16,48,0,0,0,0,default_table,b,b,,,234,0x6e32b9a25c86dcea
66,com_deleted_16,49,0,0,0,0,default_table,b,b,,,234,0x6e32b9a25c86dcea
66,com_deleted_16,50,0,0,0,0,default_table,b,b,,,234,0x6e32b9a25c86dcea
66,com_deleted_16,51,0,0,0,0,default_table,b,b,,,234,0x6e32b9a25c86dcea
66,com_deleted_16,52,0,0,0,0,default_table,b,b,,,234,0x6e32b9a25c86dcea
66,com_deleted_16,53,0,0,0,0,default_table,b,b,,,234,0x6e32b9a25c86dcea
66,com_deleted_16,54,0,0,0,0,default_table,b,b,,,234,0x6e32b9a25c86dcea
66,com_deleted_16,55,0,0,0,0,default_table,b,b,,,234,0x6e32b9a25c86dcea
66,com_deleted_16,56,0,0,0,0,default_table,b,b,,,234,0x6e32b9a25c86dcea
66,com_deleted_16,57,0,0,0,0,default_table,b,b,,,234,0x6e32b9a25c86dcea
66,com_deleted_16,58,0,0,0,0,default_table,b,b,,,234,0x6e32b9a25c86dcea
66,com_deleted_16,59,0,0,0,0,default_table,b,b,,,234,0x6e32b9a25c86dcea
66,com_deleted_16,60,0,0,0,0,default_table,b,b,,,234,0x6e32b9a25c86dcea
66,com_deleted_16,61,0,0,0,0,default_table,b,b,,,234,0x6e32b9a25c86dcea
66,com_deleted_16,62,0,0,0,0,default_table,b,b,,,234,0x6e32b9a25c86dcea
66,com_deleted_16,63,0,0,0,0,default_table,b,b,,,234,0x6e32b9a25c86dcea
66,com_deleted_16,64,0,0,0,0,default_table,b,b,,,234,0x6e32b9a25c86dcea
67,com_deleted_17,1,0,0,0,0,default_table,b,b,,,133,0xcaebf3a6bfdefa85
67,com_deleted_17,2,0,0,0,0,default_table,b,b,,,133,0xcaebf3a6bfdefa85
67,com_deleted_17,3,0,0,0,0,default_table,b,b,,,133,0xcaebf3a6bfdefa85
67,com_deleted_17,4,0,0,0,0,default_table,b,b,,,133,0xcaebf3a6bfdefa85
67,com_deleted_17,5,0,0,0,0,default_table,b,b,,,133,0xcaebf3a6bfdefa85
67,com_deleted_17,6,0,0,0,0,default_table,b,b,,,133,0xcaebf3a6bfdefa85
67,com_deleted_17,7,0,0,0,0,default_table,b,b,,,133,0xcaebf3a6bfdefa85
67,com_deleted_17,8,0,0,0,0,default_table,b,b,,,133,0xcaebf3a6bfdefa85
67,com_deleted_17,9,0,0,0,0,default_table,b,b,,,133,0xcaebf3a6bfdefa85
67,com_deleted_17,10,0,0,0,0,default_table,b,b,,,133,0xcaebf3a6bfdefa85
67,com_deleted_17,11,0,0,0,0,default_table,b,b,,,133,0xcaebf3a6bfdefa85
67,com_deleted_17,12,0,0,0,0,default_table,b,b,,,133,0xcaebf3a6bfdefa85
67,com_deleted_17,13,0,0,0,0,default_table,b,b,,,133,0xcaebf3a6bfdefa85
67,com_deleted_17,14,0,0,0,0,default_table,b,b,,,133,0xcaebf3a6bfdefa85
67,com_deleted_17,15,0,0,0,0,default_table,b,b,,,133,0xcaebf3a6bfdefa85
67,com_deleted_17,16,0,0,0,0,default_table,b,b,,,133,0xcaebf3a6bfdefa85
67,com_deleted_17,17,0,0,0,0,default_table,b,b,,,133,0xcaebf3a6bfdefa85
67,com_deleted_17,18,0,0,0,0,default_table,b,b,,,133,0xcaebf3a6bfdefa85
67,com_deleted_17,19,0,0,0,0,default_table,b,b,,,133,0xcaebf3a6bfdefa85
67,com_deleted_17,20,0,0,0,0,default_table,b,b,,,133,0xcaebf3a6bfdefa85
67,com_deleted_17,21,0,0,0,0,default_table,b,b,,,133,0xcaebf3a6bfdefa85
67,com_deleted_17,22,0,0,0,0,default_table,b,b,,,133,0xcaebf3a6bfdefa85
67,com_deleted_17,23,0,0,0,0,default_table,b,b,,,133,0xcaebf3a6bfdefa85
67,com_deleted_17,24,0,0,0,0,default_table,b,b,,,133,0xcaebf3a6bfdefa85
67,com_deleted_17,25,0,0,0,0,default_table,b,b,,,133,0xcaebf3a6bfdefa85
67,com_deleted_17,26,0,0,0,0,default_table,b,b,,,133,0xcaebf3a6bfdefa85
67,com_deleted_17,27,0,0,0,0,default_table,b,b,,,133,0xcaebf3a6bfdefa85
67,com_deleted_17,28,0,0,0,0,default_table,b,b,,,133,0xcaebf3a6bfdefa85
67,com_deleted_17,29,0,0,0,0,default_table,b,b,,,133,0xcaebf3a6bfdefa85
67,com_deleted_17,30,0,0,0,0,default_table,b,b,,,133,0xcaebf3a6bfdefa85
67,com_deleted_17,31,0,0,0,0,default_table,b,b,,,133,0xcaebf3a6bfdefa85
67,com_deleted_17,32,0,0,0,0,default_table,b,b,,,133,0xcaebf3a6bfdefa85
67,com_deleted_17,33,0,0,0,0,default_table,b,b,,,133,0xcaebf3a6bfdefa85
67,com_deleted_17,34,0,0,0,0,default_table,b,b,,,133,0xcaebf3a6bfdefa85
67,com_deleted_17,35,0,0,0,0,default_table,b,b,,,133,0xcaebf3a6bfdefa85
67,com_deleted_17,36,0,0,0,0,default_table,b,b,,,133,0xcaebf3a6bfdefa85
67,com_deleted_17,37,0,0,0,0,default_table,b,b,,,133,0xcaebf3a6bfdefa85
67,com_deleted_17,38,0,0,0,0,default_table,b,b,,,133,0xcaebf3a6bfdefa85
67,com_deleted_17,39,0,0,0,0,default_table,b,b,,,133,0xcaebf3a6bfdefa85
67,com_deleted_17,40,0,0,0,0,default_table,b,b,,,133,0xcaebf3a6bfdefa85
67,com_deleted_17,41,0,0,0,0,default_table,b,b,,,133,0xcaebf3a6bfdefa85
67,com_deleted_17,42,0,0,0,0,default_table,b,b,,,133,0xcaebf3a6bfdefa85
67,com_deleted_17,43,0,0,0,0,default_table,b,b,,,133,0xcaebf3a6bfdefa85
67,com_deleted_17,44,0,0,0,0,default_table,b,b,,,133,0xcaebf3a6bfdefa85
67,com_deleted_17,45,0,0,0,0,default_table,b,b,,,133,0xcaebf3a6bfdefa85
67,com_deleted_17,46,0,0,0,0,default_table,b,b,,,133,0xcaebf3a6bfdefa85
67,com_deleted_17,47,0,0,0,0,default_table,b,b,,,133,0xcaebf3a6bfdefa85
67,com_deleted_17,48,0,0,0,0,default_table,b,b,,,133,0xcaebf3a6bfdefa85
67,com_deleted_17,49,0,0,0,0,default_table,b,b,,,133,0xcaebf3a6bfdefa85
67,com_deleted_17,50,0,0,0,0,default_table,b,b,,,133,0xcaebf3a6bfdefa85
67,com_deleted_17,51,0,0,0,0,default_table,b,b,,,133,0xcaebf3a6bfdefa85
67,com_deleted_17,52,0,0,0,0,default_table,b,b,,,133,0xcaebf3a6bfdefa85
67,com_deleted_17,53,0,0,0,0,default_table,b,b,,,133,0xcaebf3a6bfdefa85
67,com_deleted_17,54,0,0,0,0,default_table,b,b,,,133,0xcaebf3a6bfdefa85
67,com_deleted_17,55,0,0,0,0,default_table,b,b,,,133,0xcaebf3a6bfdefa85
67,com_deleted_17,56,0,0,0,0,default_table,b,b,,,133,0xcaebf3a6bfdefa85
67,com_deleted_17,57,0,0,0,0,default_table,b,b,,,133,0xcaebf3a6bfdefa85
67,com_deleted_17,58,0,0,0,0,default_table,b,b,,,133,0xcaebf3a6bfdefa85
67,com_deleted_17,59,0,0,0,0,default_table,b,b,,,133,0xcaebf3a6bfdefa85
67,com_deleted_17,60,0,0,0,0,default_table,b,b,,,133,0xcaebf3a6bfdefa85
67,com_deleted_17,61,0,0,0,0,default_table,b,b,,,133,0xcaebf3a6bfdefa85
67,com_deleted_17,62,0,0,0,0,default_table,b,b,,,133,0xcaebf3a6bfdefa85
67,com_deleted_17,63,0,0,0,0,default_table,b,b,,,133,0xcaebf3a6bfdefa85
67,com_deleted_17,64,0,0,0,0,default_table,b,b,,,133,0xcaebf3a6bfdefa85
68,com_level_output_1_pin,1,0,0,0,0,default_table,b,b,,,42,0xbdd000b27cf8f629
68,com_level_output_1_pin,2,0,0,0,0,default_table,b,b,,,42,0xbdd000b27cf8f629
68,com_level_output_1_pin,3,0,0,0,0,default_table,b,b,,,42,0xbdd000b27cf8f629
68,com_level_output_1_pin,4,0,0,0,0,default_table,b,b,,,42,0xbdd000b27cf8f629
68,com_level_output_1_pin,5,0,0,0,0,default_table,b,b,,,42,0xbdd000b27cf8f629
68,com_level_output_1_pin,6,0,0,0,0,default_table,b,b,,,42,0xbdd000b27cf8f629
68,com_level_output_1_pin,7,0,0,0,0,default_table,b,b,,,42,0xbdd000b27cf8f629
68,com_level_output_1_pin,8,0,0,0,0,default_table,b,b,,,42,0xbdd000b27cf8f629
68,com_level_output_1_pin,9,0,0,0,0,default_table,b,b,,,42,0xbdd000b27cf8f629
68,com_level_output_1_pin,10,0,0,0,0,default_table,b,b,,,42,0xbdd000b27cf8f629
68,com_level_output_1_pin,11,0,0,0,0,default_table,b,b,,,42,0xbdd000b27cf8f629
68,com_level_output_1_pin,12,0,0,0,0,default_table,b,b,,,42,0xbdd000b27cf8f629
68,com_level_output_1_pin,13,0,0,0,0,default_table,b,b,,,42,0xbdd000b27cf8f629
68,com_level_output_1_pin,14,0,0,0,0,default_table,b,b,,,42,0xbdd000b27cf8f629
68,com_level_output_1_pin,15,0,0,0,0,default_table,b,b,,,42,0xbdd000b27cf8f629
68,com_level_output_1_pin,16,0,0,0,0,default_table,b,b,,,42,0xbdd000b27cf8f629
68,com_level_output_1_pin,17,0,0,0,0,default_table,b,b,,,42,0xbdd000b27cf8f629
68,com_level_output_1_pin,18,0,0,0,0,default_table,b,b,,,42,0xbdd000b27cf8f629
68,com_level_output_1_pin,19,0,0,0,0,default_table,b,b,,,42,0xbdd000b27cf8f629
68,com_level_output_1_pin,20,0,0,0,0,default_table,b,b,,,42,0xbdd000b27cf8f629
68,com_level_output_1_pin,21,0,0,0,0,default_table,b,b,,,42,0xbdd000b27cf8f629
68,com_level_output_1_pin,22,0,0,0,0,default_table,b,b,,,42,0xbdd000b27cf8f629
68,com_level_output_1_pin,23,0,0,0,0,default_table,b,b,,,42,0xbdd000b27cf8f629
68,com_level_output_1_pin,24,0,0,0,0,default_table,b,b,,,42,0xbdd000b27cf8f629
68,com_level_output_1_pin,25,0,0,0,0,default_table,b,b,,,42,0xbdd000b27cf8f629
68,com_level_output_1_pin,26,0,0,0,0,default_table,b,b,,,42,0xbdd000b27cf8f629
68,com_level_output_1_pin,27,0,0,0,0,default_table,b,b,,,42,0xbdd000b27cf8f629
68,com_level_output_1_pin,28,0,0,0,0,default_table,b,b,,,42,0xbdd000b27cf8f629
68,com_level_output_1_pin,29,0,0,0,0,default_table,b,b,,,42,0xbdd000b27cf8f629
68,com_level_output_1_pin,30,0,0,0,0,default_table,b,b,,,42,0xbdd000b27cf8f629
68,com_level_output_1_pin,31,0,0,0,0,default_table,b,b,,,42,0xbdd000b27cf8f629
68,com_level_output_1_pin,32,0,0,0,0,default_table,b,b,,,42,0xbdd000b27cf8f629
68,com_level_output_1_pin,33,0,0,0,0,default_table,b,b,,,42,0xbdd000b27cf8f629
68,com_level_output_1_pin,34,0,0,0,0,default_table,b,b,,,42,0xbdd000b27cf8f629
68,com_level_output_1_pin,35,0,0,0,0,default_table,b,b,,,42,0xbdd000b27cf8f629
68,com_level_output_1_pin,36,0,0,0,0,default_table,b,b,,,42,0xbdd000b27cf8f629
68,com_level_output_1_pin,37,0,0,0,0,default_table,b,b,,,42,0xbdd000b27cf8f629
68,com_level_output_1_pin,38,0,0,0,0,default_table,b,b,,,42,0xbdd000b27cf8f629
68,com_level_output_1_pin,39,0,0,0,0,default_table,b,b,,,42,0xbdd000b27cf8f629
68,com_level_output_1_pin,40,0,0,0,0,default_table,b,b,,,42,0xbdd000b27cf8f629
68,com_level_output_1_pin,41,0,0,0,0,default_table,b,b,,,42,0xbdd000b27cf8f629
68,com_level_output_1_pin,42,0,0,0,0,default_table,b,b,,,42,0xbdd000b27cf8f629
68,com_level_output_1_pin,43,0,0,0,0,default_table,b,b,,,42,0xbdd000b27cf8f629
68,com_level_output_1_pin,44,0,0,0,0,default_table,b,b,,,42,0xbdd000b27cf8f629
68,com_level_output_1_pin,45,0,0,0,0,default_table,b,b,,,42,0xbdd000b27cf8f629
68,com_level_output_1_pin,46,0,0,0,0,default_table,b,b,,,42,0xbdd000b27cf8f629
68,com_level_output_1_pin,47,0,0,0,0,default_table,b,b,,,42,0xbdd000b27cf8f629
68,com_level_output_1_pin,48,0,0,0,0,default_table,b,b,,,42,0xbdd000b27cf8f629
68,com_level_output_1_pin,49,0,0,0,0,default_table,b,b,,,42,0xbdd000b27cf8f629
68,com_level_output_1_pin,50,0,0,0,0,default_table,b,b,,,42,0xbdd000b27cf8f629
68,com_level_output_1_pin,51,0,0,0,0,default_table,b,b,,,42,0xbdd000b27cf8f629
68,com_level_output_1_pin,52,0,0,0,0,default_table,b,b,,,42,0xbdd000b27cf8f629
68,com_level_output_1_pin,53,0,0,0,0,default_table,b,b,,,42,0xbdd000b27cf8f629
68,com_level_output_1_pin,54,0,0,0,0,default_table,b,b,,,42,0xbdd000b27cf8f629
68,com_level_output_1_pin,55,0,0,0,0,default_table,b,b,,,42,0xbdd000b27cf8f629
68,com_level_output_1_pin,56,0,0,0,0,default_table,b,b,,,42,0xbdd000b27cf8f629
68,com_level_output_1_pin,57,0,0,0,0,default_table,b,b,,,42,0xbdd000b27cf8f629
68,com_level_output_1_pin,58,0,0,0,0,default_table,b,b,,,42,0xbdd000b27cf8f629
68,com_level_output_1_pin,59,0,0,0,0,default_table,b,b,,,42,0xbdd000b27cf8f629
68,com_level_output_1_pin,60,0,0,0,0,default_table,b,b,,,42,0xbdd000b27cf8f629
68,com_level_output_1_pin,61,0,0,0,0,default_table,b,b,,,42,0xbdd000b27cf8f629
68,com_level_output_1_pin,62,0,0,0,0,default_table,b,b,,,42,0xbdd000b27cf8f629
68,com_level_output_1_pin,63,0,0,0,0,default_table,b,b,,,42,0xbdd000b27cf8f629
68,com_level_output_1_pin,64,0,0,0,0,default_table,b,b,,,42,0xbdd000b27cf8f629
69,com_level_output_word,1,0,0,0,0,default_table,b,b,,,196,0xa4ade697665372c4
69,com_level_output_word,2,0,0,0,0,default_table,b,b,,,196,0xa4ade697665372c4
69,com_level_output_word,3,0,0,0,0,default_table,b,b,,,196,0xa4ade697665372c4
69,com_level_output_word,4,0,0,0,0,default_table,b,b,,,196,0xa4ade697665372c4
69,com_level_output_word,5,0,0,0,0,default_table,b,b,,,196,0xa4ade697665372c4
69,com_level_output_word,6,0,0,0,0,default_table,b,b,,,196,0xa4ade697665372c4
69,com_level_output_word,7,0,0,0,0,default_table,b,b,,,196,0xa4ade697665372c4
69,com_level_output_word,8,0,0,0,0,default_table,b,b,,,196,0xa4ade697665372c4
69,com_level_output_word,9,0,0,0,0,default_table,b,b,,,196,0xa4ade697665372c4
69,com_level_output_word,10,0,0,0,0,default_table,b,b,,,196,0xa4ade697665372c4
69,com_level_output_word,11,0,0,0,0,default_table,b,b,,,196,0xa4ade697665372c4
69,com_level_output_word,12,0,0,0,0,default_table,b,b,,,196,0xa4ade697665372c4
69,com_level_output_word,13,0,0,0,0,default_table,b,b,,,196,0xa4ade697665372c4
69,com_level_output_word,14,0,0,0,0,default_table,b,b,,,196,0xa4ade697665372c4
69,com_level_output_word,15,0,0,0,0,default_table,b,b,,,196,0xa4ade697665372c4
69,com_level_output_word,16,0,0,0,0,default_table,b,b,,,196,0xa4ade697665372c4
69,com_level_output_word,17,0,0,0,0,default_table,b,b,,,196,0xa4ade697665372c4
69,com_level_output_word,18,0,0,0,0,default_table,b,b,,,196,0xa4ade697665372c4
69,com_level_output_word,19,0,0,0,0,default_table,b,b,,,196,0xa4ade697665372c4
69,com_level_output_word,20,0,0,0,0,default_table,b,b,,,196,0xa4ade697665372c4
69,com_level_output_word,21,0,0,0,0,default_table,b,b,,,196,0xa4ade697665372c4
69,com_level_output_word,22,0,0,0,0,default_table,b,b,,,196,0xa4ade697665372c4
69,com_level_output_word,23,0,0,0,0,default_table,b,b,,,196,0xa4ade697665372c4
69,com_level_output_word,24,0,0,0,0,default_table,b,b,,,196,0xa4ade697665372c4
69,com_level_output_word,25,0,0,0,0,default_table,b,b,,,196,0xa4ade697665372c4
69,com_level_output_word,26,0,0,0,0,default_table,b,b,,,196,0xa4ade697665372c4
69,com_level_output_word,27,0,0,0,0,default_table,b,b,,,196,0xa4ade697665372c4
69,com_level_output_word,28,0,0,0,0,default_table,b,b,,,196,0xa4ade697665372c4
69,com_level_output_word,29,0,0,0,0,default_table,b,b,,,196,0xa4ade697665372c4
69,com_level_output_word,30,0,0,0,0,default_table,b,b,,,196,0xa4ade697665372c4
69,com_level_output_word,31,0,0,0,0,default_table,b,b,,,196,0xa4ade697665372c4
69,com_level_output_word,32,0,0,0,0,default_table,b,b,,,196,0xa4ade697665372c4
69,com_level_output_word,33,0,0,0,0,default_table,b,b,,,196,0xa4ade697665372c4
69,com_level_output_word,34,0,0,0,0,default_table,b,b,,,196,0xa4ade697665372c4
69,com_level_output_word,35,0,0,0,0,default_table,b,b,,,196,0xa4ade697665372c4
69,com_level_output_word,36,0,0,0,0,default_table,b,b,,,196,0xa4ade697665372c4
69,com_level_output_word,37,0,0,0,0,default_table,b,b,,,196,0xa4ade697665372c4
69,com_level_output_word,38,0,0,0,0,default_table,b,b,,,196,0xa4ade697665372c4
69,com_level_output_word,39,0,0,0,0,default_table,b,b,,,196,0xa4ade697665372c4
69,com_level_output_word,40,0,0,0,0,default_table,b,b,,,196,0xa4ade697665372c4
69,com_level_output_word,41,0,0,0,0,default_table,b,b,,,196,0xa4ade697665372c4
69,com_level_output_word,42,0,0,0,0,default_table,b,b,,,196,0xa4ade697665372c4
69,com_level_output_word,43,0,0,0,0,default_table,b,b,,,196,0xa4ade697665372c4
69,com_level_output_word,44,0,0,0,0,default_table,b,b,,,196,0xa4ade697665372c4
69,com_level_output_word,45,0,0,0,0,default_table,b,b,,,196,0xa4ade697665372c4
69,com_level_output_word,46,0,0,0,0,default_table,b,b,,,196,0xa4ade697665372c4
69,com_level_output_word,47,0,0,0,0,default_table,b,b,,,196,0xa4ade697665372c4
69,com_level_output_word,48,0,0,0,0,default_table,b,b,,,196,0xa4ade697665372c4
69,com_level_output_word,49,0,0,0,0,default_table,b,b,,,196,0xa4ade697665372c4
69,com_level_output_word,50,0,0,0,0,default_table,b,b,,,196,0xa4ade697665372c4
69,com_level_output_word,51,0,0,0,0,default_table,b,b,,,196,0xa4ade697665372c4
69,com_level_output_word,52,0,0,0,0,default_table,b,b,,,196,0xa4ade697665372c4
69,com_level_output_word,53,0,0,0,0,default_table,b,b,,,196,0xa4ade697665372c4
69,com_level_output_word,54,0,0,0,0,default_table,b,b,,,196,0xa4ade697665372c4
69,com_level_output_word,55,0,0,0,0,default_table,b,b,,,196,0xa4ade697665372c4
69,com_level_output_word,56,0,0,0,0,default_table,b,b,,,196,0xa4ade697665372c4
69,com_level_output_word,57,0,0,0,0,default_table,b,b,,,196,0xa4ade697665372c4
69,com_level_output_word,58,0,0,0,0,default_table,b,b,,,196,0xa4ade697665372c4
69,com_level_output_word,59,0,0,0,0,default_table,b,b,,,196,0xa4ade697665372c4
69,com_level_output_word,60,0,0,0,0,default_table,b,b,,,196,0xa4ade697665372c4
69,com_level_output_word,61,0,0,0,0,default_table,b,b,,,196,0xa4ade697665372c4
69,com_level_output_word,62,0,0,0,0,default_table,b,b,,,196,0xa4ade697665372c4
69,com_level_output_word,63,0,0,0,0,default_table,b,b,,,196,0xa4ade697665372c4
69,com_level_output_word,64,0,0,0,0,default_table,b,b,,,196,0xa4ade697665372c4
70,com_level_output_switched,1,0,0,0,0,default_table,b,b,,,147,0xa67d5fc80e41d493
70,com_level_output_switched,2,0,0,0,0,default_table,b,b,,,147,0xa67d5fc80e41d493
70,com_level_output_switched,3,0,0,0,0,default_table,b,b,,,147,0xa67d5fc80e41d493
70,com_level_output_switched,4,0,0,0,0,default_table,b,b,,,147,0xa67d5fc80e41d493
70,com_level_output_switched,5,0,0,0,0,default_table,b,b,,,147,0xa67d5fc80e41d493
70,com_level_output_switched,6,0,0,0,0,default_table,b,b,,,147,0xa67d5fc80e41d493
70,com_level_output_switched,7,0,0,0,0,default_table,b,b,,,147,0xa67d5fc80e41d493
70,com_level_output_switched,8,0,0,0,0,default_table,b,b,,,147,0xa67d5fc80e41d493
70,com_level_output_switched,9,0,0,0,0,default_table,b,b,,,147,0xa67d5fc80e41d493
70,com_level_output_switched,10,0,0,0,0,default_table,b,b,,,147,0xa67d5fc80e41d493
70,com_level_output_switched,11,0,0,0,0,default_table,b,b,,,147,0xa67d5fc80e41d493
70,com_level_output_switched,12,0,0,0,0,default_table,b,b,,,147,0xa67d5fc80e41d493
70,com_level_output_switched,13,0,0,0,0,default_table,b,b,,,147,0xa67d5fc80e41d493
70,com_level_output_switched,14,0,0,0,0,default_table,b,b,,,147,0xa67d5fc80e41d493
70,com_level_output_switched,15,0,0,0,0,default_table,b,b,,,147,0xa67d5fc80e41d493
70,com_level_output_switched,16,0,0,0,0,default_table,b,b,,,147,0xa67d5fc80e41d493
70,com_level_output_switched,17,0,0,0,0,default_table,b,b,,,147,0xa67d5fc80e41d493
70,com_level_output_switched,18,0,0,0,0,default_table,b,b,,,147,0xa67d5fc80e41d493
70,com_level_output_switched,19,0,0,0,0,default_table,b,b,,,147,0xa67d5fc80e41d493
70,com_level_output_switched,20,0,0,0,0,default_table,b,b,,,147,0xa67d5fc80e41d493
70,com_level_output_switched,21,0,0,0,0,default_table,b,b,,,147,0xa67d5fc80e41d493
70,com_level_output_switched,22,0,0,0,0,default_table,b,b,,,147,0xa67d5fc80e41d493
70,com_level_output_switched,23,0,0,0,0,default_table,b,b,,,147,0xa67d5fc80e41d493
70,com_level_output_switched,24,0,0,0,0,default_table,b,b,,,147,0xa67d5fc80e41d493
70,com_level_output_switched,25,0,0,0,0,default_table,b,b,,,147,0xa67d5fc80e41d493
70,com_level_output_switched,26,0,0,0,0,default_table,b,b,,,147,0xa67d5fc80e41d493
70,com_level_output_switched,27,0,0,0,0,default_table,b,b,,,147,0xa67d5fc80e41d493
70,com_level_output_switched,28,0,0,0,0,default_table,b,b,,,147,0xa67d5fc80e41d493
70,com_level_output_switched,29,0,0,0,0,default_table,b,b,,,147,0xa67d5fc80e41d493
70,com_level_output_switched,30,0,0,0,0,default_table,b,b,,,147,0xa67d5fc80e41d493
70,com_level_output_switched,31,0,0,0,0,default_table,b,b,,,147,0xa67d5fc80e41d493
70,com_level_output_switched,32,0,0,0,0,default_table,b,b,,,147,0xa67d5fc80e41d493
70,com_level_output_switched,33,0,0,0,0,default_table,b,b,,,147,0xa67d5fc80e41d493
70,com_level_output_switched,34,0,0,0,0,default_table,b,b,,,147,0xa67d5fc80e41d493
70,com_level_output_switched,35,0,0,0,0,default_table,b,b,,,147,0xa67d5fc80e41d493
70,com_level_output_switched,36,0,0,0,0,default_table,b,b,,,147,0xa67d5fc80e41d493
70,com_level_output_switched,37,0,0,0,0,default_table,b,b,,,147,0xa67d5fc80e41d493
70,com_level_output_switched,38,0,0,0,0,default_table,b,b,,,147,0xa67d5fc80e41d493
70,com_level_output_switched,39,0,0,0,0,default_table,b,b,,,147,0xa67d5fc80e41d493
70,com_level_output_switched,40,0,0,0,0,default_table,b,b,,,147,0xa67d5fc80e41d493
70,com_level_output_switched,41,0,0,0,0,default_table,b,b,,,147,0xa67d5fc80e41d493
70,com_level_output_switched,42,0,0,0,0,default_table,b,b,,,147,0xa67d5fc80e41d493
70,com_level_output_switched,43,0,0,0,0,default_table,b,b,,,147,0xa67d5fc80e41d493
70,com_level_output_switched,44,0,0,0,0,default_table,b,b,,,147,0xa67d5fc80e41d493
70,com_level_output_switched,45,0,0,0,0,default_table,b,b,,,147,0xa67d5fc80e41d493
70,com_level_output_switched,46,0,0,0,0,default_table,b,b,,,147,0xa67d5fc80e41d493
70,com_level_output_switched,47,0,0,0,0,default_table,b,b,,,147,0xa67d5fc80e41d493
70,com_level_output_switched,48,0,0,0,0,default_table,b,b,,,147,0xa67d5fc80e41d493
70,com_level_output_switched,49,0,0,0,0,default_table,b,b,,,147,0xa67d5fc80e41d493
70,com_level_output_switched,50,0,0,0,0,default_table,b,b,,,147,0xa67d5fc80e41d493
70,com_level_output_switched,51,0,0,0,0,default_table,b,b,,,147,0xa67d5fc80e41d493
70,com_level_output_switched,52,0,0,0,0,default_table,b,b,,,147,0xa67d5fc80e41d493
70,com_level_output_switched,53,0,0,0,0,default_table,b,b,,,147,0xa67d5fc80e41d493
70,com_level_output_switched,54,0,0,0,0,default_table,b,b,,,147,0xa67d5fc80e41d493
70,com_level_output_switched,55,0,0,0,0,default_table,b,b,,,147,0xa67d5fc80e41d493
70,com_level_output_switched,56,0,0,0,0,default_table,b,b,,,147,0xa67d5fc80e41d493
70,com_level_output_switched,57,0,0,0,0,default_table,b,b,,,147,0xa67d5fc80e41d493
70,com_level_output_switched,58,0,0,0,0,default_table,b,b,,,147,0xa67d5fc80e41d493
70,com_level_output_switched,59,0,0,0,0,default_table,b,b,,,147,0xa67d5fc80e41d493
70,com_level_output_switched,60,0,0,0,0,default_table,b,b,,,147,0xa67d5fc80e41d493
70,com_level_output_switched,61,0,0,0,0,default_table,b,b,,,147,0xa67d5fc80e41d493
70,com_level_output_switched,62,0,0,0,0,default_table,b,b,,,147,0xa67d5fc80e41d493
70,com_level_output_switched,63,0,0,0,0,default_table,b,b,,,147,0xa67d5fc80e41d493
70,com_level_output_switched,64,0,0,0,0,default_table,b,b,,,147,0xa67d5fc80e41d493
71,com_deleted_2,1,0,0,0,0,default_table,b,b,,,208,0x5d9ca3b223beaad0
71,com_deleted_2,2,0,0,0,0,default_table,b,b,,,208,0x5d9ca3b223beaad0
71,com_deleted_2,3,0,0,0,0,default_table,b,b,,,208,0x5d9ca3b223beaad0
71,com_deleted_2,4,0,0,0,0,default_table,b,b,,,208,0x5d9ca3b223beaad0
71,com_deleted_2,5,0,0,0,0,default_table,b,b,,,208,0x5d9ca3b223beaad0
71,com_deleted_2,6,0,0,0,0,default_table,b,b,,,208,0x5d9ca3b223beaad0
71,com_deleted_2,7,0,0,0,0,default_table,b,b,,,208,0x5d9ca3b223beaad0
71,com_deleted_2,8,0,0,0,0,default_table,b,b,,,208,0x5d9ca3b223beaad0
71,com_deleted_2,9,0,0,0,0,default_table,b,b,,,208,0x5d9ca3b223beaad0
71,com_deleted_2,10,0,0,0,0,default_table,b,b,,,208,0x5d9ca3b223beaad0
71,com_deleted_2,11,0,0,0,0,default_table,b,b,,,208,0x5d9ca3b223beaad0
71,com_deleted_2,12,0,0,0,0,default_table,b,b,,,208,0x5d9ca3b223beaad0
71,com_deleted_2,13,0,0,0,0,default_table,b,b,,,208,0x5d9ca3b223beaad0
71,com_deleted_2,14,0,0,0,0,default_table,b,b,,,208,0x5d9ca3b223beaad0
71,com_deleted_2,15,0,0,0,0,default_table,b,b,,,208,0x5d9ca3b223beaad0
71,com_deleted_2,16,0,0,0,0,default_table,b,b,,,208,0x5d9ca3b223beaad0
71,com_deleted_2,17,0,0,0,0,default_table,b,b,,,208,0x5d9ca3b223beaad0
71,com_deleted_2,18,0,0,0,0,default_table,b,b,,,208,0x5d9ca3b223beaad0
71,com_deleted_2,19,0,0,0,0,default_table,b,b,,,208,0x5d9ca3b223beaad0
71,com_deleted_2,20,0,0,0,0,default_table,b,b,,,208,0x5d9ca3b223beaad0
71,com_deleted_2,21,0,0,0,0,default_table,b,b,,,208,0x5d9ca3b223beaad0
71,com_deleted_2,22,0,0,0,0,default_table,b,b,,,208,0x5d9ca3b223beaad0
71,com_deleted_2,23,0,0,0,0,default_table,b,b,,,208,0x5d9ca3b223beaad0
71,com_deleted_2,24,0,0,0,0,default_table,b,b,,,208,0x5d9ca3b223beaad0
71,com_deleted_2,25,0,0,0,0,default_table,b,b,,,208,0x5d9ca3b223beaad0
71,com_deleted_2,26,0,0,0,0,default_table,b,b,,,208,0x5d9ca3b223beaad0
71,com_deleted_2,27,0,0,0,0,default_table,b,b,,,208,0x5d9ca3b223beaad0
71,com_deleted_2,28,0,0,0,0,default_table,b,b,,,208,0x5d9ca3b223beaad0
71,com_deleted_2,29,0,0,0,0,default_table,b,b,,,208,0x5d9ca3b223beaad0
71,com_deleted_2,30,0,0,0,0,default_table,b,b,,,208,0x5d9ca3b223beaad0
71,com_deleted_2,31,0,0,0,0,default_table,b,b,,,208,0x5d9ca3b223beaad0
71,com_deleted_2,32,0,0,0,0,default_table,b,b,,,208,0x5d9ca3b223beaad0
71,com_deleted_2,33,0,0,0,0,default_table,b,b,,,208,0x5d9ca3b223beaad0
71,com_deleted_2,34,0,0,0,0,default_table,b,b,,,208,0x5d9ca3b223beaad0
71,com_deleted_2,35,0,0,0,0,default_table,b,b,,,208,0x5d9ca3b223beaad0
71,com_deleted_2,36,0,0,0,0,default_table,b,b,,,208,0x5d9ca3b223beaad0
71,com_deleted_2,37,0,0,0,0,default_table,b,b,,,208,0x5d9ca3b223beaad0
71,com_deleted_2,38,0,0,0,0,default_table,b,b,,,208,0x5d9ca3b223beaad0
71,com_deleted_2,39,0,0,0,0,default_table,b,b,,,208,0x5d9ca3b223beaad0
71,com_deleted_2,40,0,0,0,0,default_table,b,b,,,208,0x5d9ca3b223beaad0
71,com_deleted_2,41,0,0,0,0,default_table,b,b,,,208,0x5d9ca3b223beaad0
71,com_deleted_2,42,0,0,0,0,default_table,b,b,,,208,0x5d9ca3b223beaad0
71,com_deleted_2,43,0,0,0,0,default_table,b,b,,,208,0x5d9ca3b223beaad0
71,com_deleted_2,44,0,0,0,0,default_table,b,b,,,208,0x5d9ca3b223beaad0
71,com_deleted_2,45,0,0,0,0,default_table,b,b,,,208,0x5d9ca3b223beaad0
71,com_deleted_2,46,0,0,0,0,default_table,b,b,,,208,0x5d9ca3b223beaad0
71,com_deleted_2,47,0,0,0,0,default_table,b,b,,,208,0x5d9ca3b223beaad0
71,com_deleted_2,48,0,0,0,0,default_table,b,b,,,208,0x5d9ca3b223beaad0
71,com_deleted_2,49,0,0,0,0,default_table,b,b,,,208,0x5d9ca3b223beaad0
71,com_deleted_2,50,0,0,0,0,default_table,b,b,,,208,0x5d9ca3b223beaad0
71,com_deleted_2,51,0,0,0,0,default_table,b,b,,,208,0x5d9ca3b223beaad0
71,com_deleted_2,52,0,0,0,0,default_table,b,b,,,208,0x5d9ca3b223beaad0
71,com_deleted_2,53,0,0,0,0,default_table,b,b,,,208,0x5d9ca3b223beaad0
71,com_deleted_2,54,0,0,0,0,default_table,b,b,,,208,0x5d9ca3b223beaad0
71,com_deleted_2,55,0,0,0,0,default_table,b,b,,,208,0x5d9ca3b223beaad0
71,com_deleted_2,56,0,0,0,0,default_table,b,b,,,208,0x5d9ca3b223beaad0
71,com_deleted_2,57,0,0,0,0,default_table,b,b,,,208,0x5d9ca3b223beaad0
71,com_deleted_2,58,0,0,0,0,default_table,b,b,,,208,0x5d9ca3b223beaad0
71,com_deleted_2,59,0,0,0,0,default_table,b,b,,,208,0x5d9ca3b223beaad0
71,com_deleted_2,60,0,0,0,0,default_table,b,b,,,208,0x5d9ca3b223beaad0
71,com_deleted_2,61,0,0,0,0,default_table,b,b,,,208,0x5d9ca3b223beaad0
71,com_deleted_2,62,0,0,0,0,default_table,b,b,,,208,0x5d9ca3b223beaad0
71,com_deleted_2,63,0,0,0,0,default_table,b,b,,,208,0x5d9ca3b223beaad0
71,com_deleted_2,64,0,0,0,0,default_table,b,b,,,208,0x5d9ca3b223beaad0
72,com_deleted_3,1,0,0,0,0,default_table,b,b,,,106,0xdbbbdef7b967e06a
72,com_deleted_3,2,0,0,0,0,default_table,b,b,,,106,0xdbbbdef7b967e06a
72,com_deleted_3,3,0,0,0,0,default_table,b,b,,,106,0xdbbbdef7b967e06a
72,com_deleted_3,4,0,0,0,0,default_table,b,b,,,106,0xdbbbdef7b967e06a
72,com_deleted_3,5,0,0,0,0,default_table,b,b,,,106,0xdbbbdef7b967e06a
72,com_deleted_3,6,0,0,0,0,default_table,b,b,,,106,0xdbbbdef7b967e06a
72,com_deleted_3,7,0,0,0,0,default_table,b,b,,,106,0xdbbbdef7b967e06a
72,com_deleted_3,8,0,0,0,0,default_table,b,b,,,106,0xdbbbdef7b967e06a
72,com_deleted_3,9,0,0,0,0,default_table,b,b,,,106,0xdbbbdef7b967e06a
72,com_deleted_3,10,0,0,0,0,default_table,b,b,,,106,0xdbbbdef7b967e06a
72,com_deleted_3,11,0,0,0,0,default_table,b,b,,,106,0xdbbbdef7b967e06a
72,com_deleted_3,12,0,0,0,0,default_table,b,b,,,106,0xdbbbdef7b967e06a
72,com_deleted_3,13,0,0,0,0,default_table,b,b,,,106,0xdbbbdef7b967e06a
72,com_deleted_3,14,0,0,0,0,default_table,b,b,,,106,0xdbbbdef7b967e06a
72,com_deleted_3,15,0,0,0,0,default_table,b,b,,,106,0xdbbbdef7b967e06a
72,com_deleted_3,16,0,0,0,0,default_table,b,b,,,106,0xdbbbdef7b967e06a
72,com_deleted_3,17,0,0,0,0,default_table,b,b,,,106,0xdbbbdef7b967e06a
72,com_deleted_3,18,0,0,0,0,default_table,b,b,,,106,0xdbbbdef7b967e06a
72,com_deleted_3,19,0,0,0,0,default_table,b,b,,,106,0xdbbbdef7b967e06a
72,com_deleted_3,20,0,0,0,0,default_table,b,b,,,106,0xdbbbdef7b967e06a
72,com_deleted_3,21,0,0,0,0,default_table,b,b,,,106,0xdbbbdef7b967e06a
72,com_deleted_3,22,0,0,0,0,default_table,b,b,,,106,0xdbbbdef7b967e06a
72,com_deleted_3,23,0,0,0,0,default_table,b,b,,,106,0xdbbbdef7b967e06a
72,com_deleted_3,24,0,0,0,0,default_table,b,b,,,106,0xdbbbdef7b967e06a
72,com_deleted_3,25,0,0,0,0,default_table,b,b,,,106,0xdbbbdef7b967e06a
72,com_deleted_3,26,0,0,0,0,default_table,b,b,,,106,0xdbbbdef7b967e06a
72,com_deleted_3,27,0,0,0,0,default_table,b,b,,,106,0xdbbbdef7b967e06a
72,com_deleted_3,28,0,0,0,0,default_table,b,b,,,106,0xdbbbdef7b967e06a
72,com_deleted_3,29,0,0,0,0,default_table,b,b,,,106,0xdbbbdef7b967e06a
72,com_deleted_3,30,0,0,0,0,default_table,b,b,,,106,0xdbbbdef7b967e06a
72,com_deleted_3,31,0,0,0,0,default_table,b,b,,,106,0xdbbbdef7b967e06a
72,com_deleted_3,32,0,0,0,0,default_table,b,b,,,106,0xdbbbdef7b967e06a
72,com_deleted_3,33,0,0,0,0,default_table,b,b,,,106,0xdbbbdef7b967e06a
72,com_deleted_3,34,0,0,0,0,default_table,b,b,,,106,0xdbbbdef7b967e06a
72,com_deleted_3,35,0,0,0,0,default_table,b,b,,,106,0xdbbbdef7b967e06a
72,com_deleted_3,36,0,0,0,0,default_table,b,b,,,106,0xdbbbdef7b967e06a
72,com_deleted_3,37,0,0,0,0,default_table,b,b,,,106,0xdbbbdef7b967e06a
72,com_deleted_3,38,0,0,0,0,default_table,b,b,,,106,0xdbbbdef7b967e06a
72,com_deleted_3,39,0,0,0,0,default_table,b,b,,,106,0xdbbbdef7b967e06a
72,com_deleted_3,40,0,0,0,0,default_table,b,b,,,106,0xdbbbdef7b967e06a
72,com_deleted_3,41,0,0,0,0,default_table,b,b,,,106,0xdbbbdef7b967e06a
72,com_deleted_3,42,0,0,0,0,default_table,b,b,,,106,0xdbbbdef7b967e06a
72,com_deleted_3,43,0,0,0,0,default_table,b,b,,,106,0xdbbbdef7b967e06a
72,com_deleted_3,44,0,0,0,0,default_table,b,b,,,106,0xdbbbdef7b967e06a
72,com_deleted_3,45,0,0,0,0,default_table,b,b,,,106,0xdbbbdef7b967e06a
72,com_deleted_3,46,0,0,0,0,default_table,b,b,,,106,0xdbbbdef7b967e06a
72,com_deleted_3,47,0,0,0,0,default_table,b,b,,,106,0xdbbbdef7b967e06a
72,com_deleted_3,48,0,0,0,0,default_table,b,b,,,106,0xdbbbdef7b967e06a
72,com_deleted_3,49,0,0,0,0,default_table,b,b,,,106,0xdbbbdef7b967e06a
72,com_deleted_3,50,0,0,0,0,default_table,b,b,,,106,0xdbbbdef7b967e06a
72,com_deleted_3,51,0,0,0,0,default_table,b,b,,,106,0xdbbbdef7b967e06a
72,com_deleted_3,52,0,0,0,0,default_table,b,b,,,106,0xdbbbdef7b967e06a
72,com_deleted_3,53,0,0,0,0,default_table,b,b,,,106,0xdbbbdef7b967e06a
72,com_deleted_3,54,0,0,0,0,default_table,b,b,,,106,0xdbbbdef7b967e06a
72,com_deleted_3,55,0,0,0,0,default_table,b,b,,,106,0xdbbbdef7b967e06a
72,com_deleted_3,56,0,0,0,0,default_table,b,b,,,106,0xdbbbdef7b967e06a
72,com_deleted_3,57,0,0,0,0,default_table,b,b,,,106,0xdbbbdef7b967e06a
72,com_deleted_3,58,0,0,0,0,default_table,b,b,,,106,0xdbbbdef7b967e06a
72,com_deleted_3,59,0,0,0,0,default_table,b,b,,,106,0xdbbbdef7b967e06a
72,com_deleted_3,60,0,0,0,0,default_table,b,b,,,106,0xdbbbdef7b967e06a
72,com_deleted_3,61,0,0,0,0,default_table,b,b,,,106,0xdbbbdef7b967e06a
72,com_deleted_3,62,0,0,0,0,default_table,b,b,,,106,0xdbbbdef7b967e06a
72,com_deleted_3,63,0,0,0,0,default_table,b,b,,,106,0xdbbbdef7b967e06a
72,com_deleted_3,64,0,0,0,0,default_table,b,b,,,106,0xdbbbdef7b967e06a
73,com_level_output_2_pin,1,0,0,0,0,default_table,b,b,,,112,0xb8b08245b4b7bc70
73,com_level_output_2_pin,2,0,0,0,0,default_table,b,b,,,112,0xb8b08245b4b7bc70
73,com_level_output_2_pin,3,0,0,0,0,default_table,b,b,,,112,0xb8b08245b4b7bc70
73,com_level_output_2_pin,4,0,0,0,0,default_table,b,b,,,112,0xb8b08245b4b7bc70
73,com_level_output_2_pin,5,0,0,0,0,default_table,b,b,,,112,0xb8b08245b4b7bc70
73,com_level_output_2_pin,6,0,0,0,0,default_table,b,b,,,112,0xb8b08245b4b7bc70
73,com_level_output_2_pin,7,0,0,0,0,default_table,b,b,,,112,0xb8b08245b4b7bc70
73,com_level_output_2_pin,8,0,0,0,0,default_table,b,b,,,112,0xb8b08245b4b7bc70
73,com_level_output_2_pin,9,0,0,0,0,default_table,b,b,,,112,0xb8b08245b4b7bc70
73,com_level_output_2_pin,10,0,0,0,0,default_table,b,b,,,112,0xb8b08245b4b7bc70
73,com_level_output_2_pin,11,0,0,0,0,default_table,b,b,,,112,0xb8b08245b4b7bc70
73,com_level_output_2_pin,12,0,0,0,0,default_table,b,b,,,112,0xb8b08245b4b7bc70
73,com_level_output_2_pin,13,0,0,0,0,default_table,b,b,,,112,0xb8b08245b4b7bc70
73,com_level_output_2_pin,14,0,0,0,0,default_table,b,b,,,112,0xb8b08245b4b7bc70
73,com_level_output_2_pin,15,0,0,0,0,default_table,b,b,,,112,0xb8b08245b4b7bc70
73,com_level_output_2_pin,16,0,0,0,0,default_table,b,b,,,112,0xb8b08245b4b7bc70
73,com_level_output_2_pin,17,0,0,0,0,default_table,b,b,,,112,0xb8b08245b4b7bc70
73,com_level_output_2_pin,18,0,0,0,0,default_table,b,b,,,112,0xb8b08245b4b7bc70
73,com_level_output_2_pin,19,0,0,0,0,default_table,b,b,,,112,0xb8b08245b4b7bc70
73,com_level_output_2_pin,20,0,0,0,0,default_table,b,b,,,112,0xb8b08245b4b7bc70
73,com_level_output_2_pin,21,0,0,0,0,default_table,b,b,,,112,0xb8b08245b4b7bc70
73,com_level_output_2_pin,22,0,0,0,0,default_table,b,b,,,112,0xb8b08245b4b7bc70
73,com_level_output_2_pin,23,0,0,0,0,default_table,b,b,,,112,0xb8b08245b4b7bc70
73,com_level_output_2_pin,24,0,0,0,0,default_table,b,b,,,112,0xb8b08245b4b7bc70
73,com_level_output_2_pin,25,0,0,0,0,default_table,b,b,,,112,0xb8b08245b4b7bc70
73,com_level_output_2_pin,26,0,0,0,0,default_table,b,b,,,112,0xb8b08245b4b7bc70
73,com_level_output_2_pin,27,0,0,0,0,default_table,b,b,,,112,0xb8b08245b4b7bc70
73,com_level_output_2_pin,28,0,0,0,0,default_table,b,b,,,112,0xb8b08245b4b7bc70
73,com_level_output_2_pin,29,0,0,0,0,default_table,b,b,,,112,0xb8b08245b4b7bc70
73,com_level_output_2_pin,30,0,0,0,0,default_table,b,b,,,112,0xb8b08245b4b7bc70
73,com_level_output_2_pin,31,0,0,0,0,default_table,b,b,,,112,0xb8b08245b4b7bc70
73,com_level_output_2_pin,32,0,0,0,0,default_table,b,b,,,112,0xb8b08245b4b7bc70
73,com_level_output_2_pin,33,0,0,0,0,default_table,b,b,,,112,0xb8b08245b4b7bc70
73,com_level_output_2_pin,34,0,0,0,0,default_table,b,b,,,112,0xb8b08245b4b7bc70
73,com_level_output_2_pin,35,0,0,0,0,default_table,b,b,,,112,0xb8b08245b4b7bc70
73,com_level_output_2_pin,36,0,0,0,0,default_table,b,b,,,112,0xb8b08245b4b7bc70
73,com_level_output_2_pin,37,0,0,0,0,default_table,b,b,,,112,0xb8b08245b4b7bc70
73,com_level_output_2_pin,38,0,0,0,0,default_table,b,b,,,112,0xb8b08245b4b7bc70
73,com_level_output_2_pin,39,0,0,0,0,default_table,b,b,,,112,0xb8b08245b4b7bc70
73,com_level_output_2_pin,40,0,0,0,0,default_table,b,b,,,112,0xb8b08245b4b7bc70
73,com_level_output_2_pin,41,0,0,0,0,default_table,b,b,,,112,0xb8b08245b4b7bc70
73,com_level_output_2_pin,42,0,0,0,0,default_table,b,b,,,112,0xb8b08245b4b7bc70
73,com_level_output_2_pin,43,0,0,0,0,default_table,b,b,,,112,0xb8b08245b4b7bc70
73,com_level_output_2_pin,44,0,0,0,0,default_table,b,b,,,112,0xb8b08245b4b7bc70
73,com_level_output_2_pin,45,0,0,0,0,default_table,b,b,,,112,0xb8b08245b4b7bc70
73,com_level_output_2_pin,46,0,0,0,0,default_table,b,b,,,112,0xb8b08245b4b7bc70
73,com_level_output_2_pin,47,0,0,0,0,default_table,b,b,,,112,0xb8b08245b4b7bc70
73,com_level_output_2_pin,48,0,0,0,0,default_table,b,b,,,112,0xb8b08245b4b7bc70
73,com_level_output_2_pin,49,0,0,0,0,default_table,b,b,,,112,0xb8b08245b4b7bc70
73,com_level_output_2_pin,50,0,0,0,0,default_table,b,b,,,112,0xb8b08245b4b7bc70
73,com_level_output_2_pin,51,0,0,0,0,default_table,b,b,,,112,0xb8b08245b4b7bc70
73,com_level_output_2_pin,52,0,0,0,0,default_table,b,b,,,112,0xb8b08245b4b7bc70
73,com_level_output_2_pin,53,0,0,0,0,default_table,b,b,,,112,0xb8b08245b4b7bc70
73,com_level_output_2_pin,54,0,0,0,0,default_table,b,b,,,112,0xb8b08245b4b7bc70
73,com_level_output_2_pin,55,0,0,0,0,default_table,b,b,,,112,0xb8b08245b4b7bc70
73,com_level_output_2_pin,56,0,0,0,0,default_table,b,b,,,112,0xb8b08245b4b7bc70
73,com_level_output_2_pin,57,0,0,0,0,default_table,b,b,,,112,0xb8b08245b4b7bc70
73,com_level_output_2_pin,58,0,0,0,0,default_table,b,b,,,112,0xb8b08245b4b7bc70
73,com_level_output_2_pin,59,0,0,0,0,default_table,b,b,,,112,0xb8b08245b4b7bc70
73,com_level_output_2_pin,60,0,0,0,0,default_table,b,b,,,112,0xb8b08245b4b7bc70
73,com_level_output_2_pin,61,0,0,0,0,default_table,b,b,,,112,0xb8b08245b4b7bc70
73,com_level_output_2_pin,62,0,0,0,0,default_table,b,b,,,112,0xb8b08245b4b7bc70
73,com_level_output_2_pin,63,0,0,0,0,default_table,b,b,,,112,0xb8b08245b4b7bc70
73,com_level_output_2_pin,64,0,0,0,0,default_table,b,b,,,112,0xb8b08245b4b7bc70
74,com_level_output_3_pin,1,0,0,0,0,default_table,b,b,,,226,0x73ecf601187119e2
74,com_level_output_3_pin,2,0,0,0,0,default_table,b,b,,,226,0x73ecf601187119e2
74,com_level_output_3_pin,3,0,0,0,0,default_table,b,b,,,226,0x73ecf601187119e2
74,com_level_output_3_pin,4,0,0,0,0,default_table,b,b,,,226,0x73ecf601187119e2
74,com_level_output_3_pin,5,0,0,0,0,default_table,b,b,,,226,0x73ecf601187119e2
74,com_level_output_3_pin,6,0,0,0,0,default_table,b,b,,,226,0x73ecf601187119e2
74,com_level_output_3_pin,7,0,0,0,0,default_table,b,b,,,226,0x73ecf601187119e2
74,com_level_output_3_pin,8,0,0,0,0,default_table,b,b,,,226,0x73ecf601187119e2
74,com_level_output_3_pin,9,0,0,0,0,default_table,b,b,,,226,0x73ecf601187119e2
74,com_level_output_3_pin,10,0,0,0,0,default_table,b,b,,,226,0x73ecf601187119e2
74,com_level_output_3_pin,11,0,0,0,0,default_table,b,b,,,226,0x73ecf601187119e2
74,com_level_output_3_pin,12,0,0,0,0,default_table,b,b,,,226,0x73ecf601187119e2
74,com_level_output_3_pin,13,0,0,0,0,default_table,b,b,,,226,0x73ecf601187119e2
74,com_level_output_3_pin,14,0,0,0,0,default_table,b,b,,,226,0x73ecf601187119e2
74,com_level_output_3_pin,15,0,0,0,0,default_table,b,b,,,226,0x73ecf601187119e2
74,com_level_output_3_pin,16,0,0,0,0,default_table,b,b,,,226,0x73ecf601187119e2
74,com_level_output_3_pin,17,0,0,0,0,default_table,b,b,,,226,0x73ecf601187119e2
74,com_level_output_3_pin,18,0,0,0,0,default_table,b,b,,,226,0x73ecf601187119e2
74,com_level_output_3_pin,19,0,0,0,0,default_table,b,b,,,226,0x73ecf601187119e2
74,com_level_output_3_pin,20,0,0,0,0,default_table,b,b,,,226,0x73ecf601187119e2
74,com_level_output_3_pin,21,0,0,0,0,default_table,b,b,,,226,0x73ecf601187119e2
74,com_level_output_3_pin,22,0,0,0,0,default_table,b,b,,,226,0x73ecf601187119e2
74,com_level_output_3_pin,23,0,0,0,0,default_table,b,b,,,226,0x73ecf601187119e2
74,com_level_output_3_pin,24,0,0,0,0,default_table,b,b,,,226,0x73ecf601187119e2
74,com_level_output_3_pin,25,0,0,0,0,default_table,b,b,,,226,0x73ecf601187119e2
74,com_level_output_3_pin,26,0,0,0,0,default_table,b,b,,,226,0x73ecf601187119e2
74,com_level_output_3_pin,27,0,0,0,0,default_table,b,b,,,226,0x73ecf601187119e2
74,com_level_output_3_pin,28,0,0,0,0,default_table,b,b,,,226,0x73ecf601187119e2
74,com_level_output_3_pin,29,0,0,0,0,default_table,b,b,,,226,0x73ecf601187119e2
74,com_level_output_3_pin,30,0,0,0,0,default_table,b,b,,,226,0x73ecf601187119e2
74,com_level_output_3_pin,31,0,0,0,0,default_table,b,b,,,226,0x73ecf601187119e2
74,com_level_output_3_pin,32,0,0,0,0,default_table,b,b,,,226,0x73ecf601187119e2
74,com_level_output_3_pin,33,0,0,0,0,default_table,b,b,,,226,0x73ecf601187119e2
74,com_level_output_3_pin,34,0,0,0,0,default_table,b,b,,,226,0x73ecf601187119e2
74,com_level_output_3_pin,35,0,0,0,0,default_table,b,b,,,226,0x73ecf601187119e2
74,com_level_output_3_pin,36,0,0,0,0,default_table,b,b,,,226,0x73ecf601187119e2
74,com_level_output_3_pin,37,0,0,0,0,default_table,b,b,,,226,0x73ecf601187119e2
74,com_level_output_3_pin,38,0,0,0,0,default_table,b,b,,,226,0x73ecf601187119e2
74,com_level_output_3_pin,39,0,0,0,0,default_table,b,b,,,226,0x73ecf601187119e2
74,com_level_output_3_pin,40,0,0,0,0,default_table,b,b,,,226,0x73ecf601187119e2
74,com_level_output_3_pin,41,0,0,0,0,default_table,b,b,,,226,0x73ecf601187119e2
74,com_level_output_3_pin,42,0,0,0,0,default_table,b,b,,,226,0x73ecf601187119e2
74,com_level_output_3_pin,43,0,0,0,0,default_table,b,b,,,226,0x73ecf601187119e2
74,com_level_output_3_pin,44,0,0,0,0,default_table,b,b,,,226,0x73ecf601187119e2
74,com_level_output_3_pin,45,0,0,0,0,default_table,b,b,,,226,0x73ecf601187119e2
74,com_level_output_3_pin,46,0,0,0,0,default_table,b,b,,,226,0x73ecf601187119e2
74,com_level_output_3_pin,47,0,0,0,0,default_table,b,b,,,226,0x73ecf601187119e2
74,com_level_output_3_pin,48,0,0,0,0,default_table,b,b,,,226,0x73ecf601187119e2
74,com_level_output_3_pin,49,0,0,0,0,default_table,b,b,,,226,0x73ecf601187119e2
74,com_level_output_3_pin,50,0,0,0,0,default_table,b,b,,,226,0x73ecf601187119e2
74,com_level_output_3_pin,51,0,0,0,0,default_table,b,b,,,226,0x73ecf601187119e2
74,com_level_output_3_pin,52,0,0,0,0,default_table,b,b,,,226,0x73ecf601187119e2
74,com_level_output_3_pin,53,0,0,0,0,default_table,b,b,,,226,0x73ecf601187119e2
74,com_level_output_3_pin,54,0,0,0,0,default_table,b,b,,,226,0x73ecf601187119e2
74,com_level_output_3_pin,55,0,0,0,0,default_table,b,b,,,226,0x73ecf601187119e2
74,com_level_output_3_pin,56,0,0,0,0,default_table,b,b,,,226,0x73ecf601187119e2
74,com_level_output_3_pin,57,0,0,0,0,default_table,b,b,,,226,0x73ecf601187119e2
74,com_level_output_3_pin,58,0,0,0,0,default_table,b,b,,,226,0x73ecf601187119e2
74,com_level_output_3_pin,59,0,0,0,0,default_table,b,b,,,226,0x73ecf601187119e2
74,com_level_output_3_pin,60,0,0,0,0,default_table,b,b,,,226,0x73ecf601187119e2
74,com_level_output_3_pin,61,0,0,0,0,default_table,b,b,,,226,0x73ecf601187119e2
74,com_level_output_3_pin,62,0,0,0,0,default_table,b,b,,,226,0x73ecf601187119e2
74,com_level_output_3_pin,63,0,0,0,0,default_table,b,b,,,226,0x73ecf601187119e2
74,com_level_output_3_pin,64,0,0,0,0,default_table,b,b,,,226,0x73ecf601187119e2
75,com_level_output_4_pin,1,0,0,0,0,default_table,b,b,,,219,0x16cfc4f619b13ada
75,com_level_output_4_pin,2,0,0,0,0,default_table,b,b,,,219,0x16cfc4f619b13ada
75,com_level_output_4_pin,3,0,0,0,0,default_table,b,b,,,219,0x16cfc4f619b13ada
75,com_level_output_4_pin,4,0,0,0,0,default_table,b,b,,,219,0x16cfc4f619b13ada
75,com_level_output_4_pin,5,0,0,0,0,default_table,b,b,,,219,0x16cfc4f619b13ada
75,com_level_output_4_pin,6,0,0,0,0,default_table,b,b,,,219,0x16cfc4f619b13ada
75,com_level_output_4_pin,7,0,0,0,0,default_table,b,b,,,219,0x16cfc4f619b13ada
75,com_level_output_4_pin,8,0,0,0,0,default_table,b,b,,,219,0x16cfc4f619b13ada
75,com_level_output_4_pin,9,0,0,0,0,default_table,b,b,,,219,0x16cfc4f619b13ada
75,com_level_output_4_pin,10,0,0,0,0,default_table,b,b,,,219,0x16cfc4f619b13ada
75,com_level_output_4_pin,11,0,0,0,0,default_table,b,b,,,219,0x16cfc4f619b13ada
75,com_level_output_4_pin,12,0,0,0,0,default_table,b,b,,,219,0x16cfc4f619b13ada
75,com_level_output_4_pin,13,0,0,0,0,default_table,b,b,,,219,0x16cfc4f619b13ada
75,com_level_output_4_pin,14,0,0,0,0,default_table,b,b,,,219,0x16cfc4f619b13ada
75,com_level_output_4_pin,15,0,0,0,0,default_table,b,b,,,219,0x16cfc4f619b13ada
75,com_level_output_4_pin,16,0,0,0,0,default_table,b,b,,,219,0x16cfc4f619b13ada
75,com_level_output_4_pin,17,0,0,0,0,default_table,b,b,,,219,0x16cfc4f619b13ada
75,com_level_output_4_pin,18,0,0,0,0,default_table,b,b,,,219,0x16cfc4f619b13ada
75,com_level_output_4_pin,19,0,0,0,0,default_table,b,b,,,219,0x16cfc4f619b13ada
75,com_level_output_4_pin,20,0,0,0,0,default_table,b,b,,,219,0x16cfc4f619b13ada
75,com_level_output_4_pin,21,0,0,0,0,default_table,b,b,,,219,0x16cfc4f619b13ada
75,com_level_output_4_pin,22,0,0,0,0,default_table,b,b,,,219,0x16cfc4f619b13ada
75,com_level_output_4_pin,23,0,0,0,0,default_table,b,b,,,219,0x16cfc4f619b13ada
75,com_level_output_4_pin,24,0,0,0,0,default_table,b,b,,,219,0x16cfc4f619b13ada
75,com_level_output_4_pin,25,0,0,0,0,default_table,b,b,,,219,0x16cfc4f619b13ada
75,com_level_output_4_pin,26,0,0,0,0,default_table,b,b,,,219,0x16cfc4f619b13ada
75,com_level_output_4_pin,27,0,0,0,0,default_table,b,b,,,219,0x16cfc4f619b13ada
75,com_level_output_4_pin,28,0,0,0,0,default_table,b,b,,,219,0x16cfc4f619b13ada
75,com_level_output_4_pin,29,0,0,0,0,default_table,b,b,,,219,0x16cfc4f619b13ada
75,com_level_output_4_pin,30,0,0,0,0,default_table,b,b,,,219,0x16cfc4f619b13ada
75,com_level_output_4_pin,31,0,0,0,0,default_table,b,b,,,219,0x16cfc4f619b13ada
75,com_level_output_4_pin,32,0,0,0,0,default_table,b,b,,,219,0x16cfc4f619b13ada
75,com_level_output_4_pin,33,0,0,0,0,default_table,b,b,,,219,0x16cfc4f619b13ada
75,com_level_output_4_pin,34,0,0,0,0,default_table,b,b,,,219,0x16cfc4f619b13ada
75,com_level_output_4_pin,35,0,0,0,0,default_table,b,b,,,219,0x16cfc4f619b13ada
75,com_level_output_4_pin,36,0,0,0,0,default_table,b,b,,,219,0x16cfc4f619b13ada
75,com_level_output_4_pin,37,0,0,0,0,default_table,b,b,,,219,0x16cfc4f619b13ada
75,com_level_output_4_pin,38,0,0,0,0,default_table,b,b,,,219,0x16cfc4f619b13ada
75,com_level_output_4_pin,39,0,0,0,0,default_table,b,b,,,219,0x16cfc4f619b13ada
75,com_level_output_4_pin,40,0,0,0,0,default_table,b,b,,,219,0x16cfc4f619b13ada
75,com_level_output_4_pin,41,0,0,0,0,default_table,b,b,,,219,0x16cfc4f619b13ada
75,com_level_output_4_pin,42,0,0,0,0,default_table,b,b,,,219,0x16cfc4f619b13ada
75,com_level_output_4_pin,43,0,0,0,0,default_table,b,b,,,219,0x16cfc4f619b13ada
75,com_level_output_4_pin,44,0,0,0,0,default_table,b,b,,,219,0x16cfc4f619b13ada
75,com_level_output_4_pin,45,0,0,0,0,default_table,b,b,,,219,0x16cfc4f619b13ada
75,com_level_output_4_pin,46,0,0,0,0,default_table,b,b,,,219,0x16cfc4f619b13ada
75,com_level_output_4_pin,47,0,0,0,0,default_table,b,b,,,219,0x16cfc4f619b13ada
75,com_level_output_4_pin,48,0,0,0,0,default_table,b,b,,,219,0x16cfc4f619b13ada
75,com_level_output_4_pin,49,0,0,0,0,default_table,b,b,,,219,0x16cfc4f619b13ada
75,com_level_output_4_pin,50,0,0,0,0,default_table,b,b,,,219,0x16cfc4f619b13ada
75,com_level_output_4_pin,51,0,0,0,0,default_table,b,b,,,219,0x16cfc4f619b13ada
75,com_level_output_4_pin,52,0,0,0,0,default_table,b,b,,,219,0x16cfc4f619b13ada
75,com_level_output_4_pin,53,0,0,0,0,default_table,b,b,,,219,0x16cfc4f619b13ada
75,com_level_output_4_pin,54,0,0,0,0,default_table,b,b,,,219,0x16cfc4f619b13ada
75,com_level_output_4_pin,55,0,0,0,0,default_table,b,b,,,219,0x16cfc4f619b13ada
75,com_level_output_4_pin,56,0,0,0,0,default_table,b,b,,,219,0x16cfc4f619b13ada
75,com_level_output_4_pin,57,0,0,0,0,default_table,b,b,,,219,0x16cfc4f619b13ada
75,com_level_output_4_pin,58,0,0,0,0,default_table,b,b,,,219,0x16cfc4f619b13ada
75,com_level_output_4_pin,59,0,0,0,0,default_table,b,b,,,219,0x16cfc4f619b13ada
75,com_level_output_4_pin,60,0,0,0,0,default_table,b,b,,,219,0x16cfc4f619b13ada
75,com_level_output_4_pin,61,0,0,0,0,default_table,b,b,,,219,0x16cfc4f619b13ada
75,com_level_output_4_pin,62,0,0,0,0,default_table,b,b,,,219,0x16cfc4f619b13ada
75,com_level_output_4_pin,63,0,0,0,0,default_table,b,b,,,219,0x16cfc4f619b13ada
75,com_level_output_4_pin,64,0,0,0,0,default_table,b,b,,,219,0x16cfc4f619b13ada
76,com_deleted_18,1,0,0,0,0,default_table,b,b,,,164,0x0aefcf080a0f2ea1
76,com_deleted_18,2,0,0,0,0,default_table,b,b,,,164,0x0aefcf080a0f2ea1
76,com_deleted_18,3,0,0,0,0,default_table,b,b,,,164,0x0aefcf080a0f2ea1
76,com_deleted_18,4,0,0,0,0,default_table,b,b,,,164,0x0aefcf080a0f2ea1
76,com_deleted_18,5,0,0,0,0,default_table,b,b,,,164,0x0aefcf080a0f2ea1
76,com_deleted_18,6,0,0,0,0,default_table,b,b,,,164,0x0aefcf080a0f2ea1
76,com_deleted_18,7,0,0,0,0,default_table,b,b,,,164,0x0aefcf080a0f2ea1
76,com_deleted_18,8,0,0,0,0,default_table,b,b,,,164,0x0aefcf080a0f2ea1
76,com_deleted_18,9,0,0,0,0,default_table,b,b,,,164,0x0aefcf080a0f2ea1
76,com_deleted_18,10,0,0,0,0,default_table,b,b,,,164,0x0aefcf080a0f2ea1
76,com_deleted_18,11,0,0,0,0,default_table,b,b,,,164,0x0aefcf080a0f2ea1
76,com_deleted_18,12,0,0,0,0,default_table,b,b,,,164,0x0aefcf080a0f2ea1
76,com_deleted_18,13,0,0,0,0,default_table,b,b,,,164,0x0aefcf080a0f2ea1
76,com_deleted_18,14,0,0,0,0,default_table,b,b,,,164,0x0aefcf080a0f2ea1
76,com_deleted_18,15,0,0,0,0,default_table,b,b,,,164,0x0aefcf080a0f2ea1
76,com_deleted_18,16,0,0,0,0,default_table,b,b,,,164,0x0aefcf080a0f2ea1
76,com_deleted_18,17,0,0,0,0,default_table,b,b,,,164,0x0aefcf080a0f2ea1
76,com_deleted_18,18,0,0,0,0,default_table,b,b,,,164,0x0aefcf080a0f2ea1
76,com_deleted_18,19,0,0,0,0,default_table,b,b,,,164,0x0aefcf080a0f2ea1
76,com_deleted_18,20,0,0,0,0,default_table,b,b,,,164,0x0aefcf080a0f2ea1
76,com_deleted_18,21,0,0,0,0,default_table,b,b,,,164,0x0aefcf080a0f2ea1
76,com_deleted_18,22,0,0,0,0,default_table,b,b,,,164,0x0aefcf080a0f2ea1
76,com_deleted_18,23,0,0,0,0,default_table,b,b,,,164,0x0aefcf080a0f2ea1
76,com_deleted_18,24,0,0,0,0,default_table,b,b,,,164,0x0aefcf080a0f2ea1
76,com_deleted_18,25,0,0,0,0,default_table,b,b,,,164,0x0aefcf080a0f2ea1
76,com_deleted_18,26,0,0,0,0,default_table,b,b,,,164,0x0aefcf080a0f2ea1
76,com_deleted_18,27,0,0,0,0,default_table,b,b,,,164,0x0aefcf080a0f2ea1
76,com_deleted_18,28,0,0,0,0,default_table,b,b,,,164,0x0aefcf080a0f2ea1
76,com_deleted_18,29,0,0,0,0,default_table,b,b,,,164,0x0aefcf080a0f2ea1
76,com_deleted_18,30,0,0,0,0,default_table,b,b,,,164,0x0aefcf080a0f2ea1
76,com_deleted_18,31,0,0,0,0,default_table,b,b,,,164,0x0aefcf080a0f2ea1
76,com_deleted_18,32,0,0,0,0,default_table,b,b,,,164,0x0aefcf080a0f2ea1
76,com_deleted_18,33,0,0,0,0,default_table,b,b,,,164,0x0aefcf080a0f2ea1
76,com_deleted_18,34,0,0,0,0,default_table,b,b,,,164,0x0aefcf080a0f2ea1
76,com_deleted_18,35,0,0,0,0,default_table,b,b,,,164,0x0aefcf080a0f2ea1
76,com_deleted_18,36,0,0,0,0,default_table,b,b,,,164,0x0aefcf080a0f2ea1
76,com_deleted_18,37,0,0,0,0,default_table,b,b,,,164,0x0aefcf080a0f2ea1
76,com_deleted_18,38,0,0,0,0,default_table,b,b,,,164,0x0aefcf080a0f2ea1
76,com_deleted_18,39,0,0,0,0,default_table,b,b,,,164,0x0aefcf080a0f2ea1
76,com_deleted_18,40,0,0,0,0,default_table,b,b,,,164,0x0aefcf080a0f2ea1
76,com_deleted_18,41,0,0,0,0,default_table,b,b,,,164,0x0aefcf080a0f2ea1
76,com_deleted_18,42,0,0,0,0,default_table,b,b,,,164,0x0aefcf080a0f2ea1
76,com_deleted_18,43,0,0,0,0,default_table,b,b,,,164,0x0aefcf080a0f2ea1
76,com_deleted_18,44,0,0,0,0,default_table,b,b,,,164,0x0aefcf080a0f2ea1
76,com_deleted_18,45,0,0,0,0,default_table,b,b,,,164,0x0aefcf080a0f2ea1
76,com_deleted_18,46,0,0,0,0,default_table,b,b,,,164,0x0aefcf080a0f2ea1
76,com_deleted_18,47,0,0,0,0,default_table,b,b,,,164,0x0aefcf080a0f2ea1
76,com_deleted_18,48,0,0,0,0,default_table,b,b,,,164,0x0aefcf080a0f2ea1
76,com_deleted_18,49,0,0,0,0,default_table,b,b,,,164,0x0aefcf080a0f2ea1
76,com_deleted_18,50,0,0,0,0,default_table,b,b,,,164,0x0aefcf080a0f2ea1
76,com_deleted_18,51,0,0,0,0,default_table,b,b,,,164,0x0aefcf080a0f2ea1
76,com_deleted_18,52,0,0,0,0,default_table,b,b,,,164,0x0aefcf080a0f2ea1
76,com_deleted_18,53,0,0,0,0,default_table,b,b,,,164,0x0aefcf080a0f2ea1
76,com_deleted_18,54,0,0,0,0,default_table,b,b,,,164,0x0aefcf080a0f2ea1
76,com_deleted_18,55,0,0,0,0,default_table,b,b,,,164,0x0aefcf080a0f2ea1
76,com_deleted_18,56,0,0,0,0,default_table,b,b,,,164,0x0aefcf080a0f2ea1
76,com_deleted_18,57,0,0,0,0,default_table,b,b,,,164,0x0aefcf080a0f2ea1
76,com_deleted_18,58,0,0,0,0,default_table,b,b,,,164,0x0aefcf080a0f2ea1
76,com_deleted_18,59,0,0,0,0,default_table,b,b,,,164,0x0aefcf080a0f2ea1
76,com_deleted_18,60,0,0,0,0,default_table,b,b,,,164,0x0aefcf080a0f2ea1
76,com_deleted_18,61,0,0,0,0,default_table,b,b,,,164,0x0aefcf080a0f2ea1
76,com_deleted_18,62,0,0,0,0,default_table,b,b,,,164,0x0aefcf080a0f2ea1
76,com_deleted_18,63,0,0,0,0,default_table,b,b,,,164,0x0aefcf080a0f2ea1
76,com_deleted_18,64,0,0,0,0,default_table,b,b,,,164,0x0aefcf080a0f2ea1
77,com_level_output_counter,1,0,0,0,0,default_table,b,b,,,82,0x59e9007ce19e0852
77,com_level_output_counter,2,0,0,0,0,default_table,b,b,,,82,0x59e9007ce19e0852
77,com_level_output_counter,3,0,0,0,0,default_table,b,b,,,82,0x59e9007ce19e0852
77,com_level_output_counter,4,0,0,0,0,default_table,b,b,,,82,0x59e9007ce19e0852
77,com_level_output_counter,5,0,0,0,0,default_table,b,b,,,82,0x59e9007ce19e0852
77,com_level_output_counter,6,0,0,0,0,default_table,b,b,,,82,0x59e9007ce19e0852
77,com_level_output_counter,7,0,0,0,0,default_table,b,b,,,82,0x59e9007ce19e0852
77,com_level_output_counter,8,0,0,0,0,default_table,b,b,,,82,0x59e9007ce19e0852
77,com_level_output_counter,9,0,0,0,0,default_table,b,b,,,82,0x59e9007ce19e0852
77,com_level_output_counter,10,0,0,0,0,default_table,b,b,,,82,0x59e9007ce19e0852
77,com_level_output_counter,11,0,0,0,0,default_table,b,b,,,82,0x59e9007ce19e0852
77,com_level_output_counter,12,0,0,0,0,default_table,b,b,,,82,0x59e9007ce19e0852
77,com_level_output_counter,13,0,0,0,0,default_table,b,b,,,82,0x59e9007ce19e0852
77,com_level_output_counter,14,0,0,0,0,default_table,b,b,,,82,0x59e9007ce19e0852
77,com_level_output_counter,15,0,0,0,0,default_table,b,b,,,82,0x59e9007ce19e0852
77,com_level_output_counter,16,0,0,0,0,default_table,b,b,,,82,0x59e9007ce19e0852
77,com_level_output_counter,17,0,0,0,0,default_table,b,b,,,82,0x59e9007ce19e0852
77,com_level_output_counter,18,0,0,0,0,default_table,b,b,,,82,0x59e9007ce19e0852
77,com_level_output_counter,19,0,0,0,0,default_table,b,b,,,82,0x59e9007ce19e0852
77,com_level_output_counter,20,0,0,0,0,default_table,b,b,,,82,0x59e9007ce19e0852
77,com_level_output_counter,21,0,0,0,0,default_table,b,b,,,82,0x59e9007ce19e0852
77,com_level_output_counter,22,0,0,0,0,default_table,b,b,,,82,0x59e9007ce19e0852
77,com_level_output_counter,23,0,0,0,0,default_table,b,b,,,82,0x59e9007ce19e0852
77,com_level_output_counter,24,0,0,0,0,default_table,b,b,,,82,0x59e9007ce19e0852
77,com_level_output_counter,25,0,0,0,0,default_table,b,b,,,82,0x59e9007ce19e0852
77,com_level_output_counter,26,0,0,0,0,default_table,b,b,,,82,0x59e9007ce19e0852
77,com_level_output_counter,27,0,0,0,0,default_table,b,b,,,82,0x59e9007ce19e0852
77,com_level_output_counter,28,0,0,0,0,default_table,b,b,,,82,0x59e9007ce19e0852
77,com_level_output_counter,29,0,0,0,0,default_table,b,b,,,82,0x59e9007ce19e0852
77,com_level_output_counter,30,0,0,0,0,default_table,b,b,,,82,0x59e9007ce19e0852
77,com_level_output_counter,31,0,0,0,0,default_table,b,b,,,82,0x59e9007ce19e0852
77,com_level_output_counter,32,0,0,0,0,default_table,b,b,,,82,0x59e9007ce19e0852
77,com_level_output_counter,33,0,0,0,0,default_table,b,b,,,82,0x59e9007ce19e0852
77,com_level_output_counter,34,0,0,0,0,default_table,b,b,,,82,0x59e9007ce19e0852
77,com_level_output_counter,35,0,0,0,0,default_table,b,b,,,82,0x59e9007ce19e0852
77,com_level_output_counter,36,0,0,0,0,default_table,b,b,,,82,0x59e9007ce19e0852
77,com_level_output_counter,37,0,0,0,0,default_table,b,b,,,82,0x59e9007ce19e0852
77,com_level_output_counter,38,0,0,0,0,default_table,b,b,,,82,0x59e9007ce19e0852
77,com_level_output_counter,39,0,0,0,0,default_table,b,b,,,82,0x59e9007ce19e0852
77,com_level_output_counter,40,0,0,0,0,default_table,b,b,,,82,0x59e9007ce19e0852
77,com_level_output_counter,41,0,0,0,0,default_table,b,b,,,82,0x59e9007ce19e0852
77,com_level_output_counter,42,0,0,0,0,default_table,b,b,,,82,0x59e9007ce19e0852
77,com_level_output_counter,43,0,0,0,0,default_table,b,b,,,82,0x59e9007ce19e0852
77,com_level_output_counter,44,0,0,0,0,default_table,b,b,,,82,0x59e9007ce19e0852
77,com_level_output_counter,45,0,0,0,0,default_table,b,b,,,82,0x59e9007ce19e0852
77,com_level_output_counter,46,0,0,0,0,default_table,b,b,,,82,0x59e9007ce19e0852
77,com_level_output_counter,47,0,0,0,0,default_table,b,b,,,82,0x59e9007ce19e0852
77,com_level_output_counter,48,0,0,0,0,default_table,b,b,,,82,0x59e9007ce19e0852
77,com_level_output_counter,49,0,0,0,0,default_table,b,b,,,82,0x59e9007ce19e0852
77,com_level_output_counter,50,0,0,0,0,default_table,b,b,,,82,0x59e9007ce19e0852
77,com_level_output_counter,51,0,0,0,0,default_table,b,b,,,82,0x59e9007ce19e0852
77,com_level_output_counter,52,0,0,0,0,default_table,b,b,,,82,0x59e9007ce19e0852
77,com_level_output_counter,53,0,0,0,0,default_table,b,b,,,82,0x59e9007ce19e0852
77,com_level_output_counter,54,0,0,0,0,default_table,b,b,,,82,0x59e9007ce19e0852
77,com_level_output_counter,55,0,0,0,0,default_table,b,b,,,82,0x59e9007ce19e0852
77,com_level_output_counter,56,0,0,0,0,default_table,b,b,,,82,0x59e9007ce19e0852
77,com_level_output_counter,57,0,0,0,0,default_table,b,b,,,82,0x59e9007ce19e0852
77,com_level_output_counter,58,0,0,0,0,default_table,b,b,,,82,0x59e9007ce19e0852
77,com_level_output_counter,59,0,0,0,0,default_table,b,b,,,82,0x59e9007ce19e0852
77,com_level_output_counter,60,0,0,0,0,default_table,b,b,,,82,0x59e9007ce19e0852
77,com_level_output_counter,61,0,0,0,0,default_table,b,b,,,82,0x59e9007ce19e0852
77,com_level_output_counter,62,0,0,0,0,default_table,b,b,,,82,0x59e9007ce19e0852
77,com_level_output_counter,63,0,0,0,0,default_table,b,b,,,82,0x59e9007ce19e0852
77,com_level_output_counter,64,0,0,0,0,default_table,b,b,,,82,0x59e9007ce19e0852
78,com_custom,1,0,0,,,default_table,b,b,custom prototype recursively calculated gate,custom prototype recursively calculated delay,162,0x055053566faa9ea1
78,com_custom,2,0,0,,,default_table,b,b,custom prototype recursively calculated gate,custom prototype recursively calculated delay,162,0x055053566faa9ea1
78,com_custom,3,0,0,,,default_table,b,b,custom prototype recursively calculated gate,custom prototype recursively calculated delay,162,0x055053566faa9ea1
78,com_custom,4,0,0,,,default_table,b,b,custom prototype recursively calculated gate,custom prototype recursively calculated delay,162,0x055053566faa9ea1
78,com_custom,5,0,0,,,default_table,b,b,custom prototype recursively calculated gate,custom prototype recursively calculated delay,162,0x055053566faa9ea1
78,com_custom,6,0,0,,,default_table,b,b,custom prototype recursively calculated gate,custom prototype recursively calculated delay,162,0x055053566faa9ea1
78,com_custom,7,0,0,,,default_table,b,b,custom prototype recursively calculated gate,custom prototype recursively calculated delay,162,0x055053566faa9ea1
78,com_custom,8,0,0,,,default_table,b,b,custom prototype recursively calculated gate,custom prototype recursively calculated delay,162,0x055053566faa9ea1
78,com_custom,9,0,0,,,default_table,b,b,custom prototype recursively calculated gate,custom prototype recursively calculated delay,162,0x055053566faa9ea1
78,com_custom,10,0,0,,,default_table,b,b,custom prototype recursively calculated gate,custom prototype recursively calculated delay,162,0x055053566faa9ea1
78,com_custom,11,0,0,,,default_table,b,b,custom prototype recursively calculated gate,custom prototype recursively calculated delay,162,0x055053566faa9ea1
78,com_custom,12,0,0,,,default_table,b,b,custom prototype recursively calculated gate,custom prototype recursively calculated delay,162,0x055053566faa9ea1
78,com_custom,13,0,0,,,default_table,b,b,custom prototype recursively calculated gate,custom prototype recursively calculated delay,162,0x055053566faa9ea1
78,com_custom,14,0,0,,,default_table,b,b,custom prototype recursively calculated gate,custom prototype recursively calculated delay,162,0x055053566faa9ea1
78,com_custom,15,0,0,,,default_table,b,b,custom prototype recursively calculated gate,custom prototype recursively calculated delay,162,0x055053566faa9ea1
78,com_custom,16,0,0,,,default_table,b,b,custom prototype recursively calculated gate,custom prototype recursively calculated delay,162,0x055053566faa9ea1
78,com_custom,17,0,0,,,default_table,b,b,custom prototype recursively calculated gate,custom prototype recursively calculated delay,162,0x055053566faa9ea1
78,com_custom,18,0,0,,,default_table,b,b,custom prototype recursively calculated gate,custom prototype recursively calculated delay,162,0x055053566faa9ea1
78,com_custom,19,0,0,,,default_table,b,b,custom prototype recursively calculated gate,custom prototype recursively calculated delay,162,0x055053566faa9ea1
78,com_custom,20,0,0,,,default_table,b,b,custom prototype recursively calculated gate,custom prototype recursively calculated delay,162,0x055053566faa9ea1
78,com_custom,21,0,0,,,default_table,b,b,custom prototype recursively calculated gate,custom prototype recursively calculated delay,162,0x055053566faa9ea1
78,com_custom,22,0,0,,,default_table,b,b,custom prototype recursively calculated gate,custom prototype recursively calculated delay,162,0x055053566faa9ea1
78,com_custom,23,0,0,,,default_table,b,b,custom prototype recursively calculated gate,custom prototype recursively calculated delay,162,0x055053566faa9ea1
78,com_custom,24,0,0,,,default_table,b,b,custom prototype recursively calculated gate,custom prototype recursively calculated delay,162,0x055053566faa9ea1
78,com_custom,25,0,0,,,default_table,b,b,custom prototype recursively calculated gate,custom prototype recursively calculated delay,162,0x055053566faa9ea1
78,com_custom,26,0,0,,,default_table,b,b,custom prototype recursively calculated gate,custom prototype recursively calculated delay,162,0x055053566faa9ea1
78,com_custom,27,0,0,,,default_table,b,b,custom prototype recursively calculated gate,custom prototype recursively calculated delay,162,0x055053566faa9ea1
78,com_custom,28,0,0,,,default_table,b,b,custom prototype recursively calculated gate,custom prototype recursively calculated delay,162,0x055053566faa9ea1
78,com_custom,29,0,0,,,default_table,b,b,custom prototype recursively calculated gate,custom prototype recursively calculated delay,162,0x055053566faa9ea1
78,com_custom,30,0,0,,,default_table,b,b,custom prototype recursively calculated gate,custom prototype recursively calculated delay,162,0x055053566faa9ea1
78,com_custom,31,0,0,,,default_table,b,b,custom prototype recursively calculated gate,custom prototype recursively calculated delay,162,0x055053566faa9ea1
78,com_custom,32,0,0,,,default_table,b,b,custom prototype recursively calculated gate,custom prototype recursively calculated delay,162,0x055053566faa9ea1
78,com_custom,33,0,0,,,default_table,b,b,custom prototype recursively calculated gate,custom prototype recursively calculated delay,162,0x055053566faa9ea1
78,com_custom,34,0,0,,,default_table,b,b,custom prototype recursively calculated gate,custom prototype recursively calculated delay,162,0x055053566faa9ea1
78,com_custom,35,0,0,,,default_table,b,b,custom prototype recursively calculated gate,custom prototype recursively calculated delay,162,0x055053566faa9ea1
78,com_custom,36,0,0,,,default_table,b,b,custom prototype recursively calculated gate,custom prototype recursively calculated delay,162,0x055053566faa9ea1
78,com_custom,37,0,0,,,default_table,b,b,custom prototype recursively calculated gate,custom prototype recursively calculated delay,162,0x055053566faa9ea1
78,com_custom,38,0,0,,,default_table,b,b,custom prototype recursively calculated gate,custom prototype recursively calculated delay,162,0x055053566faa9ea1
78,com_custom,39,0,0,,,default_table,b,b,custom prototype recursively calculated gate,custom prototype recursively calculated delay,162,0x055053566faa9ea1
78,com_custom,40,0,0,,,default_table,b,b,custom prototype recursively calculated gate,custom prototype recursively calculated delay,162,0x055053566faa9ea1
78,com_custom,41,0,0,,,default_table,b,b,custom prototype recursively calculated gate,custom prototype recursively calculated delay,162,0x055053566faa9ea1
78,com_custom,42,0,0,,,default_table,b,b,custom prototype recursively calculated gate,custom prototype recursively calculated delay,162,0x055053566faa9ea1
78,com_custom,43,0,0,,,default_table,b,b,custom prototype recursively calculated gate,custom prototype recursively calculated delay,162,0x055053566faa9ea1
78,com_custom,44,0,0,,,default_table,b,b,custom prototype recursively calculated gate,custom prototype recursively calculated delay,162,0x055053566faa9ea1
78,com_custom,45,0,0,,,default_table,b,b,custom prototype recursively calculated gate,custom prototype recursively calculated delay,162,0x055053566faa9ea1
78,com_custom,46,0,0,,,default_table,b,b,custom prototype recursively calculated gate,custom prototype recursively calculated delay,162,0x055053566faa9ea1
78,com_custom,47,0,0,,,default_table,b,b,custom prototype recursively calculated gate,custom prototype recursively calculated delay,162,0x055053566faa9ea1
78,com_custom,48,0,0,,,default_table,b,b,custom prototype recursively calculated gate,custom prototype recursively calculated delay,162,0x055053566faa9ea1
78,com_custom,49,0,0,,,default_table,b,b,custom prototype recursively calculated gate,custom prototype recursively calculated delay,162,0x055053566faa9ea1
78,com_custom,50,0,0,,,default_table,b,b,custom prototype recursively calculated gate,custom prototype recursively calculated delay,162,0x055053566faa9ea1
78,com_custom,51,0,0,,,default_table,b,b,custom prototype recursively calculated gate,custom prototype recursively calculated delay,162,0x055053566faa9ea1
78,com_custom,52,0,0,,,default_table,b,b,custom prototype recursively calculated gate,custom prototype recursively calculated delay,162,0x055053566faa9ea1
78,com_custom,53,0,0,,,default_table,b,b,custom prototype recursively calculated gate,custom prototype recursively calculated delay,162,0x055053566faa9ea1
78,com_custom,54,0,0,,,default_table,b,b,custom prototype recursively calculated gate,custom prototype recursively calculated delay,162,0x055053566faa9ea1
78,com_custom,55,0,0,,,default_table,b,b,custom prototype recursively calculated gate,custom prototype recursively calculated delay,162,0x055053566faa9ea1
78,com_custom,56,0,0,,,default_table,b,b,custom prototype recursively calculated gate,custom prototype recursively calculated delay,162,0x055053566faa9ea1
78,com_custom,57,0,0,,,default_table,b,b,custom prototype recursively calculated gate,custom prototype recursively calculated delay,162,0x055053566faa9ea1
78,com_custom,58,0,0,,,default_table,b,b,custom prototype recursively calculated gate,custom prototype recursively calculated delay,162,0x055053566faa9ea1
78,com_custom,59,0,0,,,default_table,b,b,custom prototype recursively calculated gate,custom prototype recursively calculated delay,162,0x055053566faa9ea1
78,com_custom,60,0,0,,,default_table,b,b,custom prototype recursively calculated gate,custom prototype recursively calculated delay,162,0x055053566faa9ea1
78,com_custom,61,0,0,,,default_table,b,b,custom prototype recursively calculated gate,custom prototype recursively calculated delay,162,0x055053566faa9ea1
78,com_custom,62,0,0,,,default_table,b,b,custom prototype recursively calculated gate,custom prototype recursively calculated delay,162,0x055053566faa9ea1
78,com_custom,63,0,0,,,default_table,b,b,custom prototype recursively calculated gate,custom prototype recursively calculated delay,162,0x055053566faa9ea1
78,com_custom,64,0,0,,,default_table,b,b,custom prototype recursively calculated gate,custom prototype recursively calculated delay,162,0x055053566faa9ea1
79,com_cc_input,1,0,0,0,,default_table,b,b,,component.cc_input_custom_delay (+0x130),127,0x53972f6ed5b8b57f
79,com_cc_input,2,0,0,0,,default_table,b,b,,component.cc_input_custom_delay (+0x130),127,0x53972f6ed5b8b57f
79,com_cc_input,3,0,0,0,,default_table,b,b,,component.cc_input_custom_delay (+0x130),127,0x53972f6ed5b8b57f
79,com_cc_input,4,0,0,0,,default_table,b,b,,component.cc_input_custom_delay (+0x130),127,0x53972f6ed5b8b57f
79,com_cc_input,5,0,0,0,,default_table,b,b,,component.cc_input_custom_delay (+0x130),127,0x53972f6ed5b8b57f
79,com_cc_input,6,0,0,0,,default_table,b,b,,component.cc_input_custom_delay (+0x130),127,0x53972f6ed5b8b57f
79,com_cc_input,7,0,0,0,,default_table,b,b,,component.cc_input_custom_delay (+0x130),127,0x53972f6ed5b8b57f
79,com_cc_input,8,0,0,0,,default_table,b,b,,component.cc_input_custom_delay (+0x130),127,0x53972f6ed5b8b57f
79,com_cc_input,9,0,0,0,,default_table,b,b,,component.cc_input_custom_delay (+0x130),127,0x53972f6ed5b8b57f
79,com_cc_input,10,0,0,0,,default_table,b,b,,component.cc_input_custom_delay (+0x130),127,0x53972f6ed5b8b57f
79,com_cc_input,11,0,0,0,,default_table,b,b,,component.cc_input_custom_delay (+0x130),127,0x53972f6ed5b8b57f
79,com_cc_input,12,0,0,0,,default_table,b,b,,component.cc_input_custom_delay (+0x130),127,0x53972f6ed5b8b57f
79,com_cc_input,13,0,0,0,,default_table,b,b,,component.cc_input_custom_delay (+0x130),127,0x53972f6ed5b8b57f
79,com_cc_input,14,0,0,0,,default_table,b,b,,component.cc_input_custom_delay (+0x130),127,0x53972f6ed5b8b57f
79,com_cc_input,15,0,0,0,,default_table,b,b,,component.cc_input_custom_delay (+0x130),127,0x53972f6ed5b8b57f
79,com_cc_input,16,0,0,0,,default_table,b,b,,component.cc_input_custom_delay (+0x130),127,0x53972f6ed5b8b57f
79,com_cc_input,17,0,0,0,,default_table,b,b,,component.cc_input_custom_delay (+0x130),127,0x53972f6ed5b8b57f
79,com_cc_input,18,0,0,0,,default_table,b,b,,component.cc_input_custom_delay (+0x130),127,0x53972f6ed5b8b57f
79,com_cc_input,19,0,0,0,,default_table,b,b,,component.cc_input_custom_delay (+0x130),127,0x53972f6ed5b8b57f
79,com_cc_input,20,0,0,0,,default_table,b,b,,component.cc_input_custom_delay (+0x130),127,0x53972f6ed5b8b57f
79,com_cc_input,21,0,0,0,,default_table,b,b,,component.cc_input_custom_delay (+0x130),127,0x53972f6ed5b8b57f
79,com_cc_input,22,0,0,0,,default_table,b,b,,component.cc_input_custom_delay (+0x130),127,0x53972f6ed5b8b57f
79,com_cc_input,23,0,0,0,,default_table,b,b,,component.cc_input_custom_delay (+0x130),127,0x53972f6ed5b8b57f
79,com_cc_input,24,0,0,0,,default_table,b,b,,component.cc_input_custom_delay (+0x130),127,0x53972f6ed5b8b57f
79,com_cc_input,25,0,0,0,,default_table,b,b,,component.cc_input_custom_delay (+0x130),127,0x53972f6ed5b8b57f
79,com_cc_input,26,0,0,0,,default_table,b,b,,component.cc_input_custom_delay (+0x130),127,0x53972f6ed5b8b57f
79,com_cc_input,27,0,0,0,,default_table,b,b,,component.cc_input_custom_delay (+0x130),127,0x53972f6ed5b8b57f
79,com_cc_input,28,0,0,0,,default_table,b,b,,component.cc_input_custom_delay (+0x130),127,0x53972f6ed5b8b57f
79,com_cc_input,29,0,0,0,,default_table,b,b,,component.cc_input_custom_delay (+0x130),127,0x53972f6ed5b8b57f
79,com_cc_input,30,0,0,0,,default_table,b,b,,component.cc_input_custom_delay (+0x130),127,0x53972f6ed5b8b57f
79,com_cc_input,31,0,0,0,,default_table,b,b,,component.cc_input_custom_delay (+0x130),127,0x53972f6ed5b8b57f
79,com_cc_input,32,0,0,0,,default_table,b,b,,component.cc_input_custom_delay (+0x130),127,0x53972f6ed5b8b57f
79,com_cc_input,33,0,0,0,,default_table,b,b,,component.cc_input_custom_delay (+0x130),127,0x53972f6ed5b8b57f
79,com_cc_input,34,0,0,0,,default_table,b,b,,component.cc_input_custom_delay (+0x130),127,0x53972f6ed5b8b57f
79,com_cc_input,35,0,0,0,,default_table,b,b,,component.cc_input_custom_delay (+0x130),127,0x53972f6ed5b8b57f
79,com_cc_input,36,0,0,0,,default_table,b,b,,component.cc_input_custom_delay (+0x130),127,0x53972f6ed5b8b57f
79,com_cc_input,37,0,0,0,,default_table,b,b,,component.cc_input_custom_delay (+0x130),127,0x53972f6ed5b8b57f
79,com_cc_input,38,0,0,0,,default_table,b,b,,component.cc_input_custom_delay (+0x130),127,0x53972f6ed5b8b57f
79,com_cc_input,39,0,0,0,,default_table,b,b,,component.cc_input_custom_delay (+0x130),127,0x53972f6ed5b8b57f
79,com_cc_input,40,0,0,0,,default_table,b,b,,component.cc_input_custom_delay (+0x130),127,0x53972f6ed5b8b57f
79,com_cc_input,41,0,0,0,,default_table,b,b,,component.cc_input_custom_delay (+0x130),127,0x53972f6ed5b8b57f
79,com_cc_input,42,0,0,0,,default_table,b,b,,component.cc_input_custom_delay (+0x130),127,0x53972f6ed5b8b57f
79,com_cc_input,43,0,0,0,,default_table,b,b,,component.cc_input_custom_delay (+0x130),127,0x53972f6ed5b8b57f
79,com_cc_input,44,0,0,0,,default_table,b,b,,component.cc_input_custom_delay (+0x130),127,0x53972f6ed5b8b57f
79,com_cc_input,45,0,0,0,,default_table,b,b,,component.cc_input_custom_delay (+0x130),127,0x53972f6ed5b8b57f
79,com_cc_input,46,0,0,0,,default_table,b,b,,component.cc_input_custom_delay (+0x130),127,0x53972f6ed5b8b57f
79,com_cc_input,47,0,0,0,,default_table,b,b,,component.cc_input_custom_delay (+0x130),127,0x53972f6ed5b8b57f
79,com_cc_input,48,0,0,0,,default_table,b,b,,component.cc_input_custom_delay (+0x130),127,0x53972f6ed5b8b57f
79,com_cc_input,49,0,0,0,,default_table,b,b,,component.cc_input_custom_delay (+0x130),127,0x53972f6ed5b8b57f
79,com_cc_input,50,0,0,0,,default_table,b,b,,component.cc_input_custom_delay (+0x130),127,0x53972f6ed5b8b57f
79,com_cc_input,51,0,0,0,,default_table,b,b,,component.cc_input_custom_delay (+0x130),127,0x53972f6ed5b8b57f
79,com_cc_input,52,0,0,0,,default_table,b,b,,component.cc_input_custom_delay (+0x130),127,0x53972f6ed5b8b57f
79,com_cc_input,53,0,0,0,,default_table,b,b,,component.cc_input_custom_delay (+0x130),127,0x53972f6ed5b8b57f
79,com_cc_input,54,0,0,0,,default_table,b,b,,component.cc_input_custom_delay (+0x130),127,0x53972f6ed5b8b57f
79,com_cc_input,55,0,0,0,,default_table,b,b,,component.cc_input_custom_delay (+0x130),127,0x53972f6ed5b8b57f
79,com_cc_input,56,0,0,0,,default_table,b,b,,component.cc_input_custom_delay (+0x130),127,0x53972f6ed5b8b57f
79,com_cc_input,57,0,0,0,,default_table,b,b,,component.cc_input_custom_delay (+0x130),127,0x53972f6ed5b8b57f
79,com_cc_input,58,0,0,0,,default_table,b,b,,component.cc_input_custom_delay (+0x130),127,0x53972f6ed5b8b57f
79,com_cc_input,59,0,0,0,,default_table,b,b,,component.cc_input_custom_delay (+0x130),127,0x53972f6ed5b8b57f
79,com_cc_input,60,0,0,0,,default_table,b,b,,component.cc_input_custom_delay (+0x130),127,0x53972f6ed5b8b57f
79,com_cc_input,61,0,0,0,,default_table,b,b,,component.cc_input_custom_delay (+0x130),127,0x53972f6ed5b8b57f
79,com_cc_input,62,0,0,0,,default_table,b,b,,component.cc_input_custom_delay (+0x130),127,0x53972f6ed5b8b57f
79,com_cc_input,63,0,0,0,,default_table,b,b,,component.cc_input_custom_delay (+0x130),127,0x53972f6ed5b8b57f
79,com_cc_input,64,0,0,0,,default_table,b,b,,component.cc_input_custom_delay (+0x130),127,0x53972f6ed5b8b57f
80,com_cc_input_buffer,1,0,0,0,0,default_table,b,b,,,57,0x2b022214acbe1738
80,com_cc_input_buffer,2,0,0,0,0,default_table,b,b,,,57,0x2b022214acbe1738
80,com_cc_input_buffer,3,0,0,0,0,default_table,b,b,,,57,0x2b022214acbe1738
80,com_cc_input_buffer,4,0,0,0,0,default_table,b,b,,,57,0x2b022214acbe1738
80,com_cc_input_buffer,5,0,0,0,0,default_table,b,b,,,57,0x2b022214acbe1738
80,com_cc_input_buffer,6,0,0,0,0,default_table,b,b,,,57,0x2b022214acbe1738
80,com_cc_input_buffer,7,0,0,0,0,default_table,b,b,,,57,0x2b022214acbe1738
80,com_cc_input_buffer,8,0,0,0,0,default_table,b,b,,,57,0x2b022214acbe1738
80,com_cc_input_buffer,9,0,0,0,0,default_table,b,b,,,57,0x2b022214acbe1738
80,com_cc_input_buffer,10,0,0,0,0,default_table,b,b,,,57,0x2b022214acbe1738
80,com_cc_input_buffer,11,0,0,0,0,default_table,b,b,,,57,0x2b022214acbe1738
80,com_cc_input_buffer,12,0,0,0,0,default_table,b,b,,,57,0x2b022214acbe1738
80,com_cc_input_buffer,13,0,0,0,0,default_table,b,b,,,57,0x2b022214acbe1738
80,com_cc_input_buffer,14,0,0,0,0,default_table,b,b,,,57,0x2b022214acbe1738
80,com_cc_input_buffer,15,0,0,0,0,default_table,b,b,,,57,0x2b022214acbe1738
80,com_cc_input_buffer,16,0,0,0,0,default_table,b,b,,,57,0x2b022214acbe1738
80,com_cc_input_buffer,17,0,0,0,0,default_table,b,b,,,57,0x2b022214acbe1738
80,com_cc_input_buffer,18,0,0,0,0,default_table,b,b,,,57,0x2b022214acbe1738
80,com_cc_input_buffer,19,0,0,0,0,default_table,b,b,,,57,0x2b022214acbe1738
80,com_cc_input_buffer,20,0,0,0,0,default_table,b,b,,,57,0x2b022214acbe1738
80,com_cc_input_buffer,21,0,0,0,0,default_table,b,b,,,57,0x2b022214acbe1738
80,com_cc_input_buffer,22,0,0,0,0,default_table,b,b,,,57,0x2b022214acbe1738
80,com_cc_input_buffer,23,0,0,0,0,default_table,b,b,,,57,0x2b022214acbe1738
80,com_cc_input_buffer,24,0,0,0,0,default_table,b,b,,,57,0x2b022214acbe1738
80,com_cc_input_buffer,25,0,0,0,0,default_table,b,b,,,57,0x2b022214acbe1738
80,com_cc_input_buffer,26,0,0,0,0,default_table,b,b,,,57,0x2b022214acbe1738
80,com_cc_input_buffer,27,0,0,0,0,default_table,b,b,,,57,0x2b022214acbe1738
80,com_cc_input_buffer,28,0,0,0,0,default_table,b,b,,,57,0x2b022214acbe1738
80,com_cc_input_buffer,29,0,0,0,0,default_table,b,b,,,57,0x2b022214acbe1738
80,com_cc_input_buffer,30,0,0,0,0,default_table,b,b,,,57,0x2b022214acbe1738
80,com_cc_input_buffer,31,0,0,0,0,default_table,b,b,,,57,0x2b022214acbe1738
80,com_cc_input_buffer,32,0,0,0,0,default_table,b,b,,,57,0x2b022214acbe1738
80,com_cc_input_buffer,33,0,0,0,0,default_table,b,b,,,57,0x2b022214acbe1738
80,com_cc_input_buffer,34,0,0,0,0,default_table,b,b,,,57,0x2b022214acbe1738
80,com_cc_input_buffer,35,0,0,0,0,default_table,b,b,,,57,0x2b022214acbe1738
80,com_cc_input_buffer,36,0,0,0,0,default_table,b,b,,,57,0x2b022214acbe1738
80,com_cc_input_buffer,37,0,0,0,0,default_table,b,b,,,57,0x2b022214acbe1738
80,com_cc_input_buffer,38,0,0,0,0,default_table,b,b,,,57,0x2b022214acbe1738
80,com_cc_input_buffer,39,0,0,0,0,default_table,b,b,,,57,0x2b022214acbe1738
80,com_cc_input_buffer,40,0,0,0,0,default_table,b,b,,,57,0x2b022214acbe1738
80,com_cc_input_buffer,41,0,0,0,0,default_table,b,b,,,57,0x2b022214acbe1738
80,com_cc_input_buffer,42,0,0,0,0,default_table,b,b,,,57,0x2b022214acbe1738
80,com_cc_input_buffer,43,0,0,0,0,default_table,b,b,,,57,0x2b022214acbe1738
80,com_cc_input_buffer,44,0,0,0,0,default_table,b,b,,,57,0x2b022214acbe1738
80,com_cc_input_buffer,45,0,0,0,0,default_table,b,b,,,57,0x2b022214acbe1738
80,com_cc_input_buffer,46,0,0,0,0,default_table,b,b,,,57,0x2b022214acbe1738
80,com_cc_input_buffer,47,0,0,0,0,default_table,b,b,,,57,0x2b022214acbe1738
80,com_cc_input_buffer,48,0,0,0,0,default_table,b,b,,,57,0x2b022214acbe1738
80,com_cc_input_buffer,49,0,0,0,0,default_table,b,b,,,57,0x2b022214acbe1738
80,com_cc_input_buffer,50,0,0,0,0,default_table,b,b,,,57,0x2b022214acbe1738
80,com_cc_input_buffer,51,0,0,0,0,default_table,b,b,,,57,0x2b022214acbe1738
80,com_cc_input_buffer,52,0,0,0,0,default_table,b,b,,,57,0x2b022214acbe1738
80,com_cc_input_buffer,53,0,0,0,0,default_table,b,b,,,57,0x2b022214acbe1738
80,com_cc_input_buffer,54,0,0,0,0,default_table,b,b,,,57,0x2b022214acbe1738
80,com_cc_input_buffer,55,0,0,0,0,default_table,b,b,,,57,0x2b022214acbe1738
80,com_cc_input_buffer,56,0,0,0,0,default_table,b,b,,,57,0x2b022214acbe1738
80,com_cc_input_buffer,57,0,0,0,0,default_table,b,b,,,57,0x2b022214acbe1738
80,com_cc_input_buffer,58,0,0,0,0,default_table,b,b,,,57,0x2b022214acbe1738
80,com_cc_input_buffer,59,0,0,0,0,default_table,b,b,,,57,0x2b022214acbe1738
80,com_cc_input_buffer,60,0,0,0,0,default_table,b,b,,,57,0x2b022214acbe1738
80,com_cc_input_buffer,61,0,0,0,0,default_table,b,b,,,57,0x2b022214acbe1738
80,com_cc_input_buffer,62,0,0,0,0,default_table,b,b,,,57,0x2b022214acbe1738
80,com_cc_input_buffer,63,0,0,0,0,default_table,b,b,,,57,0x2b022214acbe1738
80,com_cc_input_buffer,64,0,0,0,0,default_table,b,b,,,57,0x2b022214acbe1738
81,com_cc_output,1,0,0,0,0,default_table,b,b,,,93,0x6208c10c08f9bf5b
81,com_cc_output,2,0,0,0,0,default_table,b,b,,,93,0x6208c10c08f9bf5b
81,com_cc_output,3,0,0,0,0,default_table,b,b,,,93,0x6208c10c08f9bf5b
81,com_cc_output,4,0,0,0,0,default_table,b,b,,,93,0x6208c10c08f9bf5b
81,com_cc_output,5,0,0,0,0,default_table,b,b,,,93,0x6208c10c08f9bf5b
81,com_cc_output,6,0,0,0,0,default_table,b,b,,,93,0x6208c10c08f9bf5b
81,com_cc_output,7,0,0,0,0,default_table,b,b,,,93,0x6208c10c08f9bf5b
81,com_cc_output,8,0,0,0,0,default_table,b,b,,,93,0x6208c10c08f9bf5b
81,com_cc_output,9,0,0,0,0,default_table,b,b,,,93,0x6208c10c08f9bf5b
81,com_cc_output,10,0,0,0,0,default_table,b,b,,,93,0x6208c10c08f9bf5b
81,com_cc_output,11,0,0,0,0,default_table,b,b,,,93,0x6208c10c08f9bf5b
81,com_cc_output,12,0,0,0,0,default_table,b,b,,,93,0x6208c10c08f9bf5b
81,com_cc_output,13,0,0,0,0,default_table,b,b,,,93,0x6208c10c08f9bf5b
81,com_cc_output,14,0,0,0,0,default_table,b,b,,,93,0x6208c10c08f9bf5b
81,com_cc_output,15,0,0,0,0,default_table,b,b,,,93,0x6208c10c08f9bf5b
81,com_cc_output,16,0,0,0,0,default_table,b,b,,,93,0x6208c10c08f9bf5b
81,com_cc_output,17,0,0,0,0,default_table,b,b,,,93,0x6208c10c08f9bf5b
81,com_cc_output,18,0,0,0,0,default_table,b,b,,,93,0x6208c10c08f9bf5b
81,com_cc_output,19,0,0,0,0,default_table,b,b,,,93,0x6208c10c08f9bf5b
81,com_cc_output,20,0,0,0,0,default_table,b,b,,,93,0x6208c10c08f9bf5b
81,com_cc_output,21,0,0,0,0,default_table,b,b,,,93,0x6208c10c08f9bf5b
81,com_cc_output,22,0,0,0,0,default_table,b,b,,,93,0x6208c10c08f9bf5b
81,com_cc_output,23,0,0,0,0,default_table,b,b,,,93,0x6208c10c08f9bf5b
81,com_cc_output,24,0,0,0,0,default_table,b,b,,,93,0x6208c10c08f9bf5b
81,com_cc_output,25,0,0,0,0,default_table,b,b,,,93,0x6208c10c08f9bf5b
81,com_cc_output,26,0,0,0,0,default_table,b,b,,,93,0x6208c10c08f9bf5b
81,com_cc_output,27,0,0,0,0,default_table,b,b,,,93,0x6208c10c08f9bf5b
81,com_cc_output,28,0,0,0,0,default_table,b,b,,,93,0x6208c10c08f9bf5b
81,com_cc_output,29,0,0,0,0,default_table,b,b,,,93,0x6208c10c08f9bf5b
81,com_cc_output,30,0,0,0,0,default_table,b,b,,,93,0x6208c10c08f9bf5b
81,com_cc_output,31,0,0,0,0,default_table,b,b,,,93,0x6208c10c08f9bf5b
81,com_cc_output,32,0,0,0,0,default_table,b,b,,,93,0x6208c10c08f9bf5b
81,com_cc_output,33,0,0,0,0,default_table,b,b,,,93,0x6208c10c08f9bf5b
81,com_cc_output,34,0,0,0,0,default_table,b,b,,,93,0x6208c10c08f9bf5b
81,com_cc_output,35,0,0,0,0,default_table,b,b,,,93,0x6208c10c08f9bf5b
81,com_cc_output,36,0,0,0,0,default_table,b,b,,,93,0x6208c10c08f9bf5b
81,com_cc_output,37,0,0,0,0,default_table,b,b,,,93,0x6208c10c08f9bf5b
81,com_cc_output,38,0,0,0,0,default_table,b,b,,,93,0x6208c10c08f9bf5b
81,com_cc_output,39,0,0,0,0,default_table,b,b,,,93,0x6208c10c08f9bf5b
81,com_cc_output,40,0,0,0,0,default_table,b,b,,,93,0x6208c10c08f9bf5b
81,com_cc_output,41,0,0,0,0,default_table,b,b,,,93,0x6208c10c08f9bf5b
81,com_cc_output,42,0,0,0,0,default_table,b,b,,,93,0x6208c10c08f9bf5b
81,com_cc_output,43,0,0,0,0,default_table,b,b,,,93,0x6208c10c08f9bf5b
81,com_cc_output,44,0,0,0,0,default_table,b,b,,,93,0x6208c10c08f9bf5b
81,com_cc_output,45,0,0,0,0,default_table,b,b,,,93,0x6208c10c08f9bf5b
81,com_cc_output,46,0,0,0,0,default_table,b,b,,,93,0x6208c10c08f9bf5b
81,com_cc_output,47,0,0,0,0,default_table,b,b,,,93,0x6208c10c08f9bf5b
81,com_cc_output,48,0,0,0,0,default_table,b,b,,,93,0x6208c10c08f9bf5b
81,com_cc_output,49,0,0,0,0,default_table,b,b,,,93,0x6208c10c08f9bf5b
81,com_cc_output,50,0,0,0,0,default_table,b,b,,,93,0x6208c10c08f9bf5b
81,com_cc_output,51,0,0,0,0,default_table,b,b,,,93,0x6208c10c08f9bf5b
81,com_cc_output,52,0,0,0,0,default_table,b,b,,,93,0x6208c10c08f9bf5b
81,com_cc_output,53,0,0,0,0,default_table,b,b,,,93,0x6208c10c08f9bf5b
81,com_cc_output,54,0,0,0,0,default_table,b,b,,,93,0x6208c10c08f9bf5b
81,com_cc_output,55,0,0,0,0,default_table,b,b,,,93,0x6208c10c08f9bf5b
81,com_cc_output,56,0,0,0,0,default_table,b,b,,,93,0x6208c10c08f9bf5b
81,com_cc_output,57,0,0,0,0,default_table,b,b,,,93,0x6208c10c08f9bf5b
81,com_cc_output,58,0,0,0,0,default_table,b,b,,,93,0x6208c10c08f9bf5b
81,com_cc_output,59,0,0,0,0,default_table,b,b,,,93,0x6208c10c08f9bf5b
81,com_cc_output,60,0,0,0,0,default_table,b,b,,,93,0x6208c10c08f9bf5b
81,com_cc_output,61,0,0,0,0,default_table,b,b,,,93,0x6208c10c08f9bf5b
81,com_cc_output,62,0,0,0,0,default_table,b,b,,,93,0x6208c10c08f9bf5b
81,com_cc_output,63,0,0,0,0,default_table,b,b,,,93,0x6208c10c08f9bf5b
81,com_cc_output,64,0,0,0,0,default_table,b,b,,,93,0x6208c10c08f9bf5b
82,com_probe_memory_bit,1,0,0,0,0,default_table,b,b,,,18,0x82e7df129c1b4f12
82,com_probe_memory_bit,2,0,0,0,0,default_table,b,b,,,18,0x82e7df129c1b4f12
82,com_probe_memory_bit,3,0,0,0,0,default_table,b,b,,,18,0x82e7df129c1b4f12
82,com_probe_memory_bit,4,0,0,0,0,default_table,b,b,,,18,0x82e7df129c1b4f12
82,com_probe_memory_bit,5,0,0,0,0,default_table,b,b,,,18,0x82e7df129c1b4f12
82,com_probe_memory_bit,6,0,0,0,0,default_table,b,b,,,18,0x82e7df129c1b4f12
82,com_probe_memory_bit,7,0,0,0,0,default_table,b,b,,,18,0x82e7df129c1b4f12
82,com_probe_memory_bit,8,0,0,0,0,default_table,b,b,,,18,0x82e7df129c1b4f12
82,com_probe_memory_bit,9,0,0,0,0,default_table,b,b,,,18,0x82e7df129c1b4f12
82,com_probe_memory_bit,10,0,0,0,0,default_table,b,b,,,18,0x82e7df129c1b4f12
82,com_probe_memory_bit,11,0,0,0,0,default_table,b,b,,,18,0x82e7df129c1b4f12
82,com_probe_memory_bit,12,0,0,0,0,default_table,b,b,,,18,0x82e7df129c1b4f12
82,com_probe_memory_bit,13,0,0,0,0,default_table,b,b,,,18,0x82e7df129c1b4f12
82,com_probe_memory_bit,14,0,0,0,0,default_table,b,b,,,18,0x82e7df129c1b4f12
82,com_probe_memory_bit,15,0,0,0,0,default_table,b,b,,,18,0x82e7df129c1b4f12
82,com_probe_memory_bit,16,0,0,0,0,default_table,b,b,,,18,0x82e7df129c1b4f12
82,com_probe_memory_bit,17,0,0,0,0,default_table,b,b,,,18,0x82e7df129c1b4f12
82,com_probe_memory_bit,18,0,0,0,0,default_table,b,b,,,18,0x82e7df129c1b4f12
82,com_probe_memory_bit,19,0,0,0,0,default_table,b,b,,,18,0x82e7df129c1b4f12
82,com_probe_memory_bit,20,0,0,0,0,default_table,b,b,,,18,0x82e7df129c1b4f12
82,com_probe_memory_bit,21,0,0,0,0,default_table,b,b,,,18,0x82e7df129c1b4f12
82,com_probe_memory_bit,22,0,0,0,0,default_table,b,b,,,18,0x82e7df129c1b4f12
82,com_probe_memory_bit,23,0,0,0,0,default_table,b,b,,,18,0x82e7df129c1b4f12
82,com_probe_memory_bit,24,0,0,0,0,default_table,b,b,,,18,0x82e7df129c1b4f12
82,com_probe_memory_bit,25,0,0,0,0,default_table,b,b,,,18,0x82e7df129c1b4f12
82,com_probe_memory_bit,26,0,0,0,0,default_table,b,b,,,18,0x82e7df129c1b4f12
82,com_probe_memory_bit,27,0,0,0,0,default_table,b,b,,,18,0x82e7df129c1b4f12
82,com_probe_memory_bit,28,0,0,0,0,default_table,b,b,,,18,0x82e7df129c1b4f12
82,com_probe_memory_bit,29,0,0,0,0,default_table,b,b,,,18,0x82e7df129c1b4f12
82,com_probe_memory_bit,30,0,0,0,0,default_table,b,b,,,18,0x82e7df129c1b4f12
82,com_probe_memory_bit,31,0,0,0,0,default_table,b,b,,,18,0x82e7df129c1b4f12
82,com_probe_memory_bit,32,0,0,0,0,default_table,b,b,,,18,0x82e7df129c1b4f12
82,com_probe_memory_bit,33,0,0,0,0,default_table,b,b,,,18,0x82e7df129c1b4f12
82,com_probe_memory_bit,34,0,0,0,0,default_table,b,b,,,18,0x82e7df129c1b4f12
82,com_probe_memory_bit,35,0,0,0,0,default_table,b,b,,,18,0x82e7df129c1b4f12
82,com_probe_memory_bit,36,0,0,0,0,default_table,b,b,,,18,0x82e7df129c1b4f12
82,com_probe_memory_bit,37,0,0,0,0,default_table,b,b,,,18,0x82e7df129c1b4f12
82,com_probe_memory_bit,38,0,0,0,0,default_table,b,b,,,18,0x82e7df129c1b4f12
82,com_probe_memory_bit,39,0,0,0,0,default_table,b,b,,,18,0x82e7df129c1b4f12
82,com_probe_memory_bit,40,0,0,0,0,default_table,b,b,,,18,0x82e7df129c1b4f12
82,com_probe_memory_bit,41,0,0,0,0,default_table,b,b,,,18,0x82e7df129c1b4f12
82,com_probe_memory_bit,42,0,0,0,0,default_table,b,b,,,18,0x82e7df129c1b4f12
82,com_probe_memory_bit,43,0,0,0,0,default_table,b,b,,,18,0x82e7df129c1b4f12
82,com_probe_memory_bit,44,0,0,0,0,default_table,b,b,,,18,0x82e7df129c1b4f12
82,com_probe_memory_bit,45,0,0,0,0,default_table,b,b,,,18,0x82e7df129c1b4f12
82,com_probe_memory_bit,46,0,0,0,0,default_table,b,b,,,18,0x82e7df129c1b4f12
82,com_probe_memory_bit,47,0,0,0,0,default_table,b,b,,,18,0x82e7df129c1b4f12
82,com_probe_memory_bit,48,0,0,0,0,default_table,b,b,,,18,0x82e7df129c1b4f12
82,com_probe_memory_bit,49,0,0,0,0,default_table,b,b,,,18,0x82e7df129c1b4f12
82,com_probe_memory_bit,50,0,0,0,0,default_table,b,b,,,18,0x82e7df129c1b4f12
82,com_probe_memory_bit,51,0,0,0,0,default_table,b,b,,,18,0x82e7df129c1b4f12
82,com_probe_memory_bit,52,0,0,0,0,default_table,b,b,,,18,0x82e7df129c1b4f12
82,com_probe_memory_bit,53,0,0,0,0,default_table,b,b,,,18,0x82e7df129c1b4f12
82,com_probe_memory_bit,54,0,0,0,0,default_table,b,b,,,18,0x82e7df129c1b4f12
82,com_probe_memory_bit,55,0,0,0,0,default_table,b,b,,,18,0x82e7df129c1b4f12
82,com_probe_memory_bit,56,0,0,0,0,default_table,b,b,,,18,0x82e7df129c1b4f12
82,com_probe_memory_bit,57,0,0,0,0,default_table,b,b,,,18,0x82e7df129c1b4f12
82,com_probe_memory_bit,58,0,0,0,0,default_table,b,b,,,18,0x82e7df129c1b4f12
82,com_probe_memory_bit,59,0,0,0,0,default_table,b,b,,,18,0x82e7df129c1b4f12
82,com_probe_memory_bit,60,0,0,0,0,default_table,b,b,,,18,0x82e7df129c1b4f12
82,com_probe_memory_bit,61,0,0,0,0,default_table,b,b,,,18,0x82e7df129c1b4f12
82,com_probe_memory_bit,62,0,0,0,0,default_table,b,b,,,18,0x82e7df129c1b4f12
82,com_probe_memory_bit,63,0,0,0,0,default_table,b,b,,,18,0x82e7df129c1b4f12
82,com_probe_memory_bit,64,0,0,0,0,default_table,b,b,,,18,0x82e7df129c1b4f12
83,com_probe_memory_word,1,0,0,0,0,default_table,b,b,,,177,0x33d98d7200e2dfb1
83,com_probe_memory_word,2,0,0,0,0,default_table,b,b,,,177,0x33d98d7200e2dfb1
83,com_probe_memory_word,3,0,0,0,0,default_table,b,b,,,177,0x33d98d7200e2dfb1
83,com_probe_memory_word,4,0,0,0,0,default_table,b,b,,,177,0x33d98d7200e2dfb1
83,com_probe_memory_word,5,0,0,0,0,default_table,b,b,,,177,0x33d98d7200e2dfb1
83,com_probe_memory_word,6,0,0,0,0,default_table,b,b,,,177,0x33d98d7200e2dfb1
83,com_probe_memory_word,7,0,0,0,0,default_table,b,b,,,177,0x33d98d7200e2dfb1
83,com_probe_memory_word,8,0,0,0,0,default_table,b,b,,,177,0x33d98d7200e2dfb1
83,com_probe_memory_word,9,0,0,0,0,default_table,b,b,,,177,0x33d98d7200e2dfb1
83,com_probe_memory_word,10,0,0,0,0,default_table,b,b,,,177,0x33d98d7200e2dfb1
83,com_probe_memory_word,11,0,0,0,0,default_table,b,b,,,177,0x33d98d7200e2dfb1
83,com_probe_memory_word,12,0,0,0,0,default_table,b,b,,,177,0x33d98d7200e2dfb1
83,com_probe_memory_word,13,0,0,0,0,default_table,b,b,,,177,0x33d98d7200e2dfb1
83,com_probe_memory_word,14,0,0,0,0,default_table,b,b,,,177,0x33d98d7200e2dfb1
83,com_probe_memory_word,15,0,0,0,0,default_table,b,b,,,177,0x33d98d7200e2dfb1
83,com_probe_memory_word,16,0,0,0,0,default_table,b,b,,,177,0x33d98d7200e2dfb1
83,com_probe_memory_word,17,0,0,0,0,default_table,b,b,,,177,0x33d98d7200e2dfb1
83,com_probe_memory_word,18,0,0,0,0,default_table,b,b,,,177,0x33d98d7200e2dfb1
83,com_probe_memory_word,19,0,0,0,0,default_table,b,b,,,177,0x33d98d7200e2dfb1
83,com_probe_memory_word,20,0,0,0,0,default_table,b,b,,,177,0x33d98d7200e2dfb1
83,com_probe_memory_word,21,0,0,0,0,default_table,b,b,,,177,0x33d98d7200e2dfb1
83,com_probe_memory_word,22,0,0,0,0,default_table,b,b,,,177,0x33d98d7200e2dfb1
83,com_probe_memory_word,23,0,0,0,0,default_table,b,b,,,177,0x33d98d7200e2dfb1
83,com_probe_memory_word,24,0,0,0,0,default_table,b,b,,,177,0x33d98d7200e2dfb1
83,com_probe_memory_word,25,0,0,0,0,default_table,b,b,,,177,0x33d98d7200e2dfb1
83,com_probe_memory_word,26,0,0,0,0,default_table,b,b,,,177,0x33d98d7200e2dfb1
83,com_probe_memory_word,27,0,0,0,0,default_table,b,b,,,177,0x33d98d7200e2dfb1
83,com_probe_memory_word,28,0,0,0,0,default_table,b,b,,,177,0x33d98d7200e2dfb1
83,com_probe_memory_word,29,0,0,0,0,default_table,b,b,,,177,0x33d98d7200e2dfb1
83,com_probe_memory_word,30,0,0,0,0,default_table,b,b,,,177,0x33d98d7200e2dfb1
83,com_probe_memory_word,31,0,0,0,0,default_table,b,b,,,177,0x33d98d7200e2dfb1
83,com_probe_memory_word,32,0,0,0,0,default_table,b,b,,,177,0x33d98d7200e2dfb1
83,com_probe_memory_word,33,0,0,0,0,default_table,b,b,,,177,0x33d98d7200e2dfb1
83,com_probe_memory_word,34,0,0,0,0,default_table,b,b,,,177,0x33d98d7200e2dfb1
83,com_probe_memory_word,35,0,0,0,0,default_table,b,b,,,177,0x33d98d7200e2dfb1
83,com_probe_memory_word,36,0,0,0,0,default_table,b,b,,,177,0x33d98d7200e2dfb1
83,com_probe_memory_word,37,0,0,0,0,default_table,b,b,,,177,0x33d98d7200e2dfb1
83,com_probe_memory_word,38,0,0,0,0,default_table,b,b,,,177,0x33d98d7200e2dfb1
83,com_probe_memory_word,39,0,0,0,0,default_table,b,b,,,177,0x33d98d7200e2dfb1
83,com_probe_memory_word,40,0,0,0,0,default_table,b,b,,,177,0x33d98d7200e2dfb1
83,com_probe_memory_word,41,0,0,0,0,default_table,b,b,,,177,0x33d98d7200e2dfb1
83,com_probe_memory_word,42,0,0,0,0,default_table,b,b,,,177,0x33d98d7200e2dfb1
83,com_probe_memory_word,43,0,0,0,0,default_table,b,b,,,177,0x33d98d7200e2dfb1
83,com_probe_memory_word,44,0,0,0,0,default_table,b,b,,,177,0x33d98d7200e2dfb1
83,com_probe_memory_word,45,0,0,0,0,default_table,b,b,,,177,0x33d98d7200e2dfb1
83,com_probe_memory_word,46,0,0,0,0,default_table,b,b,,,177,0x33d98d7200e2dfb1
83,com_probe_memory_word,47,0,0,0,0,default_table,b,b,,,177,0x33d98d7200e2dfb1
83,com_probe_memory_word,48,0,0,0,0,default_table,b,b,,,177,0x33d98d7200e2dfb1
83,com_probe_memory_word,49,0,0,0,0,default_table,b,b,,,177,0x33d98d7200e2dfb1
83,com_probe_memory_word,50,0,0,0,0,default_table,b,b,,,177,0x33d98d7200e2dfb1
83,com_probe_memory_word,51,0,0,0,0,default_table,b,b,,,177,0x33d98d7200e2dfb1
83,com_probe_memory_word,52,0,0,0,0,default_table,b,b,,,177,0x33d98d7200e2dfb1
83,com_probe_memory_word,53,0,0,0,0,default_table,b,b,,,177,0x33d98d7200e2dfb1
83,com_probe_memory_word,54,0,0,0,0,default_table,b,b,,,177,0x33d98d7200e2dfb1
83,com_probe_memory_word,55,0,0,0,0,default_table,b,b,,,177,0x33d98d7200e2dfb1
83,com_probe_memory_word,56,0,0,0,0,default_table,b,b,,,177,0x33d98d7200e2dfb1
83,com_probe_memory_word,57,0,0,0,0,default_table,b,b,,,177,0x33d98d7200e2dfb1
83,com_probe_memory_word,58,0,0,0,0,default_table,b,b,,,177,0x33d98d7200e2dfb1
83,com_probe_memory_word,59,0,0,0,0,default_table,b,b,,,177,0x33d98d7200e2dfb1
83,com_probe_memory_word,60,0,0,0,0,default_table,b,b,,,177,0x33d98d7200e2dfb1
83,com_probe_memory_word,61,0,0,0,0,default_table,b,b,,,177,0x33d98d7200e2dfb1
83,com_probe_memory_word,62,0,0,0,0,default_table,b,b,,,177,0x33d98d7200e2dfb1
83,com_probe_memory_word,63,0,0,0,0,default_table,b,b,,,177,0x33d98d7200e2dfb1
83,com_probe_memory_word,64,0,0,0,0,default_table,b,b,,,177,0x33d98d7200e2dfb1
84,com_probe_wire_bit,1,0,0,0,0,default_table,b,b,,,252,0x7f54056d413bf2fc
84,com_probe_wire_bit,2,0,0,0,0,default_table,b,b,,,252,0x7f54056d413bf2fc
84,com_probe_wire_bit,3,0,0,0,0,default_table,b,b,,,252,0x7f54056d413bf2fc
84,com_probe_wire_bit,4,0,0,0,0,default_table,b,b,,,252,0x7f54056d413bf2fc
84,com_probe_wire_bit,5,0,0,0,0,default_table,b,b,,,252,0x7f54056d413bf2fc
84,com_probe_wire_bit,6,0,0,0,0,default_table,b,b,,,252,0x7f54056d413bf2fc
84,com_probe_wire_bit,7,0,0,0,0,default_table,b,b,,,252,0x7f54056d413bf2fc
84,com_probe_wire_bit,8,0,0,0,0,default_table,b,b,,,252,0x7f54056d413bf2fc
84,com_probe_wire_bit,9,0,0,0,0,default_table,b,b,,,252,0x7f54056d413bf2fc
84,com_probe_wire_bit,10,0,0,0,0,default_table,b,b,,,252,0x7f54056d413bf2fc
84,com_probe_wire_bit,11,0,0,0,0,default_table,b,b,,,252,0x7f54056d413bf2fc
84,com_probe_wire_bit,12,0,0,0,0,default_table,b,b,,,252,0x7f54056d413bf2fc
84,com_probe_wire_bit,13,0,0,0,0,default_table,b,b,,,252,0x7f54056d413bf2fc
84,com_probe_wire_bit,14,0,0,0,0,default_table,b,b,,,252,0x7f54056d413bf2fc
84,com_probe_wire_bit,15,0,0,0,0,default_table,b,b,,,252,0x7f54056d413bf2fc
84,com_probe_wire_bit,16,0,0,0,0,default_table,b,b,,,252,0x7f54056d413bf2fc
84,com_probe_wire_bit,17,0,0,0,0,default_table,b,b,,,252,0x7f54056d413bf2fc
84,com_probe_wire_bit,18,0,0,0,0,default_table,b,b,,,252,0x7f54056d413bf2fc
84,com_probe_wire_bit,19,0,0,0,0,default_table,b,b,,,252,0x7f54056d413bf2fc
84,com_probe_wire_bit,20,0,0,0,0,default_table,b,b,,,252,0x7f54056d413bf2fc
84,com_probe_wire_bit,21,0,0,0,0,default_table,b,b,,,252,0x7f54056d413bf2fc
84,com_probe_wire_bit,22,0,0,0,0,default_table,b,b,,,252,0x7f54056d413bf2fc
84,com_probe_wire_bit,23,0,0,0,0,default_table,b,b,,,252,0x7f54056d413bf2fc
84,com_probe_wire_bit,24,0,0,0,0,default_table,b,b,,,252,0x7f54056d413bf2fc
84,com_probe_wire_bit,25,0,0,0,0,default_table,b,b,,,252,0x7f54056d413bf2fc
84,com_probe_wire_bit,26,0,0,0,0,default_table,b,b,,,252,0x7f54056d413bf2fc
84,com_probe_wire_bit,27,0,0,0,0,default_table,b,b,,,252,0x7f54056d413bf2fc
84,com_probe_wire_bit,28,0,0,0,0,default_table,b,b,,,252,0x7f54056d413bf2fc
84,com_probe_wire_bit,29,0,0,0,0,default_table,b,b,,,252,0x7f54056d413bf2fc
84,com_probe_wire_bit,30,0,0,0,0,default_table,b,b,,,252,0x7f54056d413bf2fc
84,com_probe_wire_bit,31,0,0,0,0,default_table,b,b,,,252,0x7f54056d413bf2fc
84,com_probe_wire_bit,32,0,0,0,0,default_table,b,b,,,252,0x7f54056d413bf2fc
84,com_probe_wire_bit,33,0,0,0,0,default_table,b,b,,,252,0x7f54056d413bf2fc
84,com_probe_wire_bit,34,0,0,0,0,default_table,b,b,,,252,0x7f54056d413bf2fc
84,com_probe_wire_bit,35,0,0,0,0,default_table,b,b,,,252,0x7f54056d413bf2fc
84,com_probe_wire_bit,36,0,0,0,0,default_table,b,b,,,252,0x7f54056d413bf2fc
84,com_probe_wire_bit,37,0,0,0,0,default_table,b,b,,,252,0x7f54056d413bf2fc
84,com_probe_wire_bit,38,0,0,0,0,default_table,b,b,,,252,0x7f54056d413bf2fc
84,com_probe_wire_bit,39,0,0,0,0,default_table,b,b,,,252,0x7f54056d413bf2fc
84,com_probe_wire_bit,40,0,0,0,0,default_table,b,b,,,252,0x7f54056d413bf2fc
84,com_probe_wire_bit,41,0,0,0,0,default_table,b,b,,,252,0x7f54056d413bf2fc
84,com_probe_wire_bit,42,0,0,0,0,default_table,b,b,,,252,0x7f54056d413bf2fc
84,com_probe_wire_bit,43,0,0,0,0,default_table,b,b,,,252,0x7f54056d413bf2fc
84,com_probe_wire_bit,44,0,0,0,0,default_table,b,b,,,252,0x7f54056d413bf2fc
84,com_probe_wire_bit,45,0,0,0,0,default_table,b,b,,,252,0x7f54056d413bf2fc
84,com_probe_wire_bit,46,0,0,0,0,default_table,b,b,,,252,0x7f54056d413bf2fc
84,com_probe_wire_bit,47,0,0,0,0,default_table,b,b,,,252,0x7f54056d413bf2fc
84,com_probe_wire_bit,48,0,0,0,0,default_table,b,b,,,252,0x7f54056d413bf2fc
84,com_probe_wire_bit,49,0,0,0,0,default_table,b,b,,,252,0x7f54056d413bf2fc
84,com_probe_wire_bit,50,0,0,0,0,default_table,b,b,,,252,0x7f54056d413bf2fc
84,com_probe_wire_bit,51,0,0,0,0,default_table,b,b,,,252,0x7f54056d413bf2fc
84,com_probe_wire_bit,52,0,0,0,0,default_table,b,b,,,252,0x7f54056d413bf2fc
84,com_probe_wire_bit,53,0,0,0,0,default_table,b,b,,,252,0x7f54056d413bf2fc
84,com_probe_wire_bit,54,0,0,0,0,default_table,b,b,,,252,0x7f54056d413bf2fc
84,com_probe_wire_bit,55,0,0,0,0,default_table,b,b,,,252,0x7f54056d413bf2fc
84,com_probe_wire_bit,56,0,0,0,0,default_table,b,b,,,252,0x7f54056d413bf2fc
84,com_probe_wire_bit,57,0,0,0,0,default_table,b,b,,,252,0x7f54056d413bf2fc
84,com_probe_wire_bit,58,0,0,0,0,default_table,b,b,,,252,0x7f54056d413bf2fc
84,com_probe_wire_bit,59,0,0,0,0,default_table,b,b,,,252,0x7f54056d413bf2fc
84,com_probe_wire_bit,60,0,0,0,0,default_table,b,b,,,252,0x7f54056d413bf2fc
84,com_probe_wire_bit,61,0,0,0,0,default_table,b,b,,,252,0x7f54056d413bf2fc
84,com_probe_wire_bit,62,0,0,0,0,default_table,b,b,,,252,0x7f54056d413bf2fc
84,com_probe_wire_bit,63,0,0,0,0,default_table,b,b,,,252,0x7f54056d413bf2fc
84,com_probe_wire_bit,64,0,0,0,0,default_table,b,b,,,252,0x7f54056d413bf2fc
85,com_probe_wire_word,1,0,0,0,0,default_table,b,b,,,242,0x56937148d1de44f1
85,com_probe_wire_word,2,0,0,0,0,default_table,b,b,,,242,0x56937148d1de44f1
85,com_probe_wire_word,3,0,0,0,0,default_table,b,b,,,242,0x56937148d1de44f1
85,com_probe_wire_word,4,0,0,0,0,default_table,b,b,,,242,0x56937148d1de44f1
85,com_probe_wire_word,5,0,0,0,0,default_table,b,b,,,242,0x56937148d1de44f1
85,com_probe_wire_word,6,0,0,0,0,default_table,b,b,,,242,0x56937148d1de44f1
85,com_probe_wire_word,7,0,0,0,0,default_table,b,b,,,242,0x56937148d1de44f1
85,com_probe_wire_word,8,0,0,0,0,default_table,b,b,,,242,0x56937148d1de44f1
85,com_probe_wire_word,9,0,0,0,0,default_table,b,b,,,242,0x56937148d1de44f1
85,com_probe_wire_word,10,0,0,0,0,default_table,b,b,,,242,0x56937148d1de44f1
85,com_probe_wire_word,11,0,0,0,0,default_table,b,b,,,242,0x56937148d1de44f1
85,com_probe_wire_word,12,0,0,0,0,default_table,b,b,,,242,0x56937148d1de44f1
85,com_probe_wire_word,13,0,0,0,0,default_table,b,b,,,242,0x56937148d1de44f1
85,com_probe_wire_word,14,0,0,0,0,default_table,b,b,,,242,0x56937148d1de44f1
85,com_probe_wire_word,15,0,0,0,0,default_table,b,b,,,242,0x56937148d1de44f1
85,com_probe_wire_word,16,0,0,0,0,default_table,b,b,,,242,0x56937148d1de44f1
85,com_probe_wire_word,17,0,0,0,0,default_table,b,b,,,242,0x56937148d1de44f1
85,com_probe_wire_word,18,0,0,0,0,default_table,b,b,,,242,0x56937148d1de44f1
85,com_probe_wire_word,19,0,0,0,0,default_table,b,b,,,242,0x56937148d1de44f1
85,com_probe_wire_word,20,0,0,0,0,default_table,b,b,,,242,0x56937148d1de44f1
85,com_probe_wire_word,21,0,0,0,0,default_table,b,b,,,242,0x56937148d1de44f1
85,com_probe_wire_word,22,0,0,0,0,default_table,b,b,,,242,0x56937148d1de44f1
85,com_probe_wire_word,23,0,0,0,0,default_table,b,b,,,242,0x56937148d1de44f1
85,com_probe_wire_word,24,0,0,0,0,default_table,b,b,,,242,0x56937148d1de44f1
85,com_probe_wire_word,25,0,0,0,0,default_table,b,b,,,242,0x56937148d1de44f1
85,com_probe_wire_word,26,0,0,0,0,default_table,b,b,,,242,0x56937148d1de44f1
85,com_probe_wire_word,27,0,0,0,0,default_table,b,b,,,242,0x56937148d1de44f1
85,com_probe_wire_word,28,0,0,0,0,default_table,b,b,,,242,0x56937148d1de44f1
85,com_probe_wire_word,29,0,0,0,0,default_table,b,b,,,242,0x56937148d1de44f1
85,com_probe_wire_word,30,0,0,0,0,default_table,b,b,,,242,0x56937148d1de44f1
85,com_probe_wire_word,31,0,0,0,0,default_table,b,b,,,242,0x56937148d1de44f1
85,com_probe_wire_word,32,0,0,0,0,default_table,b,b,,,242,0x56937148d1de44f1
85,com_probe_wire_word,33,0,0,0,0,default_table,b,b,,,242,0x56937148d1de44f1
85,com_probe_wire_word,34,0,0,0,0,default_table,b,b,,,242,0x56937148d1de44f1
85,com_probe_wire_word,35,0,0,0,0,default_table,b,b,,,242,0x56937148d1de44f1
85,com_probe_wire_word,36,0,0,0,0,default_table,b,b,,,242,0x56937148d1de44f1
85,com_probe_wire_word,37,0,0,0,0,default_table,b,b,,,242,0x56937148d1de44f1
85,com_probe_wire_word,38,0,0,0,0,default_table,b,b,,,242,0x56937148d1de44f1
85,com_probe_wire_word,39,0,0,0,0,default_table,b,b,,,242,0x56937148d1de44f1
85,com_probe_wire_word,40,0,0,0,0,default_table,b,b,,,242,0x56937148d1de44f1
85,com_probe_wire_word,41,0,0,0,0,default_table,b,b,,,242,0x56937148d1de44f1
85,com_probe_wire_word,42,0,0,0,0,default_table,b,b,,,242,0x56937148d1de44f1
85,com_probe_wire_word,43,0,0,0,0,default_table,b,b,,,242,0x56937148d1de44f1
85,com_probe_wire_word,44,0,0,0,0,default_table,b,b,,,242,0x56937148d1de44f1
85,com_probe_wire_word,45,0,0,0,0,default_table,b,b,,,242,0x56937148d1de44f1
85,com_probe_wire_word,46,0,0,0,0,default_table,b,b,,,242,0x56937148d1de44f1
85,com_probe_wire_word,47,0,0,0,0,default_table,b,b,,,242,0x56937148d1de44f1
85,com_probe_wire_word,48,0,0,0,0,default_table,b,b,,,242,0x56937148d1de44f1
85,com_probe_wire_word,49,0,0,0,0,default_table,b,b,,,242,0x56937148d1de44f1
85,com_probe_wire_word,50,0,0,0,0,default_table,b,b,,,242,0x56937148d1de44f1
85,com_probe_wire_word,51,0,0,0,0,default_table,b,b,,,242,0x56937148d1de44f1
85,com_probe_wire_word,52,0,0,0,0,default_table,b,b,,,242,0x56937148d1de44f1
85,com_probe_wire_word,53,0,0,0,0,default_table,b,b,,,242,0x56937148d1de44f1
85,com_probe_wire_word,54,0,0,0,0,default_table,b,b,,,242,0x56937148d1de44f1
85,com_probe_wire_word,55,0,0,0,0,default_table,b,b,,,242,0x56937148d1de44f1
85,com_probe_wire_word,56,0,0,0,0,default_table,b,b,,,242,0x56937148d1de44f1
85,com_probe_wire_word,57,0,0,0,0,default_table,b,b,,,242,0x56937148d1de44f1
85,com_probe_wire_word,58,0,0,0,0,default_table,b,b,,,242,0x56937148d1de44f1
85,com_probe_wire_word,59,0,0,0,0,default_table,b,b,,,242,0x56937148d1de44f1
85,com_probe_wire_word,60,0,0,0,0,default_table,b,b,,,242,0x56937148d1de44f1
85,com_probe_wire_word,61,0,0,0,0,default_table,b,b,,,242,0x56937148d1de44f1
85,com_probe_wire_word,62,0,0,0,0,default_table,b,b,,,242,0x56937148d1de44f1
85,com_probe_wire_word,63,0,0,0,0,default_table,b,b,,,242,0x56937148d1de44f1
85,com_probe_wire_word,64,0,0,0,0,default_table,b,b,,,242,0x56937148d1de44f1
86,com_deleted_20,1,0,0,0,0,default_table,b,b,,,109,0x4478c2dd62072f6a
86,com_deleted_20,2,0,0,0,0,default_table,b,b,,,109,0x4478c2dd62072f6a
86,com_deleted_20,3,0,0,0,0,default_table,b,b,,,109,0x4478c2dd62072f6a
86,com_deleted_20,4,0,0,0,0,default_table,b,b,,,109,0x4478c2dd62072f6a
86,com_deleted_20,5,0,0,0,0,default_table,b,b,,,109,0x4478c2dd62072f6a
86,com_deleted_20,6,0,0,0,0,default_table,b,b,,,109,0x4478c2dd62072f6a
86,com_deleted_20,7,0,0,0,0,default_table,b,b,,,109,0x4478c2dd62072f6a
86,com_deleted_20,8,0,0,0,0,default_table,b,b,,,109,0x4478c2dd62072f6a
86,com_deleted_20,9,0,0,0,0,default_table,b,b,,,109,0x4478c2dd62072f6a
86,com_deleted_20,10,0,0,0,0,default_table,b,b,,,109,0x4478c2dd62072f6a
86,com_deleted_20,11,0,0,0,0,default_table,b,b,,,109,0x4478c2dd62072f6a
86,com_deleted_20,12,0,0,0,0,default_table,b,b,,,109,0x4478c2dd62072f6a
86,com_deleted_20,13,0,0,0,0,default_table,b,b,,,109,0x4478c2dd62072f6a
86,com_deleted_20,14,0,0,0,0,default_table,b,b,,,109,0x4478c2dd62072f6a
86,com_deleted_20,15,0,0,0,0,default_table,b,b,,,109,0x4478c2dd62072f6a
86,com_deleted_20,16,0,0,0,0,default_table,b,b,,,109,0x4478c2dd62072f6a
86,com_deleted_20,17,0,0,0,0,default_table,b,b,,,109,0x4478c2dd62072f6a
86,com_deleted_20,18,0,0,0,0,default_table,b,b,,,109,0x4478c2dd62072f6a
86,com_deleted_20,19,0,0,0,0,default_table,b,b,,,109,0x4478c2dd62072f6a
86,com_deleted_20,20,0,0,0,0,default_table,b,b,,,109,0x4478c2dd62072f6a
86,com_deleted_20,21,0,0,0,0,default_table,b,b,,,109,0x4478c2dd62072f6a
86,com_deleted_20,22,0,0,0,0,default_table,b,b,,,109,0x4478c2dd62072f6a
86,com_deleted_20,23,0,0,0,0,default_table,b,b,,,109,0x4478c2dd62072f6a
86,com_deleted_20,24,0,0,0,0,default_table,b,b,,,109,0x4478c2dd62072f6a
86,com_deleted_20,25,0,0,0,0,default_table,b,b,,,109,0x4478c2dd62072f6a
86,com_deleted_20,26,0,0,0,0,default_table,b,b,,,109,0x4478c2dd62072f6a
86,com_deleted_20,27,0,0,0,0,default_table,b,b,,,109,0x4478c2dd62072f6a
86,com_deleted_20,28,0,0,0,0,default_table,b,b,,,109,0x4478c2dd62072f6a
86,com_deleted_20,29,0,0,0,0,default_table,b,b,,,109,0x4478c2dd62072f6a
86,com_deleted_20,30,0,0,0,0,default_table,b,b,,,109,0x4478c2dd62072f6a
86,com_deleted_20,31,0,0,0,0,default_table,b,b,,,109,0x4478c2dd62072f6a
86,com_deleted_20,32,0,0,0,0,default_table,b,b,,,109,0x4478c2dd62072f6a
86,com_deleted_20,33,0,0,0,0,default_table,b,b,,,109,0x4478c2dd62072f6a
86,com_deleted_20,34,0,0,0,0,default_table,b,b,,,109,0x4478c2dd62072f6a
86,com_deleted_20,35,0,0,0,0,default_table,b,b,,,109,0x4478c2dd62072f6a
86,com_deleted_20,36,0,0,0,0,default_table,b,b,,,109,0x4478c2dd62072f6a
86,com_deleted_20,37,0,0,0,0,default_table,b,b,,,109,0x4478c2dd62072f6a
86,com_deleted_20,38,0,0,0,0,default_table,b,b,,,109,0x4478c2dd62072f6a
86,com_deleted_20,39,0,0,0,0,default_table,b,b,,,109,0x4478c2dd62072f6a
86,com_deleted_20,40,0,0,0,0,default_table,b,b,,,109,0x4478c2dd62072f6a
86,com_deleted_20,41,0,0,0,0,default_table,b,b,,,109,0x4478c2dd62072f6a
86,com_deleted_20,42,0,0,0,0,default_table,b,b,,,109,0x4478c2dd62072f6a
86,com_deleted_20,43,0,0,0,0,default_table,b,b,,,109,0x4478c2dd62072f6a
86,com_deleted_20,44,0,0,0,0,default_table,b,b,,,109,0x4478c2dd62072f6a
86,com_deleted_20,45,0,0,0,0,default_table,b,b,,,109,0x4478c2dd62072f6a
86,com_deleted_20,46,0,0,0,0,default_table,b,b,,,109,0x4478c2dd62072f6a
86,com_deleted_20,47,0,0,0,0,default_table,b,b,,,109,0x4478c2dd62072f6a
86,com_deleted_20,48,0,0,0,0,default_table,b,b,,,109,0x4478c2dd62072f6a
86,com_deleted_20,49,0,0,0,0,default_table,b,b,,,109,0x4478c2dd62072f6a
86,com_deleted_20,50,0,0,0,0,default_table,b,b,,,109,0x4478c2dd62072f6a
86,com_deleted_20,51,0,0,0,0,default_table,b,b,,,109,0x4478c2dd62072f6a
86,com_deleted_20,52,0,0,0,0,default_table,b,b,,,109,0x4478c2dd62072f6a
86,com_deleted_20,53,0,0,0,0,default_table,b,b,,,109,0x4478c2dd62072f6a
86,com_deleted_20,54,0,0,0,0,default_table,b,b,,,109,0x4478c2dd62072f6a
86,com_deleted_20,55,0,0,0,0,default_table,b,b,,,109,0x4478c2dd62072f6a
86,com_deleted_20,56,0,0,0,0,default_table,b,b,,,109,0x4478c2dd62072f6a
86,com_deleted_20,57,0,0,0,0,default_table,b,b,,,109,0x4478c2dd62072f6a
86,com_deleted_20,58,0,0,0,0,default_table,b,b,,,109,0x4478c2dd62072f6a
86,com_deleted_20,59,0,0,0,0,default_table,b,b,,,109,0x4478c2dd62072f6a
86,com_deleted_20,60,0,0,0,0,default_table,b,b,,,109,0x4478c2dd62072f6a
86,com_deleted_20,61,0,0,0,0,default_table,b,b,,,109,0x4478c2dd62072f6a
86,com_deleted_20,62,0,0,0,0,default_table,b,b,,,109,0x4478c2dd62072f6a
86,com_deleted_20,63,0,0,0,0,default_table,b,b,,,109,0x4478c2dd62072f6a
86,com_deleted_20,64,0,0,0,0,default_table,b,b,,,109,0x4478c2dd62072f6a
87,com_halt,1,0,0,0,0,default_table,b,b,,,251,0xac080fa61e4da2fb
87,com_halt,2,0,0,0,0,default_table,b,b,,,251,0xac080fa61e4da2fb
87,com_halt,3,0,0,0,0,default_table,b,b,,,251,0xac080fa61e4da2fb
87,com_halt,4,0,0,0,0,default_table,b,b,,,251,0xac080fa61e4da2fb
87,com_halt,5,0,0,0,0,default_table,b,b,,,251,0xac080fa61e4da2fb
87,com_halt,6,0,0,0,0,default_table,b,b,,,251,0xac080fa61e4da2fb
87,com_halt,7,0,0,0,0,default_table,b,b,,,251,0xac080fa61e4da2fb
87,com_halt,8,0,0,0,0,default_table,b,b,,,251,0xac080fa61e4da2fb
87,com_halt,9,0,0,0,0,default_table,b,b,,,251,0xac080fa61e4da2fb
87,com_halt,10,0,0,0,0,default_table,b,b,,,251,0xac080fa61e4da2fb
87,com_halt,11,0,0,0,0,default_table,b,b,,,251,0xac080fa61e4da2fb
87,com_halt,12,0,0,0,0,default_table,b,b,,,251,0xac080fa61e4da2fb
87,com_halt,13,0,0,0,0,default_table,b,b,,,251,0xac080fa61e4da2fb
87,com_halt,14,0,0,0,0,default_table,b,b,,,251,0xac080fa61e4da2fb
87,com_halt,15,0,0,0,0,default_table,b,b,,,251,0xac080fa61e4da2fb
87,com_halt,16,0,0,0,0,default_table,b,b,,,251,0xac080fa61e4da2fb
87,com_halt,17,0,0,0,0,default_table,b,b,,,251,0xac080fa61e4da2fb
87,com_halt,18,0,0,0,0,default_table,b,b,,,251,0xac080fa61e4da2fb
87,com_halt,19,0,0,0,0,default_table,b,b,,,251,0xac080fa61e4da2fb
87,com_halt,20,0,0,0,0,default_table,b,b,,,251,0xac080fa61e4da2fb
87,com_halt,21,0,0,0,0,default_table,b,b,,,251,0xac080fa61e4da2fb
87,com_halt,22,0,0,0,0,default_table,b,b,,,251,0xac080fa61e4da2fb
87,com_halt,23,0,0,0,0,default_table,b,b,,,251,0xac080fa61e4da2fb
87,com_halt,24,0,0,0,0,default_table,b,b,,,251,0xac080fa61e4da2fb
87,com_halt,25,0,0,0,0,default_table,b,b,,,251,0xac080fa61e4da2fb
87,com_halt,26,0,0,0,0,default_table,b,b,,,251,0xac080fa61e4da2fb
87,com_halt,27,0,0,0,0,default_table,b,b,,,251,0xac080fa61e4da2fb
87,com_halt,28,0,0,0,0,default_table,b,b,,,251,0xac080fa61e4da2fb
87,com_halt,29,0,0,0,0,default_table,b,b,,,251,0xac080fa61e4da2fb
87,com_halt,30,0,0,0,0,default_table,b,b,,,251,0xac080fa61e4da2fb
87,com_halt,31,0,0,0,0,default_table,b,b,,,251,0xac080fa61e4da2fb
87,com_halt,32,0,0,0,0,default_table,b,b,,,251,0xac080fa61e4da2fb
87,com_halt,33,0,0,0,0,default_table,b,b,,,251,0xac080fa61e4da2fb
87,com_halt,34,0,0,0,0,default_table,b,b,,,251,0xac080fa61e4da2fb
87,com_halt,35,0,0,0,0,default_table,b,b,,,251,0xac080fa61e4da2fb
87,com_halt,36,0,0,0,0,default_table,b,b,,,251,0xac080fa61e4da2fb
87,com_halt,37,0,0,0,0,default_table,b,b,,,251,0xac080fa61e4da2fb
87,com_halt,38,0,0,0,0,default_table,b,b,,,251,0xac080fa61e4da2fb
87,com_halt,39,0,0,0,0,default_table,b,b,,,251,0xac080fa61e4da2fb
87,com_halt,40,0,0,0,0,default_table,b,b,,,251,0xac080fa61e4da2fb
87,com_halt,41,0,0,0,0,default_table,b,b,,,251,0xac080fa61e4da2fb
87,com_halt,42,0,0,0,0,default_table,b,b,,,251,0xac080fa61e4da2fb
87,com_halt,43,0,0,0,0,default_table,b,b,,,251,0xac080fa61e4da2fb
87,com_halt,44,0,0,0,0,default_table,b,b,,,251,0xac080fa61e4da2fb
87,com_halt,45,0,0,0,0,default_table,b,b,,,251,0xac080fa61e4da2fb
87,com_halt,46,0,0,0,0,default_table,b,b,,,251,0xac080fa61e4da2fb
87,com_halt,47,0,0,0,0,default_table,b,b,,,251,0xac080fa61e4da2fb
87,com_halt,48,0,0,0,0,default_table,b,b,,,251,0xac080fa61e4da2fb
87,com_halt,49,0,0,0,0,default_table,b,b,,,251,0xac080fa61e4da2fb
87,com_halt,50,0,0,0,0,default_table,b,b,,,251,0xac080fa61e4da2fb
87,com_halt,51,0,0,0,0,default_table,b,b,,,251,0xac080fa61e4da2fb
87,com_halt,52,0,0,0,0,default_table,b,b,,,251,0xac080fa61e4da2fb
87,com_halt,53,0,0,0,0,default_table,b,b,,,251,0xac080fa61e4da2fb
87,com_halt,54,0,0,0,0,default_table,b,b,,,251,0xac080fa61e4da2fb
87,com_halt,55,0,0,0,0,default_table,b,b,,,251,0xac080fa61e4da2fb
87,com_halt,56,0,0,0,0,default_table,b,b,,,251,0xac080fa61e4da2fb
87,com_halt,57,0,0,0,0,default_table,b,b,,,251,0xac080fa61e4da2fb
87,com_halt,58,0,0,0,0,default_table,b,b,,,251,0xac080fa61e4da2fb
87,com_halt,59,0,0,0,0,default_table,b,b,,,251,0xac080fa61e4da2fb
87,com_halt,60,0,0,0,0,default_table,b,b,,,251,0xac080fa61e4da2fb
87,com_halt,61,0,0,0,0,default_table,b,b,,,251,0xac080fa61e4da2fb
87,com_halt,62,0,0,0,0,default_table,b,b,,,251,0xac080fa61e4da2fb
87,com_halt,63,0,0,0,0,default_table,b,b,,,251,0xac080fa61e4da2fb
87,com_halt,64,0,0,0,0,default_table,b,b,,,251,0xac080fa61e4da2fb
88,com_deleted_1,1,0,0,0,0,default_table,b,b,,,197,0x871372fc3b1af7c4
88,com_deleted_1,2,0,0,0,0,default_table,b,b,,,197,0x871372fc3b1af7c4
88,com_deleted_1,3,0,0,0,0,default_table,b,b,,,197,0x871372fc3b1af7c4
88,com_deleted_1,4,0,0,0,0,default_table,b,b,,,197,0x871372fc3b1af7c4
88,com_deleted_1,5,0,0,0,0,default_table,b,b,,,197,0x871372fc3b1af7c4
88,com_deleted_1,6,0,0,0,0,default_table,b,b,,,197,0x871372fc3b1af7c4
88,com_deleted_1,7,0,0,0,0,default_table,b,b,,,197,0x871372fc3b1af7c4
88,com_deleted_1,8,0,0,0,0,default_table,b,b,,,197,0x871372fc3b1af7c4
88,com_deleted_1,9,0,0,0,0,default_table,b,b,,,197,0x871372fc3b1af7c4
88,com_deleted_1,10,0,0,0,0,default_table,b,b,,,197,0x871372fc3b1af7c4
88,com_deleted_1,11,0,0,0,0,default_table,b,b,,,197,0x871372fc3b1af7c4
88,com_deleted_1,12,0,0,0,0,default_table,b,b,,,197,0x871372fc3b1af7c4
88,com_deleted_1,13,0,0,0,0,default_table,b,b,,,197,0x871372fc3b1af7c4
88,com_deleted_1,14,0,0,0,0,default_table,b,b,,,197,0x871372fc3b1af7c4
88,com_deleted_1,15,0,0,0,0,default_table,b,b,,,197,0x871372fc3b1af7c4
88,com_deleted_1,16,0,0,0,0,default_table,b,b,,,197,0x871372fc3b1af7c4
88,com_deleted_1,17,0,0,0,0,default_table,b,b,,,197,0x871372fc3b1af7c4
88,com_deleted_1,18,0,0,0,0,default_table,b,b,,,197,0x871372fc3b1af7c4
88,com_deleted_1,19,0,0,0,0,default_table,b,b,,,197,0x871372fc3b1af7c4
88,com_deleted_1,20,0,0,0,0,default_table,b,b,,,197,0x871372fc3b1af7c4
88,com_deleted_1,21,0,0,0,0,default_table,b,b,,,197,0x871372fc3b1af7c4
88,com_deleted_1,22,0,0,0,0,default_table,b,b,,,197,0x871372fc3b1af7c4
88,com_deleted_1,23,0,0,0,0,default_table,b,b,,,197,0x871372fc3b1af7c4
88,com_deleted_1,24,0,0,0,0,default_table,b,b,,,197,0x871372fc3b1af7c4
88,com_deleted_1,25,0,0,0,0,default_table,b,b,,,197,0x871372fc3b1af7c4
88,com_deleted_1,26,0,0,0,0,default_table,b,b,,,197,0x871372fc3b1af7c4
88,com_deleted_1,27,0,0,0,0,default_table,b,b,,,197,0x871372fc3b1af7c4
88,com_deleted_1,28,0,0,0,0,default_table,b,b,,,197,0x871372fc3b1af7c4
88,com_deleted_1,29,0,0,0,0,default_table,b,b,,,197,0x871372fc3b1af7c4
88,com_deleted_1,30,0,0,0,0,default_table,b,b,,,197,0x871372fc3b1af7c4
88,com_deleted_1,31,0,0,0,0,default_table,b,b,,,197,0x871372fc3b1af7c4
88,com_deleted_1,32,0,0,0,0,default_table,b,b,,,197,0x871372fc3b1af7c4
88,com_deleted_1,33,0,0,0,0,default_table,b,b,,,197,0x871372fc3b1af7c4
88,com_deleted_1,34,0,0,0,0,default_table,b,b,,,197,0x871372fc3b1af7c4
88,com_deleted_1,35,0,0,0,0,default_table,b,b,,,197,0x871372fc3b1af7c4
88,com_deleted_1,36,0,0,0,0,default_table,b,b,,,197,0x871372fc3b1af7c4
88,com_deleted_1,37,0,0,0,0,default_table,b,b,,,197,0x871372fc3b1af7c4
88,com_deleted_1,38,0,0,0,0,default_table,b,b,,,197,0x871372fc3b1af7c4
88,com_deleted_1,39,0,0,0,0,default_table,b,b,,,197,0x871372fc3b1af7c4
88,com_deleted_1,40,0,0,0,0,default_table,b,b,,,197,0x871372fc3b1af7c4
88,com_deleted_1,41,0,0,0,0,default_table,b,b,,,197,0x871372fc3b1af7c4
88,com_deleted_1,42,0,0,0,0,default_table,b,b,,,197,0x871372fc3b1af7c4
88,com_deleted_1,43,0,0,0,0,default_table,b,b,,,197,0x871372fc3b1af7c4
88,com_deleted_1,44,0,0,0,0,default_table,b,b,,,197,0x871372fc3b1af7c4
88,com_deleted_1,45,0,0,0,0,default_table,b,b,,,197,0x871372fc3b1af7c4
88,com_deleted_1,46,0,0,0,0,default_table,b,b,,,197,0x871372fc3b1af7c4
88,com_deleted_1,47,0,0,0,0,default_table,b,b,,,197,0x871372fc3b1af7c4
88,com_deleted_1,48,0,0,0,0,default_table,b,b,,,197,0x871372fc3b1af7c4
88,com_deleted_1,49,0,0,0,0,default_table,b,b,,,197,0x871372fc3b1af7c4
88,com_deleted_1,50,0,0,0,0,default_table,b,b,,,197,0x871372fc3b1af7c4
88,com_deleted_1,51,0,0,0,0,default_table,b,b,,,197,0x871372fc3b1af7c4
88,com_deleted_1,52,0,0,0,0,default_table,b,b,,,197,0x871372fc3b1af7c4
88,com_deleted_1,53,0,0,0,0,default_table,b,b,,,197,0x871372fc3b1af7c4
88,com_deleted_1,54,0,0,0,0,default_table,b,b,,,197,0x871372fc3b1af7c4
88,com_deleted_1,55,0,0,0,0,default_table,b,b,,,197,0x871372fc3b1af7c4
88,com_deleted_1,56,0,0,0,0,default_table,b,b,,,197,0x871372fc3b1af7c4
88,com_deleted_1,57,0,0,0,0,default_table,b,b,,,197,0x871372fc3b1af7c4
88,com_deleted_1,58,0,0,0,0,default_table,b,b,,,197,0x871372fc3b1af7c4
88,com_deleted_1,59,0,0,0,0,default_table,b,b,,,197,0x871372fc3b1af7c4
88,com_deleted_1,60,0,0,0,0,default_table,b,b,,,197,0x871372fc3b1af7c4
88,com_deleted_1,61,0,0,0,0,default_table,b,b,,,197,0x871372fc3b1af7c4
88,com_deleted_1,62,0,0,0,0,default_table,b,b,,,197,0x871372fc3b1af7c4
88,com_deleted_1,63,0,0,0,0,default_table,b,b,,,197,0x871372fc3b1af7c4
88,com_deleted_1,64,0,0,0,0,default_table,b,b,,,197,0x871372fc3b1af7c4
89,com_segment_display,1,0,0,0,0,default_table,b,b,,,168,0x95d2f7205b0e9ca8
89,com_segment_display,2,0,0,0,0,default_table,b,b,,,168,0x95d2f7205b0e9ca8
89,com_segment_display,3,0,0,0,0,default_table,b,b,,,168,0x95d2f7205b0e9ca8
89,com_segment_display,4,0,0,0,0,default_table,b,b,,,168,0x95d2f7205b0e9ca8
89,com_segment_display,5,0,0,0,0,default_table,b,b,,,168,0x95d2f7205b0e9ca8
89,com_segment_display,6,0,0,0,0,default_table,b,b,,,168,0x95d2f7205b0e9ca8
89,com_segment_display,7,0,0,0,0,default_table,b,b,,,168,0x95d2f7205b0e9ca8
89,com_segment_display,8,0,0,0,0,default_table,b,b,,,168,0x95d2f7205b0e9ca8
89,com_segment_display,9,0,0,0,0,default_table,b,b,,,168,0x95d2f7205b0e9ca8
89,com_segment_display,10,0,0,0,0,default_table,b,b,,,168,0x95d2f7205b0e9ca8
89,com_segment_display,11,0,0,0,0,default_table,b,b,,,168,0x95d2f7205b0e9ca8
89,com_segment_display,12,0,0,0,0,default_table,b,b,,,168,0x95d2f7205b0e9ca8
89,com_segment_display,13,0,0,0,0,default_table,b,b,,,168,0x95d2f7205b0e9ca8
89,com_segment_display,14,0,0,0,0,default_table,b,b,,,168,0x95d2f7205b0e9ca8
89,com_segment_display,15,0,0,0,0,default_table,b,b,,,168,0x95d2f7205b0e9ca8
89,com_segment_display,16,0,0,0,0,default_table,b,b,,,168,0x95d2f7205b0e9ca8
89,com_segment_display,17,0,0,0,0,default_table,b,b,,,168,0x95d2f7205b0e9ca8
89,com_segment_display,18,0,0,0,0,default_table,b,b,,,168,0x95d2f7205b0e9ca8
89,com_segment_display,19,0,0,0,0,default_table,b,b,,,168,0x95d2f7205b0e9ca8
89,com_segment_display,20,0,0,0,0,default_table,b,b,,,168,0x95d2f7205b0e9ca8
89,com_segment_display,21,0,0,0,0,default_table,b,b,,,168,0x95d2f7205b0e9ca8
89,com_segment_display,22,0,0,0,0,default_table,b,b,,,168,0x95d2f7205b0e9ca8
89,com_segment_display,23,0,0,0,0,default_table,b,b,,,168,0x95d2f7205b0e9ca8
89,com_segment_display,24,0,0,0,0,default_table,b,b,,,168,0x95d2f7205b0e9ca8
89,com_segment_display,25,0,0,0,0,default_table,b,b,,,168,0x95d2f7205b0e9ca8
89,com_segment_display,26,0,0,0,0,default_table,b,b,,,168,0x95d2f7205b0e9ca8
89,com_segment_display,27,0,0,0,0,default_table,b,b,,,168,0x95d2f7205b0e9ca8
89,com_segment_display,28,0,0,0,0,default_table,b,b,,,168,0x95d2f7205b0e9ca8
89,com_segment_display,29,0,0,0,0,default_table,b,b,,,168,0x95d2f7205b0e9ca8
89,com_segment_display,30,0,0,0,0,default_table,b,b,,,168,0x95d2f7205b0e9ca8
89,com_segment_display,31,0,0,0,0,default_table,b,b,,,168,0x95d2f7205b0e9ca8
89,com_segment_display,32,0,0,0,0,default_table,b,b,,,168,0x95d2f7205b0e9ca8
89,com_segment_display,33,0,0,0,0,default_table,b,b,,,168,0x95d2f7205b0e9ca8
89,com_segment_display,34,0,0,0,0,default_table,b,b,,,168,0x95d2f7205b0e9ca8
89,com_segment_display,35,0,0,0,0,default_table,b,b,,,168,0x95d2f7205b0e9ca8
89,com_segment_display,36,0,0,0,0,default_table,b,b,,,168,0x95d2f7205b0e9ca8
89,com_segment_display,37,0,0,0,0,default_table,b,b,,,168,0x95d2f7205b0e9ca8
89,com_segment_display,38,0,0,0,0,default_table,b,b,,,168,0x95d2f7205b0e9ca8
89,com_segment_display,39,0,0,0,0,default_table,b,b,,,168,0x95d2f7205b0e9ca8
89,com_segment_display,40,0,0,0,0,default_table,b,b,,,168,0x95d2f7205b0e9ca8
89,com_segment_display,41,0,0,0,0,default_table,b,b,,,168,0x95d2f7205b0e9ca8
89,com_segment_display,42,0,0,0,0,default_table,b,b,,,168,0x95d2f7205b0e9ca8
89,com_segment_display,43,0,0,0,0,default_table,b,b,,,168,0x95d2f7205b0e9ca8
89,com_segment_display,44,0,0,0,0,default_table,b,b,,,168,0x95d2f7205b0e9ca8
89,com_segment_display,45,0,0,0,0,default_table,b,b,,,168,0x95d2f7205b0e9ca8
89,com_segment_display,46,0,0,0,0,default_table,b,b,,,168,0x95d2f7205b0e9ca8
89,com_segment_display,47,0,0,0,0,default_table,b,b,,,168,0x95d2f7205b0e9ca8
89,com_segment_display,48,0,0,0,0,default_table,b,b,,,168,0x95d2f7205b0e9ca8
89,com_segment_display,49,0,0,0,0,default_table,b,b,,,168,0x95d2f7205b0e9ca8
89,com_segment_display,50,0,0,0,0,default_table,b,b,,,168,0x95d2f7205b0e9ca8
89,com_segment_display,51,0,0,0,0,default_table,b,b,,,168,0x95d2f7205b0e9ca8
89,com_segment_display,52,0,0,0,0,default_table,b,b,,,168,0x95d2f7205b0e9ca8
89,com_segment_display,53,0,0,0,0,default_table,b,b,,,168,0x95d2f7205b0e9ca8
89,com_segment_display,54,0,0,0,0,default_table,b,b,,,168,0x95d2f7205b0e9ca8
89,com_segment_display,55,0,0,0,0,default_table,b,b,,,168,0x95d2f7205b0e9ca8
89,com_segment_display,56,0,0,0,0,default_table,b,b,,,168,0x95d2f7205b0e9ca8
89,com_segment_display,57,0,0,0,0,default_table,b,b,,,168,0x95d2f7205b0e9ca8
89,com_segment_display,58,0,0,0,0,default_table,b,b,,,168,0x95d2f7205b0e9ca8
89,com_segment_display,59,0,0,0,0,default_table,b,b,,,168,0x95d2f7205b0e9ca8
89,com_segment_display,60,0,0,0,0,default_table,b,b,,,168,0x95d2f7205b0e9ca8
89,com_segment_display,61,0,0,0,0,default_table,b,b,,,168,0x95d2f7205b0e9ca8
89,com_segment_display,62,0,0,0,0,default_table,b,b,,,168,0x95d2f7205b0e9ca8
89,com_segment_display,63,0,0,0,0,default_table,b,b,,,168,0x95d2f7205b0e9ca8
89,com_segment_display,64,0,0,0,0,default_table,b,b,,,168,0x95d2f7205b0e9ca8
90,com_static_value,1,0,0,0,0,default_table,b,b,,,110,0x82ee925cbaf0c16e
90,com_static_value,2,0,0,0,0,default_table,b,b,,,110,0x82ee925cbaf0c16e
90,com_static_value,3,0,0,0,0,default_table,b,b,,,110,0x82ee925cbaf0c16e
90,com_static_value,4,0,0,0,0,default_table,b,b,,,110,0x82ee925cbaf0c16e
90,com_static_value,5,0,0,0,0,default_table,b,b,,,110,0x82ee925cbaf0c16e
90,com_static_value,6,0,0,0,0,default_table,b,b,,,110,0x82ee925cbaf0c16e
90,com_static_value,7,0,0,0,0,default_table,b,b,,,110,0x82ee925cbaf0c16e
90,com_static_value,8,0,0,0,0,default_table,b,b,,,110,0x82ee925cbaf0c16e
90,com_static_value,9,0,0,0,0,default_table,b,b,,,110,0x82ee925cbaf0c16e
90,com_static_value,10,0,0,0,0,default_table,b,b,,,110,0x82ee925cbaf0c16e
90,com_static_value,11,0,0,0,0,default_table,b,b,,,110,0x82ee925cbaf0c16e
90,com_static_value,12,0,0,0,0,default_table,b,b,,,110,0x82ee925cbaf0c16e
90,com_static_value,13,0,0,0,0,default_table,b,b,,,110,0x82ee925cbaf0c16e
90,com_static_value,14,0,0,0,0,default_table,b,b,,,110,0x82ee925cbaf0c16e
90,com_static_value,15,0,0,0,0,default_table,b,b,,,110,0x82ee925cbaf0c16e
90,com_static_value,16,0,0,0,0,default_table,b,b,,,110,0x82ee925cbaf0c16e
90,com_static_value,17,0,0,0,0,default_table,b,b,,,110,0x82ee925cbaf0c16e
90,com_static_value,18,0,0,0,0,default_table,b,b,,,110,0x82ee925cbaf0c16e
90,com_static_value,19,0,0,0,0,default_table,b,b,,,110,0x82ee925cbaf0c16e
90,com_static_value,20,0,0,0,0,default_table,b,b,,,110,0x82ee925cbaf0c16e
90,com_static_value,21,0,0,0,0,default_table,b,b,,,110,0x82ee925cbaf0c16e
90,com_static_value,22,0,0,0,0,default_table,b,b,,,110,0x82ee925cbaf0c16e
90,com_static_value,23,0,0,0,0,default_table,b,b,,,110,0x82ee925cbaf0c16e
90,com_static_value,24,0,0,0,0,default_table,b,b,,,110,0x82ee925cbaf0c16e
90,com_static_value,25,0,0,0,0,default_table,b,b,,,110,0x82ee925cbaf0c16e
90,com_static_value,26,0,0,0,0,default_table,b,b,,,110,0x82ee925cbaf0c16e
90,com_static_value,27,0,0,0,0,default_table,b,b,,,110,0x82ee925cbaf0c16e
90,com_static_value,28,0,0,0,0,default_table,b,b,,,110,0x82ee925cbaf0c16e
90,com_static_value,29,0,0,0,0,default_table,b,b,,,110,0x82ee925cbaf0c16e
90,com_static_value,30,0,0,0,0,default_table,b,b,,,110,0x82ee925cbaf0c16e
90,com_static_value,31,0,0,0,0,default_table,b,b,,,110,0x82ee925cbaf0c16e
90,com_static_value,32,0,0,0,0,default_table,b,b,,,110,0x82ee925cbaf0c16e
90,com_static_value,33,0,0,0,0,default_table,b,b,,,110,0x82ee925cbaf0c16e
90,com_static_value,34,0,0,0,0,default_table,b,b,,,110,0x82ee925cbaf0c16e
90,com_static_value,35,0,0,0,0,default_table,b,b,,,110,0x82ee925cbaf0c16e
90,com_static_value,36,0,0,0,0,default_table,b,b,,,110,0x82ee925cbaf0c16e
90,com_static_value,37,0,0,0,0,default_table,b,b,,,110,0x82ee925cbaf0c16e
90,com_static_value,38,0,0,0,0,default_table,b,b,,,110,0x82ee925cbaf0c16e
90,com_static_value,39,0,0,0,0,default_table,b,b,,,110,0x82ee925cbaf0c16e
90,com_static_value,40,0,0,0,0,default_table,b,b,,,110,0x82ee925cbaf0c16e
90,com_static_value,41,0,0,0,0,default_table,b,b,,,110,0x82ee925cbaf0c16e
90,com_static_value,42,0,0,0,0,default_table,b,b,,,110,0x82ee925cbaf0c16e
90,com_static_value,43,0,0,0,0,default_table,b,b,,,110,0x82ee925cbaf0c16e
90,com_static_value,44,0,0,0,0,default_table,b,b,,,110,0x82ee925cbaf0c16e
90,com_static_value,45,0,0,0,0,default_table,b,b,,,110,0x82ee925cbaf0c16e
90,com_static_value,46,0,0,0,0,default_table,b,b,,,110,0x82ee925cbaf0c16e
90,com_static_value,47,0,0,0,0,default_table,b,b,,,110,0x82ee925cbaf0c16e
90,com_static_value,48,0,0,0,0,default_table,b,b,,,110,0x82ee925cbaf0c16e
90,com_static_value,49,0,0,0,0,default_table,b,b,,,110,0x82ee925cbaf0c16e
90,com_static_value,50,0,0,0,0,default_table,b,b,,,110,0x82ee925cbaf0c16e
90,com_static_value,51,0,0,0,0,default_table,b,b,,,110,0x82ee925cbaf0c16e
90,com_static_value,52,0,0,0,0,default_table,b,b,,,110,0x82ee925cbaf0c16e
90,com_static_value,53,0,0,0,0,default_table,b,b,,,110,0x82ee925cbaf0c16e
90,com_static_value,54,0,0,0,0,default_table,b,b,,,110,0x82ee925cbaf0c16e
90,com_static_value,55,0,0,0,0,default_table,b,b,,,110,0x82ee925cbaf0c16e
90,com_static_value,56,0,0,0,0,default_table,b,b,,,110,0x82ee925cbaf0c16e
90,com_static_value,57,0,0,0,0,default_table,b,b,,,110,0x82ee925cbaf0c16e
90,com_static_value,58,0,0,0,0,default_table,b,b,,,110,0x82ee925cbaf0c16e
90,com_static_value,59,0,0,0,0,default_table,b,b,,,110,0x82ee925cbaf0c16e
90,com_static_value,60,0,0,0,0,default_table,b,b,,,110,0x82ee925cbaf0c16e
90,com_static_value,61,0,0,0,0,default_table,b,b,,,110,0x82ee925cbaf0c16e
90,com_static_value,62,0,0,0,0,default_table,b,b,,,110,0x82ee925cbaf0c16e
90,com_static_value,63,0,0,0,0,default_table,b,b,,,110,0x82ee925cbaf0c16e
90,com_static_value,64,0,0,0,0,default_table,b,b,,,110,0x82ee925cbaf0c16e
91,com_screen,1,0,0,0,0,default_table,b,b,,,62,0x78416a270207573c
91,com_screen,2,0,0,0,0,default_table,b,b,,,62,0x78416a270207573c
91,com_screen,3,0,0,0,0,default_table,b,b,,,62,0x78416a270207573c
91,com_screen,4,0,0,0,0,default_table,b,b,,,62,0x78416a270207573c
91,com_screen,5,0,0,0,0,default_table,b,b,,,62,0x78416a270207573c
91,com_screen,6,0,0,0,0,default_table,b,b,,,62,0x78416a270207573c
91,com_screen,7,0,0,0,0,default_table,b,b,,,62,0x78416a270207573c
91,com_screen,8,0,0,0,0,default_table,b,b,,,62,0x78416a270207573c
91,com_screen,9,0,0,0,0,default_table,b,b,,,62,0x78416a270207573c
91,com_screen,10,0,0,0,0,default_table,b,b,,,62,0x78416a270207573c
91,com_screen,11,0,0,0,0,default_table,b,b,,,62,0x78416a270207573c
91,com_screen,12,0,0,0,0,default_table,b,b,,,62,0x78416a270207573c
91,com_screen,13,0,0,0,0,default_table,b,b,,,62,0x78416a270207573c
91,com_screen,14,0,0,0,0,default_table,b,b,,,62,0x78416a270207573c
91,com_screen,15,0,0,0,0,default_table,b,b,,,62,0x78416a270207573c
91,com_screen,16,0,0,0,0,default_table,b,b,,,62,0x78416a270207573c
91,com_screen,17,0,0,0,0,default_table,b,b,,,62,0x78416a270207573c
91,com_screen,18,0,0,0,0,default_table,b,b,,,62,0x78416a270207573c
91,com_screen,19,0,0,0,0,default_table,b,b,,,62,0x78416a270207573c
91,com_screen,20,0,0,0,0,default_table,b,b,,,62,0x78416a270207573c
91,com_screen,21,0,0,0,0,default_table,b,b,,,62,0x78416a270207573c
91,com_screen,22,0,0,0,0,default_table,b,b,,,62,0x78416a270207573c
91,com_screen,23,0,0,0,0,default_table,b,b,,,62,0x78416a270207573c
91,com_screen,24,0,0,0,0,default_table,b,b,,,62,0x78416a270207573c
91,com_screen,25,0,0,0,0,default_table,b,b,,,62,0x78416a270207573c
91,com_screen,26,0,0,0,0,default_table,b,b,,,62,0x78416a270207573c
91,com_screen,27,0,0,0,0,default_table,b,b,,,62,0x78416a270207573c
91,com_screen,28,0,0,0,0,default_table,b,b,,,62,0x78416a270207573c
91,com_screen,29,0,0,0,0,default_table,b,b,,,62,0x78416a270207573c
91,com_screen,30,0,0,0,0,default_table,b,b,,,62,0x78416a270207573c
91,com_screen,31,0,0,0,0,default_table,b,b,,,62,0x78416a270207573c
91,com_screen,32,0,0,0,0,default_table,b,b,,,62,0x78416a270207573c
91,com_screen,33,0,0,0,0,default_table,b,b,,,62,0x78416a270207573c
91,com_screen,34,0,0,0,0,default_table,b,b,,,62,0x78416a270207573c
91,com_screen,35,0,0,0,0,default_table,b,b,,,62,0x78416a270207573c
91,com_screen,36,0,0,0,0,default_table,b,b,,,62,0x78416a270207573c
91,com_screen,37,0,0,0,0,default_table,b,b,,,62,0x78416a270207573c
91,com_screen,38,0,0,0,0,default_table,b,b,,,62,0x78416a270207573c
91,com_screen,39,0,0,0,0,default_table,b,b,,,62,0x78416a270207573c
91,com_screen,40,0,0,0,0,default_table,b,b,,,62,0x78416a270207573c
91,com_screen,41,0,0,0,0,default_table,b,b,,,62,0x78416a270207573c
91,com_screen,42,0,0,0,0,default_table,b,b,,,62,0x78416a270207573c
91,com_screen,43,0,0,0,0,default_table,b,b,,,62,0x78416a270207573c
91,com_screen,44,0,0,0,0,default_table,b,b,,,62,0x78416a270207573c
91,com_screen,45,0,0,0,0,default_table,b,b,,,62,0x78416a270207573c
91,com_screen,46,0,0,0,0,default_table,b,b,,,62,0x78416a270207573c
91,com_screen,47,0,0,0,0,default_table,b,b,,,62,0x78416a270207573c
91,com_screen,48,0,0,0,0,default_table,b,b,,,62,0x78416a270207573c
91,com_screen,49,0,0,0,0,default_table,b,b,,,62,0x78416a270207573c
91,com_screen,50,0,0,0,0,default_table,b,b,,,62,0x78416a270207573c
91,com_screen,51,0,0,0,0,default_table,b,b,,,62,0x78416a270207573c
91,com_screen,52,0,0,0,0,default_table,b,b,,,62,0x78416a270207573c
91,com_screen,53,0,0,0,0,default_table,b,b,,,62,0x78416a270207573c
91,com_screen,54,0,0,0,0,default_table,b,b,,,62,0x78416a270207573c
91,com_screen,55,0,0,0,0,default_table,b,b,,,62,0x78416a270207573c
91,com_screen,56,0,0,0,0,default_table,b,b,,,62,0x78416a270207573c
91,com_screen,57,0,0,0,0,default_table,b,b,,,62,0x78416a270207573c
91,com_screen,58,0,0,0,0,default_table,b,b,,,62,0x78416a270207573c
91,com_screen,59,0,0,0,0,default_table,b,b,,,62,0x78416a270207573c
91,com_screen,60,0,0,0,0,default_table,b,b,,,62,0x78416a270207573c
91,com_screen,61,0,0,0,0,default_table,b,b,,,62,0x78416a270207573c
91,com_screen,62,0,0,0,0,default_table,b,b,,,62,0x78416a270207573c
91,com_screen,63,0,0,0,0,default_table,b,b,,,62,0x78416a270207573c
91,com_screen,64,0,0,0,0,default_table,b,b,,,62,0x78416a270207573c
92,com_time,1,95,14,95,14,default_table,b,b,,,167,0x87fa0728884a5ca7
92,com_time,2,95,14,95,14,default_table,b,b,,,167,0x87fa0728884a5ca7
92,com_time,3,95,14,95,14,default_table,b,b,,,167,0x87fa0728884a5ca7
92,com_time,4,95,14,95,14,default_table,b,b,,,167,0x87fa0728884a5ca7
92,com_time,5,95,14,95,14,default_table,b,b,,,167,0x87fa0728884a5ca7
92,com_time,6,95,14,95,14,default_table,b,b,,,167,0x87fa0728884a5ca7
92,com_time,7,95,14,95,14,default_table,b,b,,,167,0x87fa0728884a5ca7
92,com_time,8,95,14,95,14,default_table,b,b,,,167,0x87fa0728884a5ca7
92,com_time,9,95,14,95,14,default_table,b,b,,,167,0x87fa0728884a5ca7
92,com_time,10,95,14,95,14,default_table,b,b,,,167,0x87fa0728884a5ca7
92,com_time,11,95,14,95,14,default_table,b,b,,,167,0x87fa0728884a5ca7
92,com_time,12,95,14,95,14,default_table,b,b,,,167,0x87fa0728884a5ca7
92,com_time,13,95,14,95,14,default_table,b,b,,,167,0x87fa0728884a5ca7
92,com_time,14,95,14,95,14,default_table,b,b,,,167,0x87fa0728884a5ca7
92,com_time,15,95,14,95,14,default_table,b,b,,,167,0x87fa0728884a5ca7
92,com_time,16,95,14,95,14,default_table,b,b,,,167,0x87fa0728884a5ca7
92,com_time,17,95,14,95,14,default_table,b,b,,,167,0x87fa0728884a5ca7
92,com_time,18,95,14,95,14,default_table,b,b,,,167,0x87fa0728884a5ca7
92,com_time,19,95,14,95,14,default_table,b,b,,,167,0x87fa0728884a5ca7
92,com_time,20,95,14,95,14,default_table,b,b,,,167,0x87fa0728884a5ca7
92,com_time,21,95,14,95,14,default_table,b,b,,,167,0x87fa0728884a5ca7
92,com_time,22,95,14,95,14,default_table,b,b,,,167,0x87fa0728884a5ca7
92,com_time,23,95,14,95,14,default_table,b,b,,,167,0x87fa0728884a5ca7
92,com_time,24,95,14,95,14,default_table,b,b,,,167,0x87fa0728884a5ca7
92,com_time,25,95,14,95,14,default_table,b,b,,,167,0x87fa0728884a5ca7
92,com_time,26,95,14,95,14,default_table,b,b,,,167,0x87fa0728884a5ca7
92,com_time,27,95,14,95,14,default_table,b,b,,,167,0x87fa0728884a5ca7
92,com_time,28,95,14,95,14,default_table,b,b,,,167,0x87fa0728884a5ca7
92,com_time,29,95,14,95,14,default_table,b,b,,,167,0x87fa0728884a5ca7
92,com_time,30,95,14,95,14,default_table,b,b,,,167,0x87fa0728884a5ca7
92,com_time,31,95,14,95,14,default_table,b,b,,,167,0x87fa0728884a5ca7
92,com_time,32,95,14,95,14,default_table,b,b,,,167,0x87fa0728884a5ca7
92,com_time,33,95,14,95,14,default_table,b,b,,,167,0x87fa0728884a5ca7
92,com_time,34,95,14,95,14,default_table,b,b,,,167,0x87fa0728884a5ca7
92,com_time,35,95,14,95,14,default_table,b,b,,,167,0x87fa0728884a5ca7
92,com_time,36,95,14,95,14,default_table,b,b,,,167,0x87fa0728884a5ca7
92,com_time,37,95,14,95,14,default_table,b,b,,,167,0x87fa0728884a5ca7
92,com_time,38,95,14,95,14,default_table,b,b,,,167,0x87fa0728884a5ca7
92,com_time,39,95,14,95,14,default_table,b,b,,,167,0x87fa0728884a5ca7
92,com_time,40,95,14,95,14,default_table,b,b,,,167,0x87fa0728884a5ca7
92,com_time,41,95,14,95,14,default_table,b,b,,,167,0x87fa0728884a5ca7
92,com_time,42,95,14,95,14,default_table,b,b,,,167,0x87fa0728884a5ca7
92,com_time,43,95,14,95,14,default_table,b,b,,,167,0x87fa0728884a5ca7
92,com_time,44,95,14,95,14,default_table,b,b,,,167,0x87fa0728884a5ca7
92,com_time,45,95,14,95,14,default_table,b,b,,,167,0x87fa0728884a5ca7
92,com_time,46,95,14,95,14,default_table,b,b,,,167,0x87fa0728884a5ca7
92,com_time,47,95,14,95,14,default_table,b,b,,,167,0x87fa0728884a5ca7
92,com_time,48,95,14,95,14,default_table,b,b,,,167,0x87fa0728884a5ca7
92,com_time,49,95,14,95,14,default_table,b,b,,,167,0x87fa0728884a5ca7
92,com_time,50,95,14,95,14,default_table,b,b,,,167,0x87fa0728884a5ca7
92,com_time,51,95,14,95,14,default_table,b,b,,,167,0x87fa0728884a5ca7
92,com_time,52,95,14,95,14,default_table,b,b,,,167,0x87fa0728884a5ca7
92,com_time,53,95,14,95,14,default_table,b,b,,,167,0x87fa0728884a5ca7
92,com_time,54,95,14,95,14,default_table,b,b,,,167,0x87fa0728884a5ca7
92,com_time,55,95,14,95,14,default_table,b,b,,,167,0x87fa0728884a5ca7
92,com_time,56,95,14,95,14,default_table,b,b,,,167,0x87fa0728884a5ca7
92,com_time,57,95,14,95,14,default_table,b,b,,,167,0x87fa0728884a5ca7
92,com_time,58,95,14,95,14,default_table,b,b,,,167,0x87fa0728884a5ca7
92,com_time,59,95,14,95,14,default_table,b,b,,,167,0x87fa0728884a5ca7
92,com_time,60,95,14,95,14,default_table,b,b,,,167,0x87fa0728884a5ca7
92,com_time,61,95,14,95,14,default_table,b,b,,,167,0x87fa0728884a5ca7
92,com_time,62,95,14,95,14,default_table,b,b,,,167,0x87fa0728884a5ca7
92,com_time,63,95,14,95,14,default_table,b,b,,,167,0x87fa0728884a5ca7
92,com_time,64,95,14,95,14,default_table,b,b,,,167,0x87fa0728884a5ca7
93,com_keyboard,1,0,0,0,0,default_table,b,b,,,108,0x11b04c6d1699ff6c
93,com_keyboard,2,0,0,0,0,default_table,b,b,,,108,0x11b04c6d1699ff6c
93,com_keyboard,3,0,0,0,0,default_table,b,b,,,108,0x11b04c6d1699ff6c
93,com_keyboard,4,0,0,0,0,default_table,b,b,,,108,0x11b04c6d1699ff6c
93,com_keyboard,5,0,0,0,0,default_table,b,b,,,108,0x11b04c6d1699ff6c
93,com_keyboard,6,0,0,0,0,default_table,b,b,,,108,0x11b04c6d1699ff6c
93,com_keyboard,7,0,0,0,0,default_table,b,b,,,108,0x11b04c6d1699ff6c
93,com_keyboard,8,0,0,0,0,default_table,b,b,,,108,0x11b04c6d1699ff6c
93,com_keyboard,9,0,0,0,0,default_table,b,b,,,108,0x11b04c6d1699ff6c
93,com_keyboard,10,0,0,0,0,default_table,b,b,,,108,0x11b04c6d1699ff6c
93,com_keyboard,11,0,0,0,0,default_table,b,b,,,108,0x11b04c6d1699ff6c
93,com_keyboard,12,0,0,0,0,default_table,b,b,,,108,0x11b04c6d1699ff6c
93,com_keyboard,13,0,0,0,0,default_table,b,b,,,108,0x11b04c6d1699ff6c
93,com_keyboard,14,0,0,0,0,default_table,b,b,,,108,0x11b04c6d1699ff6c
93,com_keyboard,15,0,0,0,0,default_table,b,b,,,108,0x11b04c6d1699ff6c
93,com_keyboard,16,0,0,0,0,default_table,b,b,,,108,0x11b04c6d1699ff6c
93,com_keyboard,17,0,0,0,0,default_table,b,b,,,108,0x11b04c6d1699ff6c
93,com_keyboard,18,0,0,0,0,default_table,b,b,,,108,0x11b04c6d1699ff6c
93,com_keyboard,19,0,0,0,0,default_table,b,b,,,108,0x11b04c6d1699ff6c
93,com_keyboard,20,0,0,0,0,default_table,b,b,,,108,0x11b04c6d1699ff6c
93,com_keyboard,21,0,0,0,0,default_table,b,b,,,108,0x11b04c6d1699ff6c
93,com_keyboard,22,0,0,0,0,default_table,b,b,,,108,0x11b04c6d1699ff6c
93,com_keyboard,23,0,0,0,0,default_table,b,b,,,108,0x11b04c6d1699ff6c
93,com_keyboard,24,0,0,0,0,default_table,b,b,,,108,0x11b04c6d1699ff6c
93,com_keyboard,25,0,0,0,0,default_table,b,b,,,108,0x11b04c6d1699ff6c
93,com_keyboard,26,0,0,0,0,default_table,b,b,,,108,0x11b04c6d1699ff6c
93,com_keyboard,27,0,0,0,0,default_table,b,b,,,108,0x11b04c6d1699ff6c
93,com_keyboard,28,0,0,0,0,default_table,b,b,,,108,0x11b04c6d1699ff6c
93,com_keyboard,29,0,0,0,0,default_table,b,b,,,108,0x11b04c6d1699ff6c
93,com_keyboard,30,0,0,0,0,default_table,b,b,,,108,0x11b04c6d1699ff6c
93,com_keyboard,31,0,0,0,0,default_table,b,b,,,108,0x11b04c6d1699ff6c
93,com_keyboard,32,0,0,0,0,default_table,b,b,,,108,0x11b04c6d1699ff6c
93,com_keyboard,33,0,0,0,0,default_table,b,b,,,108,0x11b04c6d1699ff6c
93,com_keyboard,34,0,0,0,0,default_table,b,b,,,108,0x11b04c6d1699ff6c
93,com_keyboard,35,0,0,0,0,default_table,b,b,,,108,0x11b04c6d1699ff6c
93,com_keyboard,36,0,0,0,0,default_table,b,b,,,108,0x11b04c6d1699ff6c
93,com_keyboard,37,0,0,0,0,default_table,b,b,,,108,0x11b04c6d1699ff6c
93,com_keyboard,38,0,0,0,0,default_table,b,b,,,108,0x11b04c6d1699ff6c
93,com_keyboard,39,0,0,0,0,default_table,b,b,,,108,0x11b04c6d1699ff6c
93,com_keyboard,40,0,0,0,0,default_table,b,b,,,108,0x11b04c6d1699ff6c
93,com_keyboard,41,0,0,0,0,default_table,b,b,,,108,0x11b04c6d1699ff6c
93,com_keyboard,42,0,0,0,0,default_table,b,b,,,108,0x11b04c6d1699ff6c
93,com_keyboard,43,0,0,0,0,default_table,b,b,,,108,0x11b04c6d1699ff6c
93,com_keyboard,44,0,0,0,0,default_table,b,b,,,108,0x11b04c6d1699ff6c
93,com_keyboard,45,0,0,0,0,default_table,b,b,,,108,0x11b04c6d1699ff6c
93,com_keyboard,46,0,0,0,0,default_table,b,b,,,108,0x11b04c6d1699ff6c
93,com_keyboard,47,0,0,0,0,default_table,b,b,,,108,0x11b04c6d1699ff6c
93,com_keyboard,48,0,0,0,0,default_table,b,b,,,108,0x11b04c6d1699ff6c
93,com_keyboard,49,0,0,0,0,default_table,b,b,,,108,0x11b04c6d1699ff6c
93,com_keyboard,50,0,0,0,0,default_table,b,b,,,108,0x11b04c6d1699ff6c
93,com_keyboard,51,0,0,0,0,default_table,b,b,,,108,0x11b04c6d1699ff6c
93,com_keyboard,52,0,0,0,0,default_table,b,b,,,108,0x11b04c6d1699ff6c
93,com_keyboard,53,0,0,0,0,default_table,b,b,,,108,0x11b04c6d1699ff6c
93,com_keyboard,54,0,0,0,0,default_table,b,b,,,108,0x11b04c6d1699ff6c
93,com_keyboard,55,0,0,0,0,default_table,b,b,,,108,0x11b04c6d1699ff6c
93,com_keyboard,56,0,0,0,0,default_table,b,b,,,108,0x11b04c6d1699ff6c
93,com_keyboard,57,0,0,0,0,default_table,b,b,,,108,0x11b04c6d1699ff6c
93,com_keyboard,58,0,0,0,0,default_table,b,b,,,108,0x11b04c6d1699ff6c
93,com_keyboard,59,0,0,0,0,default_table,b,b,,,108,0x11b04c6d1699ff6c
93,com_keyboard,60,0,0,0,0,default_table,b,b,,,108,0x11b04c6d1699ff6c
93,com_keyboard,61,0,0,0,0,default_table,b,b,,,108,0x11b04c6d1699ff6c
93,com_keyboard,62,0,0,0,0,default_table,b,b,,,108,0x11b04c6d1699ff6c
93,com_keyboard,63,0,0,0,0,default_table,b,b,,,108,0x11b04c6d1699ff6c
93,com_keyboard,64,0,0,0,0,default_table,b,b,,,108,0x11b04c6d1699ff6c
94,com_static_eval,1,0,0,0,0,default_table,b,b,,,248,0x3cba16c4b9cffcf8
94,com_static_eval,2,0,0,0,0,default_table,b,b,,,248,0x3cba16c4b9cffcf8
94,com_static_eval,3,0,0,0,0,default_table,b,b,,,248,0x3cba16c4b9cffcf8
94,com_static_eval,4,0,0,0,0,default_table,b,b,,,248,0x3cba16c4b9cffcf8
94,com_static_eval,5,0,0,0,0,default_table,b,b,,,248,0x3cba16c4b9cffcf8
94,com_static_eval,6,0,0,0,0,default_table,b,b,,,248,0x3cba16c4b9cffcf8
94,com_static_eval,7,0,0,0,0,default_table,b,b,,,248,0x3cba16c4b9cffcf8
94,com_static_eval,8,0,0,0,0,default_table,b,b,,,248,0x3cba16c4b9cffcf8
94,com_static_eval,9,0,0,0,0,default_table,b,b,,,248,0x3cba16c4b9cffcf8
94,com_static_eval,10,0,0,0,0,default_table,b,b,,,248,0x3cba16c4b9cffcf8
94,com_static_eval,11,0,0,0,0,default_table,b,b,,,248,0x3cba16c4b9cffcf8
94,com_static_eval,12,0,0,0,0,default_table,b,b,,,248,0x3cba16c4b9cffcf8
94,com_static_eval,13,0,0,0,0,default_table,b,b,,,248,0x3cba16c4b9cffcf8
94,com_static_eval,14,0,0,0,0,default_table,b,b,,,248,0x3cba16c4b9cffcf8
94,com_static_eval,15,0,0,0,0,default_table,b,b,,,248,0x3cba16c4b9cffcf8
94,com_static_eval,16,0,0,0,0,default_table,b,b,,,248,0x3cba16c4b9cffcf8
94,com_static_eval,17,0,0,0,0,default_table,b,b,,,248,0x3cba16c4b9cffcf8
94,com_static_eval,18,0,0,0,0,default_table,b,b,,,248,0x3cba16c4b9cffcf8
94,com_static_eval,19,0,0,0,0,default_table,b,b,,,248,0x3cba16c4b9cffcf8
94,com_static_eval,20,0,0,0,0,default_table,b,b,,,248,0x3cba16c4b9cffcf8
94,com_static_eval,21,0,0,0,0,default_table,b,b,,,248,0x3cba16c4b9cffcf8
94,com_static_eval,22,0,0,0,0,default_table,b,b,,,248,0x3cba16c4b9cffcf8
94,com_static_eval,23,0,0,0,0,default_table,b,b,,,248,0x3cba16c4b9cffcf8
94,com_static_eval,24,0,0,0,0,default_table,b,b,,,248,0x3cba16c4b9cffcf8
94,com_static_eval,25,0,0,0,0,default_table,b,b,,,248,0x3cba16c4b9cffcf8
94,com_static_eval,26,0,0,0,0,default_table,b,b,,,248,0x3cba16c4b9cffcf8
94,com_static_eval,27,0,0,0,0,default_table,b,b,,,248,0x3cba16c4b9cffcf8
94,com_static_eval,28,0,0,0,0,default_table,b,b,,,248,0x3cba16c4b9cffcf8
94,com_static_eval,29,0,0,0,0,default_table,b,b,,,248,0x3cba16c4b9cffcf8
94,com_static_eval,30,0,0,0,0,default_table,b,b,,,248,0x3cba16c4b9cffcf8
94,com_static_eval,31,0,0,0,0,default_table,b,b,,,248,0x3cba16c4b9cffcf8
94,com_static_eval,32,0,0,0,0,default_table,b,b,,,248,0x3cba16c4b9cffcf8
94,com_static_eval,33,0,0,0,0,default_table,b,b,,,248,0x3cba16c4b9cffcf8
94,com_static_eval,34,0,0,0,0,default_table,b,b,,,248,0x3cba16c4b9cffcf8
94,com_static_eval,35,0,0,0,0,default_table,b,b,,,248,0x3cba16c4b9cffcf8
94,com_static_eval,36,0,0,0,0,default_table,b,b,,,248,0x3cba16c4b9cffcf8
94,com_static_eval,37,0,0,0,0,default_table,b,b,,,248,0x3cba16c4b9cffcf8
94,com_static_eval,38,0,0,0,0,default_table,b,b,,,248,0x3cba16c4b9cffcf8
94,com_static_eval,39,0,0,0,0,default_table,b,b,,,248,0x3cba16c4b9cffcf8
94,com_static_eval,40,0,0,0,0,default_table,b,b,,,248,0x3cba16c4b9cffcf8
94,com_static_eval,41,0,0,0,0,default_table,b,b,,,248,0x3cba16c4b9cffcf8
94,com_static_eval,42,0,0,0,0,default_table,b,b,,,248,0x3cba16c4b9cffcf8
94,com_static_eval,43,0,0,0,0,default_table,b,b,,,248,0x3cba16c4b9cffcf8
94,com_static_eval,44,0,0,0,0,default_table,b,b,,,248,0x3cba16c4b9cffcf8
94,com_static_eval,45,0,0,0,0,default_table,b,b,,,248,0x3cba16c4b9cffcf8
94,com_static_eval,46,0,0,0,0,default_table,b,b,,,248,0x3cba16c4b9cffcf8
94,com_static_eval,47,0,0,0,0,default_table,b,b,,,248,0x3cba16c4b9cffcf8
94,com_static_eval,48,0,0,0,0,default_table,b,b,,,248,0x3cba16c4b9cffcf8
94,com_static_eval,49,0,0,0,0,default_table,b,b,,,248,0x3cba16c4b9cffcf8
94,com_static_eval,50,0,0,0,0,default_table,b,b,,,248,0x3cba16c4b9cffcf8
94,com_static_eval,51,0,0,0,0,default_table,b,b,,,248,0x3cba16c4b9cffcf8
94,com_static_eval,52,0,0,0,0,default_table,b,b,,,248,0x3cba16c4b9cffcf8
94,com_static_eval,53,0,0,0,0,default_table,b,b,,,248,0x3cba16c4b9cffcf8
94,com_static_eval,54,0,0,0,0,default_table,b,b,,,248,0x3cba16c4b9cffcf8
94,com_static_eval,55,0,0,0,0,default_table,b,b,,,248,0x3cba16c4b9cffcf8
94,com_static_eval,56,0,0,0,0,default_table,b,b,,,248,0x3cba16c4b9cffcf8
94,com_static_eval,57,0,0,0,0,default_table,b,b,,,248,0x3cba16c4b9cffcf8
94,com_static_eval,58,0,0,0,0,default_table,b,b,,,248,0x3cba16c4b9cffcf8
94,com_static_eval,59,0,0,0,0,default_table,b,b,,,248,0x3cba16c4b9cffcf8
94,com_static_eval,60,0,0,0,0,default_table,b,b,,,248,0x3cba16c4b9cffcf8
94,com_static_eval,61,0,0,0,0,default_table,b,b,,,248,0x3cba16c4b9cffcf8
94,com_static_eval,62,0,0,0,0,default_table,b,b,,,248,0x3cba16c4b9cffcf8
94,com_static_eval,63,0,0,0,0,default_table,b,b,,,248,0x3cba16c4b9cffcf8
94,com_static_eval,64,0,0,0,0,default_table,b,b,,,248,0x3cba16c4b9cffcf8
95,com_verilog_input,1,0,0,0,0,default_table,b,b,,,7,0x6476e2699bb80207
95,com_verilog_input,2,0,0,0,0,default_table,b,b,,,7,0x6476e2699bb80207
95,com_verilog_input,3,0,0,0,0,default_table,b,b,,,7,0x6476e2699bb80207
95,com_verilog_input,4,0,0,0,0,default_table,b,b,,,7,0x6476e2699bb80207
95,com_verilog_input,5,0,0,0,0,default_table,b,b,,,7,0x6476e2699bb80207
95,com_verilog_input,6,0,0,0,0,default_table,b,b,,,7,0x6476e2699bb80207
95,com_verilog_input,7,0,0,0,0,default_table,b,b,,,7,0x6476e2699bb80207
95,com_verilog_input,8,0,0,0,0,default_table,b,b,,,7,0x6476e2699bb80207
95,com_verilog_input,9,0,0,0,0,default_table,b,b,,,7,0x6476e2699bb80207
95,com_verilog_input,10,0,0,0,0,default_table,b,b,,,7,0x6476e2699bb80207
95,com_verilog_input,11,0,0,0,0,default_table,b,b,,,7,0x6476e2699bb80207
95,com_verilog_input,12,0,0,0,0,default_table,b,b,,,7,0x6476e2699bb80207
95,com_verilog_input,13,0,0,0,0,default_table,b,b,,,7,0x6476e2699bb80207
95,com_verilog_input,14,0,0,0,0,default_table,b,b,,,7,0x6476e2699bb80207
95,com_verilog_input,15,0,0,0,0,default_table,b,b,,,7,0x6476e2699bb80207
95,com_verilog_input,16,0,0,0,0,default_table,b,b,,,7,0x6476e2699bb80207
95,com_verilog_input,17,0,0,0,0,default_table,b,b,,,7,0x6476e2699bb80207
95,com_verilog_input,18,0,0,0,0,default_table,b,b,,,7,0x6476e2699bb80207
95,com_verilog_input,19,0,0,0,0,default_table,b,b,,,7,0x6476e2699bb80207
95,com_verilog_input,20,0,0,0,0,default_table,b,b,,,7,0x6476e2699bb80207
95,com_verilog_input,21,0,0,0,0,default_table,b,b,,,7,0x6476e2699bb80207
95,com_verilog_input,22,0,0,0,0,default_table,b,b,,,7,0x6476e2699bb80207
95,com_verilog_input,23,0,0,0,0,default_table,b,b,,,7,0x6476e2699bb80207
95,com_verilog_input,24,0,0,0,0,default_table,b,b,,,7,0x6476e2699bb80207
95,com_verilog_input,25,0,0,0,0,default_table,b,b,,,7,0x6476e2699bb80207
95,com_verilog_input,26,0,0,0,0,default_table,b,b,,,7,0x6476e2699bb80207
95,com_verilog_input,27,0,0,0,0,default_table,b,b,,,7,0x6476e2699bb80207
95,com_verilog_input,28,0,0,0,0,default_table,b,b,,,7,0x6476e2699bb80207
95,com_verilog_input,29,0,0,0,0,default_table,b,b,,,7,0x6476e2699bb80207
95,com_verilog_input,30,0,0,0,0,default_table,b,b,,,7,0x6476e2699bb80207
95,com_verilog_input,31,0,0,0,0,default_table,b,b,,,7,0x6476e2699bb80207
95,com_verilog_input,32,0,0,0,0,default_table,b,b,,,7,0x6476e2699bb80207
95,com_verilog_input,33,0,0,0,0,default_table,b,b,,,7,0x6476e2699bb80207
95,com_verilog_input,34,0,0,0,0,default_table,b,b,,,7,0x6476e2699bb80207
95,com_verilog_input,35,0,0,0,0,default_table,b,b,,,7,0x6476e2699bb80207
95,com_verilog_input,36,0,0,0,0,default_table,b,b,,,7,0x6476e2699bb80207
95,com_verilog_input,37,0,0,0,0,default_table,b,b,,,7,0x6476e2699bb80207
95,com_verilog_input,38,0,0,0,0,default_table,b,b,,,7,0x6476e2699bb80207
95,com_verilog_input,39,0,0,0,0,default_table,b,b,,,7,0x6476e2699bb80207
95,com_verilog_input,40,0,0,0,0,default_table,b,b,,,7,0x6476e2699bb80207
95,com_verilog_input,41,0,0,0,0,default_table,b,b,,,7,0x6476e2699bb80207
95,com_verilog_input,42,0,0,0,0,default_table,b,b,,,7,0x6476e2699bb80207
95,com_verilog_input,43,0,0,0,0,default_table,b,b,,,7,0x6476e2699bb80207
95,com_verilog_input,44,0,0,0,0,default_table,b,b,,,7,0x6476e2699bb80207
95,com_verilog_input,45,0,0,0,0,default_table,b,b,,,7,0x6476e2699bb80207
95,com_verilog_input,46,0,0,0,0,default_table,b,b,,,7,0x6476e2699bb80207
95,com_verilog_input,47,0,0,0,0,default_table,b,b,,,7,0x6476e2699bb80207
95,com_verilog_input,48,0,0,0,0,default_table,b,b,,,7,0x6476e2699bb80207
95,com_verilog_input,49,0,0,0,0,default_table,b,b,,,7,0x6476e2699bb80207
95,com_verilog_input,50,0,0,0,0,default_table,b,b,,,7,0x6476e2699bb80207
95,com_verilog_input,51,0,0,0,0,default_table,b,b,,,7,0x6476e2699bb80207
95,com_verilog_input,52,0,0,0,0,default_table,b,b,,,7,0x6476e2699bb80207
95,com_verilog_input,53,0,0,0,0,default_table,b,b,,,7,0x6476e2699bb80207
95,com_verilog_input,54,0,0,0,0,default_table,b,b,,,7,0x6476e2699bb80207
95,com_verilog_input,55,0,0,0,0,default_table,b,b,,,7,0x6476e2699bb80207
95,com_verilog_input,56,0,0,0,0,default_table,b,b,,,7,0x6476e2699bb80207
95,com_verilog_input,57,0,0,0,0,default_table,b,b,,,7,0x6476e2699bb80207
95,com_verilog_input,58,0,0,0,0,default_table,b,b,,,7,0x6476e2699bb80207
95,com_verilog_input,59,0,0,0,0,default_table,b,b,,,7,0x6476e2699bb80207
95,com_verilog_input,60,0,0,0,0,default_table,b,b,,,7,0x6476e2699bb80207
95,com_verilog_input,61,0,0,0,0,default_table,b,b,,,7,0x6476e2699bb80207
95,com_verilog_input,62,0,0,0,0,default_table,b,b,,,7,0x6476e2699bb80207
95,com_verilog_input,63,0,0,0,0,default_table,b,b,,,7,0x6476e2699bb80207
95,com_verilog_input,64,0,0,0,0,default_table,b,b,,,7,0x6476e2699bb80207
96,com_verilog_output,1,0,0,0,0,default_table,b,b,,,163,0xb2ee31ca2aee52a3
96,com_verilog_output,2,0,0,0,0,default_table,b,b,,,163,0xb2ee31ca2aee52a3
96,com_verilog_output,3,0,0,0,0,default_table,b,b,,,163,0xb2ee31ca2aee52a3
96,com_verilog_output,4,0,0,0,0,default_table,b,b,,,163,0xb2ee31ca2aee52a3
96,com_verilog_output,5,0,0,0,0,default_table,b,b,,,163,0xb2ee31ca2aee52a3
96,com_verilog_output,6,0,0,0,0,default_table,b,b,,,163,0xb2ee31ca2aee52a3
96,com_verilog_output,7,0,0,0,0,default_table,b,b,,,163,0xb2ee31ca2aee52a3
96,com_verilog_output,8,0,0,0,0,default_table,b,b,,,163,0xb2ee31ca2aee52a3
96,com_verilog_output,9,0,0,0,0,default_table,b,b,,,163,0xb2ee31ca2aee52a3
96,com_verilog_output,10,0,0,0,0,default_table,b,b,,,163,0xb2ee31ca2aee52a3
96,com_verilog_output,11,0,0,0,0,default_table,b,b,,,163,0xb2ee31ca2aee52a3
96,com_verilog_output,12,0,0,0,0,default_table,b,b,,,163,0xb2ee31ca2aee52a3
96,com_verilog_output,13,0,0,0,0,default_table,b,b,,,163,0xb2ee31ca2aee52a3
96,com_verilog_output,14,0,0,0,0,default_table,b,b,,,163,0xb2ee31ca2aee52a3
96,com_verilog_output,15,0,0,0,0,default_table,b,b,,,163,0xb2ee31ca2aee52a3
96,com_verilog_output,16,0,0,0,0,default_table,b,b,,,163,0xb2ee31ca2aee52a3
96,com_verilog_output,17,0,0,0,0,default_table,b,b,,,163,0xb2ee31ca2aee52a3
96,com_verilog_output,18,0,0,0,0,default_table,b,b,,,163,0xb2ee31ca2aee52a3
96,com_verilog_output,19,0,0,0,0,default_table,b,b,,,163,0xb2ee31ca2aee52a3
96,com_verilog_output,20,0,0,0,0,default_table,b,b,,,163,0xb2ee31ca2aee52a3
96,com_verilog_output,21,0,0,0,0,default_table,b,b,,,163,0xb2ee31ca2aee52a3
96,com_verilog_output,22,0,0,0,0,default_table,b,b,,,163,0xb2ee31ca2aee52a3
96,com_verilog_output,23,0,0,0,0,default_table,b,b,,,163,0xb2ee31ca2aee52a3
96,com_verilog_output,24,0,0,0,0,default_table,b,b,,,163,0xb2ee31ca2aee52a3
96,com_verilog_output,25,0,0,0,0,default_table,b,b,,,163,0xb2ee31ca2aee52a3
96,com_verilog_output,26,0,0,0,0,default_table,b,b,,,163,0xb2ee31ca2aee52a3
96,com_verilog_output,27,0,0,0,0,default_table,b,b,,,163,0xb2ee31ca2aee52a3
96,com_verilog_output,28,0,0,0,0,default_table,b,b,,,163,0xb2ee31ca2aee52a3
96,com_verilog_output,29,0,0,0,0,default_table,b,b,,,163,0xb2ee31ca2aee52a3
96,com_verilog_output,30,0,0,0,0,default_table,b,b,,,163,0xb2ee31ca2aee52a3
96,com_verilog_output,31,0,0,0,0,default_table,b,b,,,163,0xb2ee31ca2aee52a3
96,com_verilog_output,32,0,0,0,0,default_table,b,b,,,163,0xb2ee31ca2aee52a3
96,com_verilog_output,33,0,0,0,0,default_table,b,b,,,163,0xb2ee31ca2aee52a3
96,com_verilog_output,34,0,0,0,0,default_table,b,b,,,163,0xb2ee31ca2aee52a3
96,com_verilog_output,35,0,0,0,0,default_table,b,b,,,163,0xb2ee31ca2aee52a3
96,com_verilog_output,36,0,0,0,0,default_table,b,b,,,163,0xb2ee31ca2aee52a3
96,com_verilog_output,37,0,0,0,0,default_table,b,b,,,163,0xb2ee31ca2aee52a3
96,com_verilog_output,38,0,0,0,0,default_table,b,b,,,163,0xb2ee31ca2aee52a3
96,com_verilog_output,39,0,0,0,0,default_table,b,b,,,163,0xb2ee31ca2aee52a3
96,com_verilog_output,40,0,0,0,0,default_table,b,b,,,163,0xb2ee31ca2aee52a3
96,com_verilog_output,41,0,0,0,0,default_table,b,b,,,163,0xb2ee31ca2aee52a3
96,com_verilog_output,42,0,0,0,0,default_table,b,b,,,163,0xb2ee31ca2aee52a3
96,com_verilog_output,43,0,0,0,0,default_table,b,b,,,163,0xb2ee31ca2aee52a3
96,com_verilog_output,44,0,0,0,0,default_table,b,b,,,163,0xb2ee31ca2aee52a3
96,com_verilog_output,45,0,0,0,0,default_table,b,b,,,163,0xb2ee31ca2aee52a3
96,com_verilog_output,46,0,0,0,0,default_table,b,b,,,163,0xb2ee31ca2aee52a3
96,com_verilog_output,47,0,0,0,0,default_table,b,b,,,163,0xb2ee31ca2aee52a3
96,com_verilog_output,48,0,0,0,0,default_table,b,b,,,163,0xb2ee31ca2aee52a3
96,com_verilog_output,49,0,0,0,0,default_table,b,b,,,163,0xb2ee31ca2aee52a3
96,com_verilog_output,50,0,0,0,0,default_table,b,b,,,163,0xb2ee31ca2aee52a3
96,com_verilog_output,51,0,0,0,0,default_table,b,b,,,163,0xb2ee31ca2aee52a3
96,com_verilog_output,52,0,0,0,0,default_table,b,b,,,163,0xb2ee31ca2aee52a3
96,com_verilog_output,53,0,0,0,0,default_table,b,b,,,163,0xb2ee31ca2aee52a3
96,com_verilog_output,54,0,0,0,0,default_table,b,b,,,163,0xb2ee31ca2aee52a3
96,com_verilog_output,55,0,0,0,0,default_table,b,b,,,163,0xb2ee31ca2aee52a3
96,com_verilog_output,56,0,0,0,0,default_table,b,b,,,163,0xb2ee31ca2aee52a3
96,com_verilog_output,57,0,0,0,0,default_table,b,b,,,163,0xb2ee31ca2aee52a3
96,com_verilog_output,58,0,0,0,0,default_table,b,b,,,163,0xb2ee31ca2aee52a3
96,com_verilog_output,59,0,0,0,0,default_table,b,b,,,163,0xb2ee31ca2aee52a3
96,com_verilog_output,60,0,0,0,0,default_table,b,b,,,163,0xb2ee31ca2aee52a3
96,com_verilog_output,61,0,0,0,0,default_table,b,b,,,163,0xb2ee31ca2aee52a3
96,com_verilog_output,62,0,0,0,0,default_table,b,b,,,163,0xb2ee31ca2aee52a3
96,com_verilog_output,63,0,0,0,0,default_table,b,b,,,163,0xb2ee31ca2aee52a3
96,com_verilog_output,64,0,0,0,0,default_table,b,b,,,163,0xb2ee31ca2aee52a3
97,com_maker_word_4,1,0,0,0,0,default_table,b,b,,,96,0x092fb6bf35036660
97,com_maker_word_4,2,0,0,0,0,default_table,b,b,,,96,0x092fb6bf35036660
97,com_maker_word_4,3,0,0,0,0,default_table,b,b,,,96,0x092fb6bf35036660
97,com_maker_word_4,4,0,0,0,0,default_table,b,b,,,96,0x092fb6bf35036660
97,com_maker_word_4,5,0,0,0,0,default_table,b,b,,,96,0x092fb6bf35036660
97,com_maker_word_4,6,0,0,0,0,default_table,b,b,,,96,0x092fb6bf35036660
97,com_maker_word_4,7,0,0,0,0,default_table,b,b,,,96,0x092fb6bf35036660
97,com_maker_word_4,8,0,0,0,0,default_table,b,b,,,96,0x092fb6bf35036660
97,com_maker_word_4,9,0,0,0,0,default_table,b,b,,,96,0x092fb6bf35036660
97,com_maker_word_4,10,0,0,0,0,default_table,b,b,,,96,0x092fb6bf35036660
97,com_maker_word_4,11,0,0,0,0,default_table,b,b,,,96,0x092fb6bf35036660
97,com_maker_word_4,12,0,0,0,0,default_table,b,b,,,96,0x092fb6bf35036660
97,com_maker_word_4,13,0,0,0,0,default_table,b,b,,,96,0x092fb6bf35036660
97,com_maker_word_4,14,0,0,0,0,default_table,b,b,,,96,0x092fb6bf35036660
97,com_maker_word_4,15,0,0,0,0,default_table,b,b,,,96,0x092fb6bf35036660
97,com_maker_word_4,16,0,0,0,0,default_table,b,b,,,96,0x092fb6bf35036660
97,com_maker_word_4,17,0,0,0,0,default_table,b,b,,,96,0x092fb6bf35036660
97,com_maker_word_4,18,0,0,0,0,default_table,b,b,,,96,0x092fb6bf35036660
97,com_maker_word_4,19,0,0,0,0,default_table,b,b,,,96,0x092fb6bf35036660
97,com_maker_word_4,20,0,0,0,0,default_table,b,b,,,96,0x092fb6bf35036660
97,com_maker_word_4,21,0,0,0,0,default_table,b,b,,,96,0x092fb6bf35036660
97,com_maker_word_4,22,0,0,0,0,default_table,b,b,,,96,0x092fb6bf35036660
97,com_maker_word_4,23,0,0,0,0,default_table,b,b,,,96,0x092fb6bf35036660
97,com_maker_word_4,24,0,0,0,0,default_table,b,b,,,96,0x092fb6bf35036660
97,com_maker_word_4,25,0,0,0,0,default_table,b,b,,,96,0x092fb6bf35036660
97,com_maker_word_4,26,0,0,0,0,default_table,b,b,,,96,0x092fb6bf35036660
97,com_maker_word_4,27,0,0,0,0,default_table,b,b,,,96,0x092fb6bf35036660
97,com_maker_word_4,28,0,0,0,0,default_table,b,b,,,96,0x092fb6bf35036660
97,com_maker_word_4,29,0,0,0,0,default_table,b,b,,,96,0x092fb6bf35036660
97,com_maker_word_4,30,0,0,0,0,default_table,b,b,,,96,0x092fb6bf35036660
97,com_maker_word_4,31,0,0,0,0,default_table,b,b,,,96,0x092fb6bf35036660
97,com_maker_word_4,32,0,0,0,0,default_table,b,b,,,96,0x092fb6bf35036660
97,com_maker_word_4,33,0,0,0,0,default_table,b,b,,,96,0x092fb6bf35036660
97,com_maker_word_4,34,0,0,0,0,default_table,b,b,,,96,0x092fb6bf35036660
97,com_maker_word_4,35,0,0,0,0,default_table,b,b,,,96,0x092fb6bf35036660
97,com_maker_word_4,36,0,0,0,0,default_table,b,b,,,96,0x092fb6bf35036660
97,com_maker_word_4,37,0,0,0,0,default_table,b,b,,,96,0x092fb6bf35036660
97,com_maker_word_4,38,0,0,0,0,default_table,b,b,,,96,0x092fb6bf35036660
97,com_maker_word_4,39,0,0,0,0,default_table,b,b,,,96,0x092fb6bf35036660
97,com_maker_word_4,40,0,0,0,0,default_table,b,b,,,96,0x092fb6bf35036660
97,com_maker_word_4,41,0,0,0,0,default_table,b,b,,,96,0x092fb6bf35036660
97,com_maker_word_4,42,0,0,0,0,default_table,b,b,,,96,0x092fb6bf35036660
97,com_maker_word_4,43,0,0,0,0,default_table,b,b,,,96,0x092fb6bf35036660
97,com_maker_word_4,44,0,0,0,0,default_table,b,b,,,96,0x092fb6bf35036660
97,com_maker_word_4,45,0,0,0,0,default_table,b,b,,,96,0x092fb6bf35036660
97,com_maker_word_4,46,0,0,0,0,default_table,b,b,,,96,0x092fb6bf35036660
97,com_maker_word_4,47,0,0,0,0,default_table,b,b,,,96,0x092fb6bf35036660
97,com_maker_word_4,48,0,0,0,0,default_table,b,b,,,96,0x092fb6bf35036660
97,com_maker_word_4,49,0,0,0,0,default_table,b,b,,,96,0x092fb6bf35036660
97,com_maker_word_4,50,0,0,0,0,default_table,b,b,,,96,0x092fb6bf35036660
97,com_maker_word_4,51,0,0,0,0,default_table,b,b,,,96,0x092fb6bf35036660
97,com_maker_word_4,52,0,0,0,0,default_table,b,b,,,96,0x092fb6bf35036660
97,com_maker_word_4,53,0,0,0,0,default_table,b,b,,,96,0x092fb6bf35036660
97,com_maker_word_4,54,0,0,0,0,default_table,b,b,,,96,0x092fb6bf35036660
97,com_maker_word_4,55,0,0,0,0,default_table,b,b,,,96,0x092fb6bf35036660
97,com_maker_word_4,56,0,0,0,0,default_table,b,b,,,96,0x092fb6bf35036660
97,com_maker_word_4,57,0,0,0,0,default_table,b,b,,,96,0x092fb6bf35036660
97,com_maker_word_4,58,0,0,0,0,default_table,b,b,,,96,0x092fb6bf35036660
97,com_maker_word_4,59,0,0,0,0,default_table,b,b,,,96,0x092fb6bf35036660
97,com_maker_word_4,60,0,0,0,0,default_table,b,b,,,96,0x092fb6bf35036660
97,com_maker_word_4,61,0,0,0,0,default_table,b,b,,,96,0x092fb6bf35036660
97,com_maker_word_4,62,0,0,0,0,default_table,b,b,,,96,0x092fb6bf35036660
97,com_maker_word_4,63,0,0,0,0,default_table,b,b,,,96,0x092fb6bf35036660
97,com_maker_word_4,64,0,0,0,0,default_table,b,b,,,96,0x092fb6bf35036660
98,com_maker_word_8,1,0,0,0,0,default_table,b,b,,,56,0xc1d8d814bbb3b838
98,com_maker_word_8,2,0,0,0,0,default_table,b,b,,,56,0xc1d8d814bbb3b838
98,com_maker_word_8,3,0,0,0,0,default_table,b,b,,,56,0xc1d8d814bbb3b838
98,com_maker_word_8,4,0,0,0,0,default_table,b,b,,,56,0xc1d8d814bbb3b838
98,com_maker_word_8,5,0,0,0,0,default_table,b,b,,,56,0xc1d8d814bbb3b838
98,com_maker_word_8,6,0,0,0,0,default_table,b,b,,,56,0xc1d8d814bbb3b838
98,com_maker_word_8,7,0,0,0,0,default_table,b,b,,,56,0xc1d8d814bbb3b838
98,com_maker_word_8,8,0,0,0,0,default_table,b,b,,,56,0xc1d8d814bbb3b838
98,com_maker_word_8,9,0,0,0,0,default_table,b,b,,,56,0xc1d8d814bbb3b838
98,com_maker_word_8,10,0,0,0,0,default_table,b,b,,,56,0xc1d8d814bbb3b838
98,com_maker_word_8,11,0,0,0,0,default_table,b,b,,,56,0xc1d8d814bbb3b838
98,com_maker_word_8,12,0,0,0,0,default_table,b,b,,,56,0xc1d8d814bbb3b838
98,com_maker_word_8,13,0,0,0,0,default_table,b,b,,,56,0xc1d8d814bbb3b838
98,com_maker_word_8,14,0,0,0,0,default_table,b,b,,,56,0xc1d8d814bbb3b838
98,com_maker_word_8,15,0,0,0,0,default_table,b,b,,,56,0xc1d8d814bbb3b838
98,com_maker_word_8,16,0,0,0,0,default_table,b,b,,,56,0xc1d8d814bbb3b838
98,com_maker_word_8,17,0,0,0,0,default_table,b,b,,,56,0xc1d8d814bbb3b838
98,com_maker_word_8,18,0,0,0,0,default_table,b,b,,,56,0xc1d8d814bbb3b838
98,com_maker_word_8,19,0,0,0,0,default_table,b,b,,,56,0xc1d8d814bbb3b838
98,com_maker_word_8,20,0,0,0,0,default_table,b,b,,,56,0xc1d8d814bbb3b838
98,com_maker_word_8,21,0,0,0,0,default_table,b,b,,,56,0xc1d8d814bbb3b838
98,com_maker_word_8,22,0,0,0,0,default_table,b,b,,,56,0xc1d8d814bbb3b838
98,com_maker_word_8,23,0,0,0,0,default_table,b,b,,,56,0xc1d8d814bbb3b838
98,com_maker_word_8,24,0,0,0,0,default_table,b,b,,,56,0xc1d8d814bbb3b838
98,com_maker_word_8,25,0,0,0,0,default_table,b,b,,,56,0xc1d8d814bbb3b838
98,com_maker_word_8,26,0,0,0,0,default_table,b,b,,,56,0xc1d8d814bbb3b838
98,com_maker_word_8,27,0,0,0,0,default_table,b,b,,,56,0xc1d8d814bbb3b838
98,com_maker_word_8,28,0,0,0,0,default_table,b,b,,,56,0xc1d8d814bbb3b838
98,com_maker_word_8,29,0,0,0,0,default_table,b,b,,,56,0xc1d8d814bbb3b838
98,com_maker_word_8,30,0,0,0,0,default_table,b,b,,,56,0xc1d8d814bbb3b838
98,com_maker_word_8,31,0,0,0,0,default_table,b,b,,,56,0xc1d8d814bbb3b838
98,com_maker_word_8,32,0,0,0,0,default_table,b,b,,,56,0xc1d8d814bbb3b838
98,com_maker_word_8,33,0,0,0,0,default_table,b,b,,,56,0xc1d8d814bbb3b838
98,com_maker_word_8,34,0,0,0,0,default_table,b,b,,,56,0xc1d8d814bbb3b838
98,com_maker_word_8,35,0,0,0,0,default_table,b,b,,,56,0xc1d8d814bbb3b838
98,com_maker_word_8,36,0,0,0,0,default_table,b,b,,,56,0xc1d8d814bbb3b838
98,com_maker_word_8,37,0,0,0,0,default_table,b,b,,,56,0xc1d8d814bbb3b838
98,com_maker_word_8,38,0,0,0,0,default_table,b,b,,,56,0xc1d8d814bbb3b838
98,com_maker_word_8,39,0,0,0,0,default_table,b,b,,,56,0xc1d8d814bbb3b838
98,com_maker_word_8,40,0,0,0,0,default_table,b,b,,,56,0xc1d8d814bbb3b838
98,com_maker_word_8,41,0,0,0,0,default_table,b,b,,,56,0xc1d8d814bbb3b838
98,com_maker_word_8,42,0,0,0,0,default_table,b,b,,,56,0xc1d8d814bbb3b838
98,com_maker_word_8,43,0,0,0,0,default_table,b,b,,,56,0xc1d8d814bbb3b838
98,com_maker_word_8,44,0,0,0,0,default_table,b,b,,,56,0xc1d8d814bbb3b838
98,com_maker_word_8,45,0,0,0,0,default_table,b,b,,,56,0xc1d8d814bbb3b838
98,com_maker_word_8,46,0,0,0,0,default_table,b,b,,,56,0xc1d8d814bbb3b838
98,com_maker_word_8,47,0,0,0,0,default_table,b,b,,,56,0xc1d8d814bbb3b838
98,com_maker_word_8,48,0,0,0,0,default_table,b,b,,,56,0xc1d8d814bbb3b838
98,com_maker_word_8,49,0,0,0,0,default_table,b,b,,,56,0xc1d8d814bbb3b838
98,com_maker_word_8,50,0,0,0,0,default_table,b,b,,,56,0xc1d8d814bbb3b838
98,com_maker_word_8,51,0,0,0,0,default_table,b,b,,,56,0xc1d8d814bbb3b838
98,com_maker_word_8,52,0,0,0,0,default_table,b,b,,,56,0xc1d8d814bbb3b838
98,com_maker_word_8,53,0,0,0,0,default_table,b,b,,,56,0xc1d8d814bbb3b838
98,com_maker_word_8,54,0,0,0,0,default_table,b,b,,,56,0xc1d8d814bbb3b838
98,com_maker_word_8,55,0,0,0,0,default_table,b,b,,,56,0xc1d8d814bbb3b838
98,com_maker_word_8,56,0,0,0,0,default_table,b,b,,,56,0xc1d8d814bbb3b838
98,com_maker_word_8,57,0,0,0,0,default_table,b,b,,,56,0xc1d8d814bbb3b838
98,com_maker_word_8,58,0,0,0,0,default_table,b,b,,,56,0xc1d8d814bbb3b838
98,com_maker_word_8,59,0,0,0,0,default_table,b,b,,,56,0xc1d8d814bbb3b838
98,com_maker_word_8,60,0,0,0,0,default_table,b,b,,,56,0xc1d8d814bbb3b838
98,com_maker_word_8,61,0,0,0,0,default_table,b,b,,,56,0xc1d8d814bbb3b838
98,com_maker_word_8,62,0,0,0,0,default_table,b,b,,,56,0xc1d8d814bbb3b838
98,com_maker_word_8,63,0,0,0,0,default_table,b,b,,,56,0xc1d8d814bbb3b838
98,com_maker_word_8,64,0,0,0,0,default_table,b,b,,,56,0xc1d8d814bbb3b838
99,com_splitter_word_4,1,0,0,0,0,default_table,b,b,,,25,0x60cffc90c4f3f819
99,com_splitter_word_4,2,0,0,0,0,default_table,b,b,,,25,0x60cffc90c4f3f819
99,com_splitter_word_4,3,0,0,0,0,default_table,b,b,,,25,0x60cffc90c4f3f819
99,com_splitter_word_4,4,0,0,0,0,default_table,b,b,,,25,0x60cffc90c4f3f819
99,com_splitter_word_4,5,0,0,0,0,default_table,b,b,,,25,0x60cffc90c4f3f819
99,com_splitter_word_4,6,0,0,0,0,default_table,b,b,,,25,0x60cffc90c4f3f819
99,com_splitter_word_4,7,0,0,0,0,default_table,b,b,,,25,0x60cffc90c4f3f819
99,com_splitter_word_4,8,0,0,0,0,default_table,b,b,,,25,0x60cffc90c4f3f819
99,com_splitter_word_4,9,0,0,0,0,default_table,b,b,,,25,0x60cffc90c4f3f819
99,com_splitter_word_4,10,0,0,0,0,default_table,b,b,,,25,0x60cffc90c4f3f819
99,com_splitter_word_4,11,0,0,0,0,default_table,b,b,,,25,0x60cffc90c4f3f819
99,com_splitter_word_4,12,0,0,0,0,default_table,b,b,,,25,0x60cffc90c4f3f819
99,com_splitter_word_4,13,0,0,0,0,default_table,b,b,,,25,0x60cffc90c4f3f819
99,com_splitter_word_4,14,0,0,0,0,default_table,b,b,,,25,0x60cffc90c4f3f819
99,com_splitter_word_4,15,0,0,0,0,default_table,b,b,,,25,0x60cffc90c4f3f819
99,com_splitter_word_4,16,0,0,0,0,default_table,b,b,,,25,0x60cffc90c4f3f819
99,com_splitter_word_4,17,0,0,0,0,default_table,b,b,,,25,0x60cffc90c4f3f819
99,com_splitter_word_4,18,0,0,0,0,default_table,b,b,,,25,0x60cffc90c4f3f819
99,com_splitter_word_4,19,0,0,0,0,default_table,b,b,,,25,0x60cffc90c4f3f819
99,com_splitter_word_4,20,0,0,0,0,default_table,b,b,,,25,0x60cffc90c4f3f819
99,com_splitter_word_4,21,0,0,0,0,default_table,b,b,,,25,0x60cffc90c4f3f819
99,com_splitter_word_4,22,0,0,0,0,default_table,b,b,,,25,0x60cffc90c4f3f819
99,com_splitter_word_4,23,0,0,0,0,default_table,b,b,,,25,0x60cffc90c4f3f819
99,com_splitter_word_4,24,0,0,0,0,default_table,b,b,,,25,0x60cffc90c4f3f819
99,com_splitter_word_4,25,0,0,0,0,default_table,b,b,,,25,0x60cffc90c4f3f819
99,com_splitter_word_4,26,0,0,0,0,default_table,b,b,,,25,0x60cffc90c4f3f819
99,com_splitter_word_4,27,0,0,0,0,default_table,b,b,,,25,0x60cffc90c4f3f819
99,com_splitter_word_4,28,0,0,0,0,default_table,b,b,,,25,0x60cffc90c4f3f819
99,com_splitter_word_4,29,0,0,0,0,default_table,b,b,,,25,0x60cffc90c4f3f819
99,com_splitter_word_4,30,0,0,0,0,default_table,b,b,,,25,0x60cffc90c4f3f819
99,com_splitter_word_4,31,0,0,0,0,default_table,b,b,,,25,0x60cffc90c4f3f819
99,com_splitter_word_4,32,0,0,0,0,default_table,b,b,,,25,0x60cffc90c4f3f819
99,com_splitter_word_4,33,0,0,0,0,default_table,b,b,,,25,0x60cffc90c4f3f819
99,com_splitter_word_4,34,0,0,0,0,default_table,b,b,,,25,0x60cffc90c4f3f819
99,com_splitter_word_4,35,0,0,0,0,default_table,b,b,,,25,0x60cffc90c4f3f819
99,com_splitter_word_4,36,0,0,0,0,default_table,b,b,,,25,0x60cffc90c4f3f819
99,com_splitter_word_4,37,0,0,0,0,default_table,b,b,,,25,0x60cffc90c4f3f819
99,com_splitter_word_4,38,0,0,0,0,default_table,b,b,,,25,0x60cffc90c4f3f819
99,com_splitter_word_4,39,0,0,0,0,default_table,b,b,,,25,0x60cffc90c4f3f819
99,com_splitter_word_4,40,0,0,0,0,default_table,b,b,,,25,0x60cffc90c4f3f819
99,com_splitter_word_4,41,0,0,0,0,default_table,b,b,,,25,0x60cffc90c4f3f819
99,com_splitter_word_4,42,0,0,0,0,default_table,b,b,,,25,0x60cffc90c4f3f819
99,com_splitter_word_4,43,0,0,0,0,default_table,b,b,,,25,0x60cffc90c4f3f819
99,com_splitter_word_4,44,0,0,0,0,default_table,b,b,,,25,0x60cffc90c4f3f819
99,com_splitter_word_4,45,0,0,0,0,default_table,b,b,,,25,0x60cffc90c4f3f819
99,com_splitter_word_4,46,0,0,0,0,default_table,b,b,,,25,0x60cffc90c4f3f819
99,com_splitter_word_4,47,0,0,0,0,default_table,b,b,,,25,0x60cffc90c4f3f819
99,com_splitter_word_4,48,0,0,0,0,default_table,b,b,,,25,0x60cffc90c4f3f819
99,com_splitter_word_4,49,0,0,0,0,default_table,b,b,,,25,0x60cffc90c4f3f819
99,com_splitter_word_4,50,0,0,0,0,default_table,b,b,,,25,0x60cffc90c4f3f819
99,com_splitter_word_4,51,0,0,0,0,default_table,b,b,,,25,0x60cffc90c4f3f819
99,com_splitter_word_4,52,0,0,0,0,default_table,b,b,,,25,0x60cffc90c4f3f819
99,com_splitter_word_4,53,0,0,0,0,default_table,b,b,,,25,0x60cffc90c4f3f819
99,com_splitter_word_4,54,0,0,0,0,default_table,b,b,,,25,0x60cffc90c4f3f819
99,com_splitter_word_4,55,0,0,0,0,default_table,b,b,,,25,0x60cffc90c4f3f819
99,com_splitter_word_4,56,0,0,0,0,default_table,b,b,,,25,0x60cffc90c4f3f819
99,com_splitter_word_4,57,0,0,0,0,default_table,b,b,,,25,0x60cffc90c4f3f819
99,com_splitter_word_4,58,0,0,0,0,default_table,b,b,,,25,0x60cffc90c4f3f819
99,com_splitter_word_4,59,0,0,0,0,default_table,b,b,,,25,0x60cffc90c4f3f819
99,com_splitter_word_4,60,0,0,0,0,default_table,b,b,,,25,0x60cffc90c4f3f819
99,com_splitter_word_4,61,0,0,0,0,default_table,b,b,,,25,0x60cffc90c4f3f819
99,com_splitter_word_4,62,0,0,0,0,default_table,b,b,,,25,0x60cffc90c4f3f819
99,com_splitter_word_4,63,0,0,0,0,default_table,b,b,,,25,0x60cffc90c4f3f819
99,com_splitter_word_4,64,0,0,0,0,default_table,b,b,,,25,0x60cffc90c4f3f819
100,com_splitter_word_8,1,0,0,0,0,default_table,b,b,,,135,0x84dbd91cd7d3fb87
100,com_splitter_word_8,2,0,0,0,0,default_table,b,b,,,135,0x84dbd91cd7d3fb87
100,com_splitter_word_8,3,0,0,0,0,default_table,b,b,,,135,0x84dbd91cd7d3fb87
100,com_splitter_word_8,4,0,0,0,0,default_table,b,b,,,135,0x84dbd91cd7d3fb87
100,com_splitter_word_8,5,0,0,0,0,default_table,b,b,,,135,0x84dbd91cd7d3fb87
100,com_splitter_word_8,6,0,0,0,0,default_table,b,b,,,135,0x84dbd91cd7d3fb87
100,com_splitter_word_8,7,0,0,0,0,default_table,b,b,,,135,0x84dbd91cd7d3fb87
100,com_splitter_word_8,8,0,0,0,0,default_table,b,b,,,135,0x84dbd91cd7d3fb87
100,com_splitter_word_8,9,0,0,0,0,default_table,b,b,,,135,0x84dbd91cd7d3fb87
100,com_splitter_word_8,10,0,0,0,0,default_table,b,b,,,135,0x84dbd91cd7d3fb87
100,com_splitter_word_8,11,0,0,0,0,default_table,b,b,,,135,0x84dbd91cd7d3fb87
100,com_splitter_word_8,12,0,0,0,0,default_table,b,b,,,135,0x84dbd91cd7d3fb87
100,com_splitter_word_8,13,0,0,0,0,default_table,b,b,,,135,0x84dbd91cd7d3fb87
100,com_splitter_word_8,14,0,0,0,0,default_table,b,b,,,135,0x84dbd91cd7d3fb87
100,com_splitter_word_8,15,0,0,0,0,default_table,b,b,,,135,0x84dbd91cd7d3fb87
100,com_splitter_word_8,16,0,0,0,0,default_table,b,b,,,135,0x84dbd91cd7d3fb87
100,com_splitter_word_8,17,0,0,0,0,default_table,b,b,,,135,0x84dbd91cd7d3fb87
100,com_splitter_word_8,18,0,0,0,0,default_table,b,b,,,135,0x84dbd91cd7d3fb87
100,com_splitter_word_8,19,0,0,0,0,default_table,b,b,,,135,0x84dbd91cd7d3fb87
100,com_splitter_word_8,20,0,0,0,0,default_table,b,b,,,135,0x84dbd91cd7d3fb87
100,com_splitter_word_8,21,0,0,0,0,default_table,b,b,,,135,0x84dbd91cd7d3fb87
100,com_splitter_word_8,22,0,0,0,0,default_table,b,b,,,135,0x84dbd91cd7d3fb87
100,com_splitter_word_8,23,0,0,0,0,default_table,b,b,,,135,0x84dbd91cd7d3fb87
100,com_splitter_word_8,24,0,0,0,0,default_table,b,b,,,135,0x84dbd91cd7d3fb87
100,com_splitter_word_8,25,0,0,0,0,default_table,b,b,,,135,0x84dbd91cd7d3fb87
100,com_splitter_word_8,26,0,0,0,0,default_table,b,b,,,135,0x84dbd91cd7d3fb87
100,com_splitter_word_8,27,0,0,0,0,default_table,b,b,,,135,0x84dbd91cd7d3fb87
100,com_splitter_word_8,28,0,0,0,0,default_table,b,b,,,135,0x84dbd91cd7d3fb87
100,com_splitter_word_8,29,0,0,0,0,default_table,b,b,,,135,0x84dbd91cd7d3fb87
100,com_splitter_word_8,30,0,0,0,0,default_table,b,b,,,135,0x84dbd91cd7d3fb87
100,com_splitter_word_8,31,0,0,0,0,default_table,b,b,,,135,0x84dbd91cd7d3fb87
100,com_splitter_word_8,32,0,0,0,0,default_table,b,b,,,135,0x84dbd91cd7d3fb87
100,com_splitter_word_8,33,0,0,0,0,default_table,b,b,,,135,0x84dbd91cd7d3fb87
100,com_splitter_word_8,34,0,0,0,0,default_table,b,b,,,135,0x84dbd91cd7d3fb87
100,com_splitter_word_8,35,0,0,0,0,default_table,b,b,,,135,0x84dbd91cd7d3fb87
100,com_splitter_word_8,36,0,0,0,0,default_table,b,b,,,135,0x84dbd91cd7d3fb87
100,com_splitter_word_8,37,0,0,0,0,default_table,b,b,,,135,0x84dbd91cd7d3fb87
100,com_splitter_word_8,38,0,0,0,0,default_table,b,b,,,135,0x84dbd91cd7d3fb87
100,com_splitter_word_8,39,0,0,0,0,default_table,b,b,,,135,0x84dbd91cd7d3fb87
100,com_splitter_word_8,40,0,0,0,0,default_table,b,b,,,135,0x84dbd91cd7d3fb87
100,com_splitter_word_8,41,0,0,0,0,default_table,b,b,,,135,0x84dbd91cd7d3fb87
100,com_splitter_word_8,42,0,0,0,0,default_table,b,b,,,135,0x84dbd91cd7d3fb87
100,com_splitter_word_8,43,0,0,0,0,default_table,b,b,,,135,0x84dbd91cd7d3fb87
100,com_splitter_word_8,44,0,0,0,0,default_table,b,b,,,135,0x84dbd91cd7d3fb87
100,com_splitter_word_8,45,0,0,0,0,default_table,b,b,,,135,0x84dbd91cd7d3fb87
100,com_splitter_word_8,46,0,0,0,0,default_table,b,b,,,135,0x84dbd91cd7d3fb87
100,com_splitter_word_8,47,0,0,0,0,default_table,b,b,,,135,0x84dbd91cd7d3fb87
100,com_splitter_word_8,48,0,0,0,0,default_table,b,b,,,135,0x84dbd91cd7d3fb87
100,com_splitter_word_8,49,0,0,0,0,default_table,b,b,,,135,0x84dbd91cd7d3fb87
100,com_splitter_word_8,50,0,0,0,0,default_table,b,b,,,135,0x84dbd91cd7d3fb87
100,com_splitter_word_8,51,0,0,0,0,default_table,b,b,,,135,0x84dbd91cd7d3fb87
100,com_splitter_word_8,52,0,0,0,0,default_table,b,b,,,135,0x84dbd91cd7d3fb87
100,com_splitter_word_8,53,0,0,0,0,default_table,b,b,,,135,0x84dbd91cd7d3fb87
100,com_splitter_word_8,54,0,0,0,0,default_table,b,b,,,135,0x84dbd91cd7d3fb87
100,com_splitter_word_8,55,0,0,0,0,default_table,b,b,,,135,0x84dbd91cd7d3fb87
100,com_splitter_word_8,56,0,0,0,0,default_table,b,b,,,135,0x84dbd91cd7d3fb87
100,com_splitter_word_8,57,0,0,0,0,default_table,b,b,,,135,0x84dbd91cd7d3fb87
100,com_splitter_word_8,58,0,0,0,0,default_table,b,b,,,135,0x84dbd91cd7d3fb87
100,com_splitter_word_8,59,0,0,0,0,default_table,b,b,,,135,0x84dbd91cd7d3fb87
100,com_splitter_word_8,60,0,0,0,0,default_table,b,b,,,135,0x84dbd91cd7d3fb87
100,com_splitter_word_8,61,0,0,0,0,default_table,b,b,,,135,0x84dbd91cd7d3fb87
100,com_splitter_word_8,62,0,0,0,0,default_table,b,b,,,135,0x84dbd91cd7d3fb87
100,com_splitter_word_8,63,0,0,0,0,default_table,b,b,,,135,0x84dbd91cd7d3fb87
100,com_splitter_word_8,64,0,0,0,0,default_table,b,b,,,135,0x84dbd91cd7d3fb87
101,com_static_indexer,1,0,0,0,0,default_table,b,b,,,63,0x7ef163c0144ca43f
101,com_static_indexer,2,0,0,0,0,default_table,b,b,,,63,0x7ef163c0144ca43f
101,com_static_indexer,3,0,0,0,0,default_table,b,b,,,63,0x7ef163c0144ca43f
101,com_static_indexer,4,0,0,0,0,default_table,b,b,,,63,0x7ef163c0144ca43f
101,com_static_indexer,5,0,0,0,0,default_table,b,b,,,63,0x7ef163c0144ca43f
101,com_static_indexer,6,0,0,0,0,default_table,b,b,,,63,0x7ef163c0144ca43f
101,com_static_indexer,7,0,0,0,0,default_table,b,b,,,63,0x7ef163c0144ca43f
101,com_static_indexer,8,0,0,0,0,default_table,b,b,,,63,0x7ef163c0144ca43f
101,com_static_indexer,9,0,0,0,0,default_table,b,b,,,63,0x7ef163c0144ca43f
101,com_static_indexer,10,0,0,0,0,default_table,b,b,,,63,0x7ef163c0144ca43f
101,com_static_indexer,11,0,0,0,0,default_table,b,b,,,63,0x7ef163c0144ca43f
101,com_static_indexer,12,0,0,0,0,default_table,b,b,,,63,0x7ef163c0144ca43f
101,com_static_indexer,13,0,0,0,0,default_table,b,b,,,63,0x7ef163c0144ca43f
101,com_static_indexer,14,0,0,0,0,default_table,b,b,,,63,0x7ef163c0144ca43f
101,com_static_indexer,15,0,0,0,0,default_table,b,b,,,63,0x7ef163c0144ca43f
101,com_static_indexer,16,0,0,0,0,default_table,b,b,,,63,0x7ef163c0144ca43f
101,com_static_indexer,17,0,0,0,0,default_table,b,b,,,63,0x7ef163c0144ca43f
101,com_static_indexer,18,0,0,0,0,default_table,b,b,,,63,0x7ef163c0144ca43f
101,com_static_indexer,19,0,0,0,0,default_table,b,b,,,63,0x7ef163c0144ca43f
101,com_static_indexer,20,0,0,0,0,default_table,b,b,,,63,0x7ef163c0144ca43f
101,com_static_indexer,21,0,0,0,0,default_table,b,b,,,63,0x7ef163c0144ca43f
101,com_static_indexer,22,0,0,0,0,default_table,b,b,,,63,0x7ef163c0144ca43f
101,com_static_indexer,23,0,0,0,0,default_table,b,b,,,63,0x7ef163c0144ca43f
101,com_static_indexer,24,0,0,0,0,default_table,b,b,,,63,0x7ef163c0144ca43f
101,com_static_indexer,25,0,0,0,0,default_table,b,b,,,63,0x7ef163c0144ca43f
101,com_static_indexer,26,0,0,0,0,default_table,b,b,,,63,0x7ef163c0144ca43f
101,com_static_indexer,27,0,0,0,0,default_table,b,b,,,63,0x7ef163c0144ca43f
101,com_static_indexer,28,0,0,0,0,default_table,b,b,,,63,0x7ef163c0144ca43f
101,com_static_indexer,29,0,0,0,0,default_table,b,b,,,63,0x7ef163c0144ca43f
101,com_static_indexer,30,0,0,0,0,default_table,b,b,,,63,0x7ef163c0144ca43f
101,com_static_indexer,31,0,0,0,0,default_table,b,b,,,63,0x7ef163c0144ca43f
101,com_static_indexer,32,0,0,0,0,default_table,b,b,,,63,0x7ef163c0144ca43f
101,com_static_indexer,33,0,0,0,0,default_table,b,b,,,63,0x7ef163c0144ca43f
101,com_static_indexer,34,0,0,0,0,default_table,b,b,,,63,0x7ef163c0144ca43f
101,com_static_indexer,35,0,0,0,0,default_table,b,b,,,63,0x7ef163c0144ca43f
101,com_static_indexer,36,0,0,0,0,default_table,b,b,,,63,0x7ef163c0144ca43f
101,com_static_indexer,37,0,0,0,0,default_table,b,b,,,63,0x7ef163c0144ca43f
101,com_static_indexer,38,0,0,0,0,default_table,b,b,,,63,0x7ef163c0144ca43f
101,com_static_indexer,39,0,0,0,0,default_table,b,b,,,63,0x7ef163c0144ca43f
101,com_static_indexer,40,0,0,0,0,default_table,b,b,,,63,0x7ef163c0144ca43f
101,com_static_indexer,41,0,0,0,0,default_table,b,b,,,63,0x7ef163c0144ca43f
101,com_static_indexer,42,0,0,0,0,default_table,b,b,,,63,0x7ef163c0144ca43f
101,com_static_indexer,43,0,0,0,0,default_table,b,b,,,63,0x7ef163c0144ca43f
101,com_static_indexer,44,0,0,0,0,default_table,b,b,,,63,0x7ef163c0144ca43f
101,com_static_indexer,45,0,0,0,0,default_table,b,b,,,63,0x7ef163c0144ca43f
101,com_static_indexer,46,0,0,0,0,default_table,b,b,,,63,0x7ef163c0144ca43f
101,com_static_indexer,47,0,0,0,0,default_table,b,b,,,63,0x7ef163c0144ca43f
101,com_static_indexer,48,0,0,0,0,default_table,b,b,,,63,0x7ef163c0144ca43f
101,com_static_indexer,49,0,0,0,0,default_table,b,b,,,63,0x7ef163c0144ca43f
101,com_static_indexer,50,0,0,0,0,default_table,b,b,,,63,0x7ef163c0144ca43f
101,com_static_indexer,51,0,0,0,0,default_table,b,b,,,63,0x7ef163c0144ca43f
101,com_static_indexer,52,0,0,0,0,default_table,b,b,,,63,0x7ef163c0144ca43f
101,com_static_indexer,53,0,0,0,0,default_table,b,b,,,63,0x7ef163c0144ca43f
101,com_static_indexer,54,0,0,0,0,default_table,b,b,,,63,0x7ef163c0144ca43f
101,com_static_indexer,55,0,0,0,0,default_table,b,b,,,63,0x7ef163c0144ca43f
101,com_static_indexer,56,0,0,0,0,default_table,b,b,,,63,0x7ef163c0144ca43f
101,com_static_indexer,57,0,0,0,0,default_table,b,b,,,63,0x7ef163c0144ca43f
101,com_static_indexer,58,0,0,0,0,default_table,b,b,,,63,0x7ef163c0144ca43f
101,com_static_indexer,59,0,0,0,0,default_table,b,b,,,63,0x7ef163c0144ca43f
101,com_static_indexer,60,0,0,0,0,default_table,b,b,,,63,0x7ef163c0144ca43f
101,com_static_indexer,61,0,0,0,0,default_table,b,b,,,63,0x7ef163c0144ca43f
101,com_static_indexer,62,0,0,0,0,default_table,b,b,,,63,0x7ef163c0144ca43f
101,com_static_indexer,63,0,0,0,0,default_table,b,b,,,63,0x7ef163c0144ca43f
101,com_static_indexer,64,0,0,0,0,default_table,b,b,,,63,0x7ef163c0144ca43f
102,com_deleted_7,1,0,0,0,0,default_table,b,b,,,139,0x072ccc0abe55a38b
102,com_deleted_7,2,0,0,0,0,default_table,b,b,,,139,0x072ccc0abe55a38b
102,com_deleted_7,3,0,0,0,0,default_table,b,b,,,139,0x072ccc0abe55a38b
102,com_deleted_7,4,0,0,0,0,default_table,b,b,,,139,0x072ccc0abe55a38b
102,com_deleted_7,5,0,0,0,0,default_table,b,b,,,139,0x072ccc0abe55a38b
102,com_deleted_7,6,0,0,0,0,default_table,b,b,,,139,0x072ccc0abe55a38b
102,com_deleted_7,7,0,0,0,0,default_table,b,b,,,139,0x072ccc0abe55a38b
102,com_deleted_7,8,0,0,0,0,default_table,b,b,,,139,0x072ccc0abe55a38b
102,com_deleted_7,9,0,0,0,0,default_table,b,b,,,139,0x072ccc0abe55a38b
102,com_deleted_7,10,0,0,0,0,default_table,b,b,,,139,0x072ccc0abe55a38b
102,com_deleted_7,11,0,0,0,0,default_table,b,b,,,139,0x072ccc0abe55a38b
102,com_deleted_7,12,0,0,0,0,default_table,b,b,,,139,0x072ccc0abe55a38b
102,com_deleted_7,13,0,0,0,0,default_table,b,b,,,139,0x072ccc0abe55a38b
102,com_deleted_7,14,0,0,0,0,default_table,b,b,,,139,0x072ccc0abe55a38b
102,com_deleted_7,15,0,0,0,0,default_table,b,b,,,139,0x072ccc0abe55a38b
102,com_deleted_7,16,0,0,0,0,default_table,b,b,,,139,0x072ccc0abe55a38b
102,com_deleted_7,17,0,0,0,0,default_table,b,b,,,139,0x072ccc0abe55a38b
102,com_deleted_7,18,0,0,0,0,default_table,b,b,,,139,0x072ccc0abe55a38b
102,com_deleted_7,19,0,0,0,0,default_table,b,b,,,139,0x072ccc0abe55a38b
102,com_deleted_7,20,0,0,0,0,default_table,b,b,,,139,0x072ccc0abe55a38b
102,com_deleted_7,21,0,0,0,0,default_table,b,b,,,139,0x072ccc0abe55a38b
102,com_deleted_7,22,0,0,0,0,default_table,b,b,,,139,0x072ccc0abe55a38b
102,com_deleted_7,23,0,0,0,0,default_table,b,b,,,139,0x072ccc0abe55a38b
102,com_deleted_7,24,0,0,0,0,default_table,b,b,,,139,0x072ccc0abe55a38b
102,com_deleted_7,25,0,0,0,0,default_table,b,b,,,139,0x072ccc0abe55a38b
102,com_deleted_7,26,0,0,0,0,default_table,b,b,,,139,0x072ccc0abe55a38b
102,com_deleted_7,27,0,0,0,0,default_table,b,b,,,139,0x072ccc0abe55a38b
102,com_deleted_7,28,0,0,0,0,default_table,b,b,,,139,0x072ccc0abe55a38b
102,com_deleted_7,29,0,0,0,0,default_table,b,b,,,139,0x072ccc0abe55a38b
102,com_deleted_7,30,0,0,0,0,default_table,b,b,,,139,0x072ccc0abe55a38b
102,com_deleted_7,31,0,0,0,0,default_table,b,b,,,139,0x072ccc0abe55a38b
102,com_deleted_7,32,0,0,0,0,default_table,b,b,,,139,0x072ccc0abe55a38b
102,com_deleted_7,33,0,0,0,0,default_table,b,b,,,139,0x072ccc0abe55a38b
102,com_deleted_7,34,0,0,0,0,default_table,b,b,,,139,0x072ccc0abe55a38b
102,com_deleted_7,35,0,0,0,0,default_table,b,b,,,139,0x072ccc0abe55a38b
102,com_deleted_7,36,0,0,0,0,default_table,b,b,,,139,0x072ccc0abe55a38b
102,com_deleted_7,37,0,0,0,0,default_table,b,b,,,139,0x072ccc0abe55a38b
102,com_deleted_7,38,0,0,0,0,default_table,b,b,,,139,0x072ccc0abe55a38b
102,com_deleted_7,39,0,0,0,0,default_table,b,b,,,139,0x072ccc0abe55a38b
102,com_deleted_7,40,0,0,0,0,default_table,b,b,,,139,0x072ccc0abe55a38b
102,com_deleted_7,41,0,0,0,0,default_table,b,b,,,139,0x072ccc0abe55a38b
102,com_deleted_7,42,0,0,0,0,default_table,b,b,,,139,0x072ccc0abe55a38b
102,com_deleted_7,43,0,0,0,0,default_table,b,b,,,139,0x072ccc0abe55a38b
102,com_deleted_7,44,0,0,0,0,default_table,b,b,,,139,0x072ccc0abe55a38b
102,com_deleted_7,45,0,0,0,0,default_table,b,b,,,139,0x072ccc0abe55a38b
102,com_deleted_7,46,0,0,0,0,default_table,b,b,,,139,0x072ccc0abe55a38b
102,com_deleted_7,47,0,0,0,0,default_table,b,b,,,139,0x072ccc0abe55a38b
102,com_deleted_7,48,0,0,0,0,default_table,b,b,,,139,0x072ccc0abe55a38b
102,com_deleted_7,49,0,0,0,0,default_table,b,b,,,139,0x072ccc0abe55a38b
102,com_deleted_7,50,0,0,0,0,default_table,b,b,,,139,0x072ccc0abe55a38b
102,com_deleted_7,51,0,0,0,0,default_table,b,b,,,139,0x072ccc0abe55a38b
102,com_deleted_7,52,0,0,0,0,default_table,b,b,,,139,0x072ccc0abe55a38b
102,com_deleted_7,53,0,0,0,0,default_table,b,b,,,139,0x072ccc0abe55a38b
102,com_deleted_7,54,0,0,0,0,default_table,b,b,,,139,0x072ccc0abe55a38b
102,com_deleted_7,55,0,0,0,0,default_table,b,b,,,139,0x072ccc0abe55a38b
102,com_deleted_7,56,0,0,0,0,default_table,b,b,,,139,0x072ccc0abe55a38b
102,com_deleted_7,57,0,0,0,0,default_table,b,b,,,139,0x072ccc0abe55a38b
102,com_deleted_7,58,0,0,0,0,default_table,b,b,,,139,0x072ccc0abe55a38b
102,com_deleted_7,59,0,0,0,0,default_table,b,b,,,139,0x072ccc0abe55a38b
102,com_deleted_7,60,0,0,0,0,default_table,b,b,,,139,0x072ccc0abe55a38b
102,com_deleted_7,61,0,0,0,0,default_table,b,b,,,139,0x072ccc0abe55a38b
102,com_deleted_7,62,0,0,0,0,default_table,b,b,,,139,0x072ccc0abe55a38b
102,com_deleted_7,63,0,0,0,0,default_table,b,b,,,139,0x072ccc0abe55a38b
102,com_deleted_7,64,0,0,0,0,default_table,b,b,,,139,0x072ccc0abe55a38b
103,com_deleted_8,1,0,0,0,0,default_table,b,b,,,146,0x7bc445dca97d3e92
103,com_deleted_8,2,0,0,0,0,default_table,b,b,,,146,0x7bc445dca97d3e92
103,com_deleted_8,3,0,0,0,0,default_table,b,b,,,146,0x7bc445dca97d3e92
103,com_deleted_8,4,0,0,0,0,default_table,b,b,,,146,0x7bc445dca97d3e92
103,com_deleted_8,5,0,0,0,0,default_table,b,b,,,146,0x7bc445dca97d3e92
103,com_deleted_8,6,0,0,0,0,default_table,b,b,,,146,0x7bc445dca97d3e92
103,com_deleted_8,7,0,0,0,0,default_table,b,b,,,146,0x7bc445dca97d3e92
103,com_deleted_8,8,0,0,0,0,default_table,b,b,,,146,0x7bc445dca97d3e92
103,com_deleted_8,9,0,0,0,0,default_table,b,b,,,146,0x7bc445dca97d3e92
103,com_deleted_8,10,0,0,0,0,default_table,b,b,,,146,0x7bc445dca97d3e92
103,com_deleted_8,11,0,0,0,0,default_table,b,b,,,146,0x7bc445dca97d3e92
103,com_deleted_8,12,0,0,0,0,default_table,b,b,,,146,0x7bc445dca97d3e92
103,com_deleted_8,13,0,0,0,0,default_table,b,b,,,146,0x7bc445dca97d3e92
103,com_deleted_8,14,0,0,0,0,default_table,b,b,,,146,0x7bc445dca97d3e92
103,com_deleted_8,15,0,0,0,0,default_table,b,b,,,146,0x7bc445dca97d3e92
103,com_deleted_8,16,0,0,0,0,default_table,b,b,,,146,0x7bc445dca97d3e92
103,com_deleted_8,17,0,0,0,0,default_table,b,b,,,146,0x7bc445dca97d3e92
103,com_deleted_8,18,0,0,0,0,default_table,b,b,,,146,0x7bc445dca97d3e92
103,com_deleted_8,19,0,0,0,0,default_table,b,b,,,146,0x7bc445dca97d3e92
103,com_deleted_8,20,0,0,0,0,default_table,b,b,,,146,0x7bc445dca97d3e92
103,com_deleted_8,21,0,0,0,0,default_table,b,b,,,146,0x7bc445dca97d3e92
103,com_deleted_8,22,0,0,0,0,default_table,b,b,,,146,0x7bc445dca97d3e92
103,com_deleted_8,23,0,0,0,0,default_table,b,b,,,146,0x7bc445dca97d3e92
103,com_deleted_8,24,0,0,0,0,default_table,b,b,,,146,0x7bc445dca97d3e92
103,com_deleted_8,25,0,0,0,0,default_table,b,b,,,146,0x7bc445dca97d3e92
103,com_deleted_8,26,0,0,0,0,default_table,b,b,,,146,0x7bc445dca97d3e92
103,com_deleted_8,27,0,0,0,0,default_table,b,b,,,146,0x7bc445dca97d3e92
103,com_deleted_8,28,0,0,0,0,default_table,b,b,,,146,0x7bc445dca97d3e92
103,com_deleted_8,29,0,0,0,0,default_table,b,b,,,146,0x7bc445dca97d3e92
103,com_deleted_8,30,0,0,0,0,default_table,b,b,,,146,0x7bc445dca97d3e92
103,com_deleted_8,31,0,0,0,0,default_table,b,b,,,146,0x7bc445dca97d3e92
103,com_deleted_8,32,0,0,0,0,default_table,b,b,,,146,0x7bc445dca97d3e92
103,com_deleted_8,33,0,0,0,0,default_table,b,b,,,146,0x7bc445dca97d3e92
103,com_deleted_8,34,0,0,0,0,default_table,b,b,,,146,0x7bc445dca97d3e92
103,com_deleted_8,35,0,0,0,0,default_table,b,b,,,146,0x7bc445dca97d3e92
103,com_deleted_8,36,0,0,0,0,default_table,b,b,,,146,0x7bc445dca97d3e92
103,com_deleted_8,37,0,0,0,0,default_table,b,b,,,146,0x7bc445dca97d3e92
103,com_deleted_8,38,0,0,0,0,default_table,b,b,,,146,0x7bc445dca97d3e92
103,com_deleted_8,39,0,0,0,0,default_table,b,b,,,146,0x7bc445dca97d3e92
103,com_deleted_8,40,0,0,0,0,default_table,b,b,,,146,0x7bc445dca97d3e92
103,com_deleted_8,41,0,0,0,0,default_table,b,b,,,146,0x7bc445dca97d3e92
103,com_deleted_8,42,0,0,0,0,default_table,b,b,,,146,0x7bc445dca97d3e92
103,com_deleted_8,43,0,0,0,0,default_table,b,b,,,146,0x7bc445dca97d3e92
103,com_deleted_8,44,0,0,0,0,default_table,b,b,,,146,0x7bc445dca97d3e92
103,com_deleted_8,45,0,0,0,0,default_table,b,b,,,146,0x7bc445dca97d3e92
103,com_deleted_8,46,0,0,0,0,default_table,b,b,,,146,0x7bc445dca97d3e92
103,com_deleted_8,47,0,0,0,0,default_table,b,b,,,146,0x7bc445dca97d3e92
103,com_deleted_8,48,0,0,0,0,default_table,b,b,,,146,0x7bc445dca97d3e92
103,com_deleted_8,49,0,0,0,0,default_table,b,b,,,146,0x7bc445dca97d3e92
103,com_deleted_8,50,0,0,0,0,default_table,b,b,,,146,0x7bc445dca97d3e92
103,com_deleted_8,51,0,0,0,0,default_table,b,b,,,146,0x7bc445dca97d3e92
103,com_deleted_8,52,0,0,0,0,default_table,b,b,,,146,0x7bc445dca97d3e92
103,com_deleted_8,53,0,0,0,0,default_table,b,b,,,146,0x7bc445dca97d3e92
103,com_deleted_8,54,0,0,0,0,default_table,b,b,,,146,0x7bc445dca97d3e92
103,com_deleted_8,55,0,0,0,0,default_table,b,b,,,146,0x7bc445dca97d3e92
103,com_deleted_8,56,0,0,0,0,default_table,b,b,,,146,0x7bc445dca97d3e92
103,com_deleted_8,57,0,0,0,0,default_table,b,b,,,146,0x7bc445dca97d3e92
103,com_deleted_8,58,0,0,0,0,default_table,b,b,,,146,0x7bc445dca97d3e92
103,com_deleted_8,59,0,0,0,0,default_table,b,b,,,146,0x7bc445dca97d3e92
103,com_deleted_8,60,0,0,0,0,default_table,b,b,,,146,0x7bc445dca97d3e92
103,com_deleted_8,61,0,0,0,0,default_table,b,b,,,146,0x7bc445dca97d3e92
103,com_deleted_8,62,0,0,0,0,default_table,b,b,,,146,0x7bc445dca97d3e92
103,com_deleted_8,63,0,0,0,0,default_table,b,b,,,146,0x7bc445dca97d3e92
103,com_deleted_8,64,0,0,0,0,default_table,b,b,,,146,0x7bc445dca97d3e92
104,com_inc,1,40,10,5,4,level_override_allowed,b+ceil((w-8)*b/(7 if w>8 else 8)),"max(min(b,4), ceil(w*b/8))",,,101,0x89aec961362cb564
104,com_inc,2,40,10,10,4,level_override_allowed,b+ceil((w-8)*b/(7 if w>8 else 8)),"max(min(b,4), ceil(w*b/8))",,,101,0x89aec961362cb564
104,com_inc,3,40,10,15,4,level_override_allowed,b+ceil((w-8)*b/(7 if w>8 else 8)),"max(min(b,4), ceil(w*b/8))",,,101,0x89aec961362cb564
104,com_inc,4,40,10,20,5,level_override_allowed,b+ceil((w-8)*b/(7 if w>8 else 8)),"max(min(b,4), ceil(w*b/8))",,,101,0x89aec961362cb564
104,com_inc,5,40,10,25,7,level_override_allowed,b+ceil((w-8)*b/(7 if w>8 else 8)),"max(min(b,4), ceil(w*b/8))",,,101,0x89aec961362cb564
104,com_inc,6,40,10,30,8,level_override_allowed,b+ceil((w-8)*b/(7 if w>8 else 8)),"max(min(b,4), ceil(w*b/8))",,,101,0x89aec961362cb564
104,com_inc,7,40,10,35,9,level_override_allowed,b+ceil((w-8)*b/(7 if w>8 else 8)),"max(min(b,4), ceil(w*b/8))",,,101,0x89aec961362cb564
104,com_inc,8,40,10,40,10,level_override_allowed,b+ceil((w-8)*b/(7 if w>8 else 8)),"max(min(b,4), ceil(w*b/8))",,,101,0x89aec961362cb564
104,com_inc,9,40,10,46,12,level_override_allowed,b+ceil((w-8)*b/(7 if w>8 else 8)),"max(min(b,4), ceil(w*b/8))",,,101,0x89aec961362cb564
104,com_inc,10,40,10,52,13,level_override_allowed,b+ceil((w-8)*b/(7 if w>8 else 8)),"max(min(b,4), ceil(w*b/8))",,,101,0x89aec961362cb564
104,com_inc,11,40,10,58,14,level_override_allowed,b+ceil((w-8)*b/(7 if w>8 else 8)),"max(min(b,4), ceil(w*b/8))",,,101,0x89aec961362cb564
104,com_inc,12,40,10,63,15,level_override_allowed,b+ceil((w-8)*b/(7 if w>8 else 8)),"max(min(b,4), ceil(w*b/8))",,,101,0x89aec961362cb564
104,com_inc,13,40,10,69,17,level_override_allowed,b+ceil((w-8)*b/(7 if w>8 else 8)),"max(min(b,4), ceil(w*b/8))",,,101,0x89aec961362cb564
104,com_inc,14,40,10,75,18,level_override_allowed,b+ceil((w-8)*b/(7 if w>8 else 8)),"max(min(b,4), ceil(w*b/8))",,,101,0x89aec961362cb564
104,com_inc,15,40,10,80,19,level_override_allowed,b+ceil((w-8)*b/(7 if w>8 else 8)),"max(min(b,4), ceil(w*b/8))",,,101,0x89aec961362cb564
104,com_inc,16,40,10,86,20,level_override_allowed,b+ceil((w-8)*b/(7 if w>8 else 8)),"max(min(b,4), ceil(w*b/8))",,,101,0x89aec961362cb564
104,com_inc,17,40,10,92,22,level_override_allowed,b+ceil((w-8)*b/(7 if w>8 else 8)),"max(min(b,4), ceil(w*b/8))",,,101,0x89aec961362cb564
104,com_inc,18,40,10,98,23,level_override_allowed,b+ceil((w-8)*b/(7 if w>8 else 8)),"max(min(b,4), ceil(w*b/8))",,,101,0x89aec961362cb564
104,com_inc,19,40,10,103,24,level_override_allowed,b+ceil((w-8)*b/(7 if w>8 else 8)),"max(min(b,4), ceil(w*b/8))",,,101,0x89aec961362cb564
104,com_inc,20,40,10,109,25,level_override_allowed,b+ceil((w-8)*b/(7 if w>8 else 8)),"max(min(b,4), ceil(w*b/8))",,,101,0x89aec961362cb564
104,com_inc,21,40,10,115,27,level_override_allowed,b+ceil((w-8)*b/(7 if w>8 else 8)),"max(min(b,4), ceil(w*b/8))",,,101,0x89aec961362cb564
104,com_inc,22,40,10,120,28,level_override_allowed,b+ceil((w-8)*b/(7 if w>8 else 8)),"max(min(b,4), ceil(w*b/8))",,,101,0x89aec961362cb564
104,com_inc,23,40,10,126,29,level_override_allowed,b+ceil((w-8)*b/(7 if w>8 else 8)),"max(min(b,4), ceil(w*b/8))",,,101,0x89aec961362cb564
104,com_inc,24,40,10,132,30,level_override_allowed,b+ceil((w-8)*b/(7 if w>8 else 8)),"max(min(b,4), ceil(w*b/8))",,,101,0x89aec961362cb564
104,com_inc,25,40,10,138,32,level_override_allowed,b+ceil((w-8)*b/(7 if w>8 else 8)),"max(min(b,4), ceil(w*b/8))",,,101,0x89aec961362cb564
104,com_inc,26,40,10,143,33,level_override_allowed,b+ceil((w-8)*b/(7 if w>8 else 8)),"max(min(b,4), ceil(w*b/8))",,,101,0x89aec961362cb564
104,com_inc,27,40,10,149,34,level_override_allowed,b+ceil((w-8)*b/(7 if w>8 else 8)),"max(min(b,4), ceil(w*b/8))",,,101,0x89aec961362cb564
104,com_inc,28,40,10,155,35,level_override_allowed,b+ceil((w-8)*b/(7 if w>8 else 8)),"max(min(b,4), ceil(w*b/8))",,,101,0x89aec961362cb564
104,com_inc,29,40,10,160,37,level_override_allowed,b+ceil((w-8)*b/(7 if w>8 else 8)),"max(min(b,4), ceil(w*b/8))",,,101,0x89aec961362cb564
104,com_inc,30,40,10,166,38,level_override_allowed,b+ceil((w-8)*b/(7 if w>8 else 8)),"max(min(b,4), ceil(w*b/8))",,,101,0x89aec961362cb564
104,com_inc,31,40,10,172,39,level_override_allowed,b+ceil((w-8)*b/(7 if w>8 else 8)),"max(min(b,4), ceil(w*b/8))",,,101,0x89aec961362cb564
104,com_inc,32,40,10,178,40,level_override_allowed,b+ceil((w-8)*b/(7 if w>8 else 8)),"max(min(b,4), ceil(w*b/8))",,,101,0x89aec961362cb564
104,com_inc,33,40,10,183,42,level_override_allowed,b+ceil((w-8)*b/(7 if w>8 else 8)),"max(min(b,4), ceil(w*b/8))",,,101,0x89aec961362cb564
104,com_inc,34,40,10,189,43,level_override_allowed,b+ceil((w-8)*b/(7 if w>8 else 8)),"max(min(b,4), ceil(w*b/8))",,,101,0x89aec961362cb564
104,com_inc,35,40,10,195,44,level_override_allowed,b+ceil((w-8)*b/(7 if w>8 else 8)),"max(min(b,4), ceil(w*b/8))",,,101,0x89aec961362cb564
104,com_inc,36,40,10,200,45,level_override_allowed,b+ceil((w-8)*b/(7 if w>8 else 8)),"max(min(b,4), ceil(w*b/8))",,,101,0x89aec961362cb564
104,com_inc,37,40,10,206,47,level_override_allowed,b+ceil((w-8)*b/(7 if w>8 else 8)),"max(min(b,4), ceil(w*b/8))",,,101,0x89aec961362cb564
104,com_inc,38,40,10,212,48,level_override_allowed,b+ceil((w-8)*b/(7 if w>8 else 8)),"max(min(b,4), ceil(w*b/8))",,,101,0x89aec961362cb564
104,com_inc,39,40,10,218,49,level_override_allowed,b+ceil((w-8)*b/(7 if w>8 else 8)),"max(min(b,4), ceil(w*b/8))",,,101,0x89aec961362cb564
104,com_inc,40,40,10,223,50,level_override_allowed,b+ceil((w-8)*b/(7 if w>8 else 8)),"max(min(b,4), ceil(w*b/8))",,,101,0x89aec961362cb564
104,com_inc,41,40,10,229,52,level_override_allowed,b+ceil((w-8)*b/(7 if w>8 else 8)),"max(min(b,4), ceil(w*b/8))",,,101,0x89aec961362cb564
104,com_inc,42,40,10,235,53,level_override_allowed,b+ceil((w-8)*b/(7 if w>8 else 8)),"max(min(b,4), ceil(w*b/8))",,,101,0x89aec961362cb564
104,com_inc,43,40,10,240,54,level_override_allowed,b+ceil((w-8)*b/(7 if w>8 else 8)),"max(min(b,4), ceil(w*b/8))",,,101,0x89aec961362cb564
104,com_inc,44,40,10,246,55,level_override_allowed,b+ceil((w-8)*b/(7 if w>8 else 8)),"max(min(b,4), ceil(w*b/8))",,,101,0x89aec961362cb564
104,com_inc,45,40,10,252,57,level_override_allowed,b+ceil((w-8)*b/(7 if w>8 else 8)),"max(min(b,4), ceil(w*b/8))",,,101,0x89aec961362cb564
104,com_inc,46,40,10,258,58,level_override_allowed,b+ceil((w-8)*b/(7 if w>8 else 8)),"max(min(b,4), ceil(w*b/8))",,,101,0x89aec961362cb564
104,com_inc,47,40,10,263,59,level_override_allowed,b+ceil((w-8)*b/(7 if w>8 else 8)),"max(min(b,4), ceil(w*b/8))",,,101,0x89aec961362cb564
104,com_inc,48,40,10,269,60,level_override_allowed,b+ceil((w-8)*b/(7 if w>8 else 8)),"max(min(b,4), ceil(w*b/8))",,,101,0x89aec961362cb564
104,com_inc,49,40,10,275,62,level_override_allowed,b+ceil((w-8)*b/(7 if w>8 else 8)),"max(min(b,4), ceil(w*b/8))",,,101,0x89aec961362cb564
104,com_inc,50,40,10,280,63,level_override_allowed,b+ceil((w-8)*b/(7 if w>8 else 8)),"max(min(b,4), ceil(w*b/8))",,,101,0x89aec961362cb564
104,com_inc,51,40,10,286,64,level_override_allowed,b+ceil((w-8)*b/(7 if w>8 else 8)),"max(min(b,4), ceil(w*b/8))",,,101,0x89aec961362cb564
104,com_inc,52,40,10,292,65,level_override_allowed,b+ceil((w-8)*b/(7 if w>8 else 8)),"max(min(b,4), ceil(w*b/8))",,,101,0x89aec961362cb564
104,com_inc,53,40,10,298,67,level_override_allowed,b+ceil((w-8)*b/(7 if w>8 else 8)),"max(min(b,4), ceil(w*b/8))",,,101,0x89aec961362cb564
104,com_inc,54,40,10,303,68,level_override_allowed,b+ceil((w-8)*b/(7 if w>8 else 8)),"max(min(b,4), ceil(w*b/8))",,,101,0x89aec961362cb564
104,com_inc,55,40,10,309,69,level_override_allowed,b+ceil((w-8)*b/(7 if w>8 else 8)),"max(min(b,4), ceil(w*b/8))",,,101,0x89aec961362cb564
104,com_inc,56,40,10,315,70,level_override_allowed,b+ceil((w-8)*b/(7 if w>8 else 8)),"max(min(b,4), ceil(w*b/8))",,,101,0x89aec961362cb564
104,com_inc,57,40,10,320,72,level_override_allowed,b+ceil((w-8)*b/(7 if w>8 else 8)),"max(min(b,4), ceil(w*b/8))",,,101,0x89aec961362cb564
104,com_inc,58,40,10,326,73,level_override_allowed,b+ceil((w-8)*b/(7 if w>8 else 8)),"max(min(b,4), ceil(w*b/8))",,,101,0x89aec961362cb564
104,com_inc,59,40,10,332,74,level_override_allowed,b+ceil((w-8)*b/(7 if w>8 else 8)),"max(min(b,4), ceil(w*b/8))",,,101,0x89aec961362cb564
104,com_inc,60,40,10,338,75,level_override_allowed,b+ceil((w-8)*b/(7 if w>8 else 8)),"max(min(b,4), ceil(w*b/8))",,,101,0x89aec961362cb564
104,com_inc,61,40,10,343,77,level_override_allowed,b+ceil((w-8)*b/(7 if w>8 else 8)),"max(min(b,4), ceil(w*b/8))",,,101,0x89aec961362cb564
104,com_inc,62,40,10,349,78,level_override_allowed,b+ceil((w-8)*b/(7 if w>8 else 8)),"max(min(b,4), ceil(w*b/8))",,,101,0x89aec961362cb564
104,com_inc,63,40,10,355,79,level_override_allowed,b+ceil((w-8)*b/(7 if w>8 else 8)),"max(min(b,4), ceil(w*b/8))",,,101,0x89aec961362cb564
104,com_inc,64,40,10,360,80,level_override_allowed,b+ceil((w-8)*b/(7 if w>8 else 8)),"max(min(b,4), ceil(w*b/8))",,,101,0x89aec961362cb564
105,com_deleted_19,1,0,0,0,0,default_table,b,b,,,81,0xebaf646df8394650
105,com_deleted_19,2,0,0,0,0,default_table,b,b,,,81,0xebaf646df8394650
105,com_deleted_19,3,0,0,0,0,default_table,b,b,,,81,0xebaf646df8394650
105,com_deleted_19,4,0,0,0,0,default_table,b,b,,,81,0xebaf646df8394650
105,com_deleted_19,5,0,0,0,0,default_table,b,b,,,81,0xebaf646df8394650
105,com_deleted_19,6,0,0,0,0,default_table,b,b,,,81,0xebaf646df8394650
105,com_deleted_19,7,0,0,0,0,default_table,b,b,,,81,0xebaf646df8394650
105,com_deleted_19,8,0,0,0,0,default_table,b,b,,,81,0xebaf646df8394650
105,com_deleted_19,9,0,0,0,0,default_table,b,b,,,81,0xebaf646df8394650
105,com_deleted_19,10,0,0,0,0,default_table,b,b,,,81,0xebaf646df8394650
105,com_deleted_19,11,0,0,0,0,default_table,b,b,,,81,0xebaf646df8394650
105,com_deleted_19,12,0,0,0,0,default_table,b,b,,,81,0xebaf646df8394650
105,com_deleted_19,13,0,0,0,0,default_table,b,b,,,81,0xebaf646df8394650
105,com_deleted_19,14,0,0,0,0,default_table,b,b,,,81,0xebaf646df8394650
105,com_deleted_19,15,0,0,0,0,default_table,b,b,,,81,0xebaf646df8394650
105,com_deleted_19,16,0,0,0,0,default_table,b,b,,,81,0xebaf646df8394650
105,com_deleted_19,17,0,0,0,0,default_table,b,b,,,81,0xebaf646df8394650
105,com_deleted_19,18,0,0,0,0,default_table,b,b,,,81,0xebaf646df8394650
105,com_deleted_19,19,0,0,0,0,default_table,b,b,,,81,0xebaf646df8394650
105,com_deleted_19,20,0,0,0,0,default_table,b,b,,,81,0xebaf646df8394650
105,com_deleted_19,21,0,0,0,0,default_table,b,b,,,81,0xebaf646df8394650
105,com_deleted_19,22,0,0,0,0,default_table,b,b,,,81,0xebaf646df8394650
105,com_deleted_19,23,0,0,0,0,default_table,b,b,,,81,0xebaf646df8394650
105,com_deleted_19,24,0,0,0,0,default_table,b,b,,,81,0xebaf646df8394650
105,com_deleted_19,25,0,0,0,0,default_table,b,b,,,81,0xebaf646df8394650
105,com_deleted_19,26,0,0,0,0,default_table,b,b,,,81,0xebaf646df8394650
105,com_deleted_19,27,0,0,0,0,default_table,b,b,,,81,0xebaf646df8394650
105,com_deleted_19,28,0,0,0,0,default_table,b,b,,,81,0xebaf646df8394650
105,com_deleted_19,29,0,0,0,0,default_table,b,b,,,81,0xebaf646df8394650
105,com_deleted_19,30,0,0,0,0,default_table,b,b,,,81,0xebaf646df8394650
105,com_deleted_19,31,0,0,0,0,default_table,b,b,,,81,0xebaf646df8394650
105,com_deleted_19,32,0,0,0,0,default_table,b,b,,,81,0xebaf646df8394650
105,com_deleted_19,33,0,0,0,0,default_table,b,b,,,81,0xebaf646df8394650
105,com_deleted_19,34,0,0,0,0,default_table,b,b,,,81,0xebaf646df8394650
105,com_deleted_19,35,0,0,0,0,default_table,b,b,,,81,0xebaf646df8394650
105,com_deleted_19,36,0,0,0,0,default_table,b,b,,,81,0xebaf646df8394650
105,com_deleted_19,37,0,0,0,0,default_table,b,b,,,81,0xebaf646df8394650
105,com_deleted_19,38,0,0,0,0,default_table,b,b,,,81,0xebaf646df8394650
105,com_deleted_19,39,0,0,0,0,default_table,b,b,,,81,0xebaf646df8394650
105,com_deleted_19,40,0,0,0,0,default_table,b,b,,,81,0xebaf646df8394650
105,com_deleted_19,41,0,0,0,0,default_table,b,b,,,81,0xebaf646df8394650
105,com_deleted_19,42,0,0,0,0,default_table,b,b,,,81,0xebaf646df8394650
105,com_deleted_19,43,0,0,0,0,default_table,b,b,,,81,0xebaf646df8394650
105,com_deleted_19,44,0,0,0,0,default_table,b,b,,,81,0xebaf646df8394650
105,com_deleted_19,45,0,0,0,0,default_table,b,b,,,81,0xebaf646df8394650
105,com_deleted_19,46,0,0,0,0,default_table,b,b,,,81,0xebaf646df8394650
105,com_deleted_19,47,0,0,0,0,default_table,b,b,,,81,0xebaf646df8394650
105,com_deleted_19,48,0,0,0,0,default_table,b,b,,,81,0xebaf646df8394650
105,com_deleted_19,49,0,0,0,0,default_table,b,b,,,81,0xebaf646df8394650
105,com_deleted_19,50,0,0,0,0,default_table,b,b,,,81,0xebaf646df8394650
105,com_deleted_19,51,0,0,0,0,default_table,b,b,,,81,0xebaf646df8394650
105,com_deleted_19,52,0,0,0,0,default_table,b,b,,,81,0xebaf646df8394650
105,com_deleted_19,53,0,0,0,0,default_table,b,b,,,81,0xebaf646df8394650
105,com_deleted_19,54,0,0,0,0,default_table,b,b,,,81,0xebaf646df8394650
105,com_deleted_19,55,0,0,0,0,default_table,b,b,,,81,0xebaf646df8394650
105,com_deleted_19,56,0,0,0,0,default_table,b,b,,,81,0xebaf646df8394650
105,com_deleted_19,57,0,0,0,0,default_table,b,b,,,81,0xebaf646df8394650
105,com_deleted_19,58,0,0,0,0,default_table,b,b,,,81,0xebaf646df8394650
105,com_deleted_19,59,0,0,0,0,default_table,b,b,,,81,0xebaf646df8394650
105,com_deleted_19,60,0,0,0,0,default_table,b,b,,,81,0xebaf646df8394650
105,com_deleted_19,61,0,0,0,0,default_table,b,b,,,81,0xebaf646df8394650
105,com_deleted_19,62,0,0,0,0,default_table,b,b,,,81,0xebaf646df8394650
105,com_deleted_19,63,0,0,0,0,default_table,b,b,,,81,0xebaf646df8394650
105,com_deleted_19,64,0,0,0,0,default_table,b,b,,,81,0xebaf646df8394650
106,com_cc_level_input,1,0,0,0,0,default_table,b,b,,,107,0x51444d4881d9f06b
106,com_cc_level_input,2,0,0,0,0,default_table,b,b,,,107,0x51444d4881d9f06b
106,com_cc_level_input,3,0,0,0,0,default_table,b,b,,,107,0x51444d4881d9f06b
106,com_cc_level_input,4,0,0,0,0,default_table,b,b,,,107,0x51444d4881d9f06b
106,com_cc_level_input,5,0,0,0,0,default_table,b,b,,,107,0x51444d4881d9f06b
106,com_cc_level_input,6,0,0,0,0,default_table,b,b,,,107,0x51444d4881d9f06b
106,com_cc_level_input,7,0,0,0,0,default_table,b,b,,,107,0x51444d4881d9f06b
106,com_cc_level_input,8,0,0,0,0,default_table,b,b,,,107,0x51444d4881d9f06b
106,com_cc_level_input,9,0,0,0,0,default_table,b,b,,,107,0x51444d4881d9f06b
106,com_cc_level_input,10,0,0,0,0,default_table,b,b,,,107,0x51444d4881d9f06b
106,com_cc_level_input,11,0,0,0,0,default_table,b,b,,,107,0x51444d4881d9f06b
106,com_cc_level_input,12,0,0,0,0,default_table,b,b,,,107,0x51444d4881d9f06b
106,com_cc_level_input,13,0,0,0,0,default_table,b,b,,,107,0x51444d4881d9f06b
106,com_cc_level_input,14,0,0,0,0,default_table,b,b,,,107,0x51444d4881d9f06b
106,com_cc_level_input,15,0,0,0,0,default_table,b,b,,,107,0x51444d4881d9f06b
106,com_cc_level_input,16,0,0,0,0,default_table,b,b,,,107,0x51444d4881d9f06b
106,com_cc_level_input,17,0,0,0,0,default_table,b,b,,,107,0x51444d4881d9f06b
106,com_cc_level_input,18,0,0,0,0,default_table,b,b,,,107,0x51444d4881d9f06b
106,com_cc_level_input,19,0,0,0,0,default_table,b,b,,,107,0x51444d4881d9f06b
106,com_cc_level_input,20,0,0,0,0,default_table,b,b,,,107,0x51444d4881d9f06b
106,com_cc_level_input,21,0,0,0,0,default_table,b,b,,,107,0x51444d4881d9f06b
106,com_cc_level_input,22,0,0,0,0,default_table,b,b,,,107,0x51444d4881d9f06b
106,com_cc_level_input,23,0,0,0,0,default_table,b,b,,,107,0x51444d4881d9f06b
106,com_cc_level_input,24,0,0,0,0,default_table,b,b,,,107,0x51444d4881d9f06b
106,com_cc_level_input,25,0,0,0,0,default_table,b,b,,,107,0x51444d4881d9f06b
106,com_cc_level_input,26,0,0,0,0,default_table,b,b,,,107,0x51444d4881d9f06b
106,com_cc_level_input,27,0,0,0,0,default_table,b,b,,,107,0x51444d4881d9f06b
106,com_cc_level_input,28,0,0,0,0,default_table,b,b,,,107,0x51444d4881d9f06b
106,com_cc_level_input,29,0,0,0,0,default_table,b,b,,,107,0x51444d4881d9f06b
106,com_cc_level_input,30,0,0,0,0,default_table,b,b,,,107,0x51444d4881d9f06b
106,com_cc_level_input,31,0,0,0,0,default_table,b,b,,,107,0x51444d4881d9f06b
106,com_cc_level_input,32,0,0,0,0,default_table,b,b,,,107,0x51444d4881d9f06b
106,com_cc_level_input,33,0,0,0,0,default_table,b,b,,,107,0x51444d4881d9f06b
106,com_cc_level_input,34,0,0,0,0,default_table,b,b,,,107,0x51444d4881d9f06b
106,com_cc_level_input,35,0,0,0,0,default_table,b,b,,,107,0x51444d4881d9f06b
106,com_cc_level_input,36,0,0,0,0,default_table,b,b,,,107,0x51444d4881d9f06b
106,com_cc_level_input,37,0,0,0,0,default_table,b,b,,,107,0x51444d4881d9f06b
106,com_cc_level_input,38,0,0,0,0,default_table,b,b,,,107,0x51444d4881d9f06b
106,com_cc_level_input,39,0,0,0,0,default_table,b,b,,,107,0x51444d4881d9f06b
106,com_cc_level_input,40,0,0,0,0,default_table,b,b,,,107,0x51444d4881d9f06b
106,com_cc_level_input,41,0,0,0,0,default_table,b,b,,,107,0x51444d4881d9f06b
106,com_cc_level_input,42,0,0,0,0,default_table,b,b,,,107,0x51444d4881d9f06b
106,com_cc_level_input,43,0,0,0,0,default_table,b,b,,,107,0x51444d4881d9f06b
106,com_cc_level_input,44,0,0,0,0,default_table,b,b,,,107,0x51444d4881d9f06b
106,com_cc_level_input,45,0,0,0,0,default_table,b,b,,,107,0x51444d4881d9f06b
106,com_cc_level_input,46,0,0,0,0,default_table,b,b,,,107,0x51444d4881d9f06b
106,com_cc_level_input,47,0,0,0,0,default_table,b,b,,,107,0x51444d4881d9f06b
106,com_cc_level_input,48,0,0,0,0,default_table,b,b,,,107,0x51444d4881d9f06b
106,com_cc_level_input,49,0,0,0,0,default_table,b,b,,,107,0x51444d4881d9f06b
106,com_cc_level_input,50,0,0,0,0,default_table,b,b,,,107,0x51444d4881d9f06b
106,com_cc_level_input,51,0,0,0,0,default_table,b,b,,,107,0x51444d4881d9f06b
106,com_cc_level_input,52,0,0,0,0,default_table,b,b,,,107,0x51444d4881d9f06b
106,com_cc_level_input,53,0,0,0,0,default_table,b,b,,,107,0x51444d4881d9f06b
106,com_cc_level_input,54,0,0,0,0,default_table,b,b,,,107,0x51444d4881d9f06b
106,com_cc_level_input,55,0,0,0,0,default_table,b,b,,,107,0x51444d4881d9f06b
106,com_cc_level_input,56,0,0,0,0,default_table,b,b,,,107,0x51444d4881d9f06b
106,com_cc_level_input,57,0,0,0,0,default_table,b,b,,,107,0x51444d4881d9f06b
106,com_cc_level_input,58,0,0,0,0,default_table,b,b,,,107,0x51444d4881d9f06b
106,com_cc_level_input,59,0,0,0,0,default_table,b,b,,,107,0x51444d4881d9f06b
106,com_cc_level_input,60,0,0,0,0,default_table,b,b,,,107,0x51444d4881d9f06b
106,com_cc_level_input,61,0,0,0,0,default_table,b,b,,,107,0x51444d4881d9f06b
106,com_cc_level_input,62,0,0,0,0,default_table,b,b,,,107,0x51444d4881d9f06b
106,com_cc_level_input,63,0,0,0,0,default_table,b,b,,,107,0x51444d4881d9f06b
106,com_cc_level_input,64,0,0,0,0,default_table,b,b,,,107,0x51444d4881d9f06b
107,com_deleted_9,1,0,0,0,0,default_table,b,b,,,83,0xa86bc8a736fc8f53
107,com_deleted_9,2,0,0,0,0,default_table,b,b,,,83,0xa86bc8a736fc8f53
107,com_deleted_9,3,0,0,0,0,default_table,b,b,,,83,0xa86bc8a736fc8f53
107,com_deleted_9,4,0,0,0,0,default_table,b,b,,,83,0xa86bc8a736fc8f53
107,com_deleted_9,5,0,0,0,0,default_table,b,b,,,83,0xa86bc8a736fc8f53
107,com_deleted_9,6,0,0,0,0,default_table,b,b,,,83,0xa86bc8a736fc8f53
107,com_deleted_9,7,0,0,0,0,default_table,b,b,,,83,0xa86bc8a736fc8f53
107,com_deleted_9,8,0,0,0,0,default_table,b,b,,,83,0xa86bc8a736fc8f53
107,com_deleted_9,9,0,0,0,0,default_table,b,b,,,83,0xa86bc8a736fc8f53
107,com_deleted_9,10,0,0,0,0,default_table,b,b,,,83,0xa86bc8a736fc8f53
107,com_deleted_9,11,0,0,0,0,default_table,b,b,,,83,0xa86bc8a736fc8f53
107,com_deleted_9,12,0,0,0,0,default_table,b,b,,,83,0xa86bc8a736fc8f53
107,com_deleted_9,13,0,0,0,0,default_table,b,b,,,83,0xa86bc8a736fc8f53
107,com_deleted_9,14,0,0,0,0,default_table,b,b,,,83,0xa86bc8a736fc8f53
107,com_deleted_9,15,0,0,0,0,default_table,b,b,,,83,0xa86bc8a736fc8f53
107,com_deleted_9,16,0,0,0,0,default_table,b,b,,,83,0xa86bc8a736fc8f53
107,com_deleted_9,17,0,0,0,0,default_table,b,b,,,83,0xa86bc8a736fc8f53
107,com_deleted_9,18,0,0,0,0,default_table,b,b,,,83,0xa86bc8a736fc8f53
107,com_deleted_9,19,0,0,0,0,default_table,b,b,,,83,0xa86bc8a736fc8f53
107,com_deleted_9,20,0,0,0,0,default_table,b,b,,,83,0xa86bc8a736fc8f53
107,com_deleted_9,21,0,0,0,0,default_table,b,b,,,83,0xa86bc8a736fc8f53
107,com_deleted_9,22,0,0,0,0,default_table,b,b,,,83,0xa86bc8a736fc8f53
107,com_deleted_9,23,0,0,0,0,default_table,b,b,,,83,0xa86bc8a736fc8f53
107,com_deleted_9,24,0,0,0,0,default_table,b,b,,,83,0xa86bc8a736fc8f53
107,com_deleted_9,25,0,0,0,0,default_table,b,b,,,83,0xa86bc8a736fc8f53
107,com_deleted_9,26,0,0,0,0,default_table,b,b,,,83,0xa86bc8a736fc8f53
107,com_deleted_9,27,0,0,0,0,default_table,b,b,,,83,0xa86bc8a736fc8f53
107,com_deleted_9,28,0,0,0,0,default_table,b,b,,,83,0xa86bc8a736fc8f53
107,com_deleted_9,29,0,0,0,0,default_table,b,b,,,83,0xa86bc8a736fc8f53
107,com_deleted_9,30,0,0,0,0,default_table,b,b,,,83,0xa86bc8a736fc8f53
107,com_deleted_9,31,0,0,0,0,default_table,b,b,,,83,0xa86bc8a736fc8f53
107,com_deleted_9,32,0,0,0,0,default_table,b,b,,,83,0xa86bc8a736fc8f53
107,com_deleted_9,33,0,0,0,0,default_table,b,b,,,83,0xa86bc8a736fc8f53
107,com_deleted_9,34,0,0,0,0,default_table,b,b,,,83,0xa86bc8a736fc8f53
107,com_deleted_9,35,0,0,0,0,default_table,b,b,,,83,0xa86bc8a736fc8f53
107,com_deleted_9,36,0,0,0,0,default_table,b,b,,,83,0xa86bc8a736fc8f53
107,com_deleted_9,37,0,0,0,0,default_table,b,b,,,83,0xa86bc8a736fc8f53
107,com_deleted_9,38,0,0,0,0,default_table,b,b,,,83,0xa86bc8a736fc8f53
107,com_deleted_9,39,0,0,0,0,default_table,b,b,,,83,0xa86bc8a736fc8f53
107,com_deleted_9,40,0,0,0,0,default_table,b,b,,,83,0xa86bc8a736fc8f53
107,com_deleted_9,41,0,0,0,0,default_table,b,b,,,83,0xa86bc8a736fc8f53
107,com_deleted_9,42,0,0,0,0,default_table,b,b,,,83,0xa86bc8a736fc8f53
107,com_deleted_9,43,0,0,0,0,default_table,b,b,,,83,0xa86bc8a736fc8f53
107,com_deleted_9,44,0,0,0,0,default_table,b,b,,,83,0xa86bc8a736fc8f53
107,com_deleted_9,45,0,0,0,0,default_table,b,b,,,83,0xa86bc8a736fc8f53
107,com_deleted_9,46,0,0,0,0,default_table,b,b,,,83,0xa86bc8a736fc8f53
107,com_deleted_9,47,0,0,0,0,default_table,b,b,,,83,0xa86bc8a736fc8f53
107,com_deleted_9,48,0,0,0,0,default_table,b,b,,,83,0xa86bc8a736fc8f53
107,com_deleted_9,49,0,0,0,0,default_table,b,b,,,83,0xa86bc8a736fc8f53
107,com_deleted_9,50,0,0,0,0,default_table,b,b,,,83,0xa86bc8a736fc8f53
107,com_deleted_9,51,0,0,0,0,default_table,b,b,,,83,0xa86bc8a736fc8f53
107,com_deleted_9,52,0,0,0,0,default_table,b,b,,,83,0xa86bc8a736fc8f53
107,com_deleted_9,53,0,0,0,0,default_table,b,b,,,83,0xa86bc8a736fc8f53
107,com_deleted_9,54,0,0,0,0,default_table,b,b,,,83,0xa86bc8a736fc8f53
107,com_deleted_9,55,0,0,0,0,default_table,b,b,,,83,0xa86bc8a736fc8f53
107,com_deleted_9,56,0,0,0,0,default_table,b,b,,,83,0xa86bc8a736fc8f53
107,com_deleted_9,57,0,0,0,0,default_table,b,b,,,83,0xa86bc8a736fc8f53
107,com_deleted_9,58,0,0,0,0,default_table,b,b,,,83,0xa86bc8a736fc8f53
107,com_deleted_9,59,0,0,0,0,default_table,b,b,,,83,0xa86bc8a736fc8f53
107,com_deleted_9,60,0,0,0,0,default_table,b,b,,,83,0xa86bc8a736fc8f53
107,com_deleted_9,61,0,0,0,0,default_table,b,b,,,83,0xa86bc8a736fc8f53
107,com_deleted_9,62,0,0,0,0,default_table,b,b,,,83,0xa86bc8a736fc8f53
107,com_deleted_9,63,0,0,0,0,default_table,b,b,,,83,0xa86bc8a736fc8f53
107,com_deleted_9,64,0,0,0,0,default_table,b,b,,,83,0xa86bc8a736fc8f53
108,com_mod,1,656,273,82,35,level_override_allowed,"max(0, ceil(w*w*b/64)) if w>8 else max(0, ceil(w*b/8))","max(min(b,4), ceil(w*b/8))",,,55,0x14f68f969ed85e37
108,com_mod,2,656,273,164,69,level_override_allowed,"max(0, ceil(w*w*b/64)) if w>8 else max(0, ceil(w*b/8))","max(min(b,4), ceil(w*b/8))",,,55,0x14f68f969ed85e37
108,com_mod,3,656,273,246,103,level_override_allowed,"max(0, ceil(w*w*b/64)) if w>8 else max(0, ceil(w*b/8))","max(min(b,4), ceil(w*b/8))",,,55,0x14f68f969ed85e37
108,com_mod,4,656,273,328,137,level_override_allowed,"max(0, ceil(w*w*b/64)) if w>8 else max(0, ceil(w*b/8))","max(min(b,4), ceil(w*b/8))",,,55,0x14f68f969ed85e37
108,com_mod,5,656,273,410,171,level_override_allowed,"max(0, ceil(w*w*b/64)) if w>8 else max(0, ceil(w*b/8))","max(min(b,4), ceil(w*b/8))",,,55,0x14f68f969ed85e37
108,com_mod,6,656,273,492,205,level_override_allowed,"max(0, ceil(w*w*b/64)) if w>8 else max(0, ceil(w*b/8))","max(min(b,4), ceil(w*b/8))",,,55,0x14f68f969ed85e37
108,com_mod,7,656,273,574,239,level_override_allowed,"max(0, ceil(w*w*b/64)) if w>8 else max(0, ceil(w*b/8))","max(min(b,4), ceil(w*b/8))",,,55,0x14f68f969ed85e37
108,com_mod,8,656,273,656,273,level_override_allowed,"max(0, ceil(w*w*b/64)) if w>8 else max(0, ceil(w*b/8))","max(min(b,4), ceil(w*b/8))",,,55,0x14f68f969ed85e37
108,com_mod,9,656,273,831,308,level_override_allowed,"max(0, ceil(w*w*b/64)) if w>8 else max(0, ceil(w*b/8))","max(min(b,4), ceil(w*b/8))",,,55,0x14f68f969ed85e37
108,com_mod,10,656,273,1025,342,level_override_allowed,"max(0, ceil(w*w*b/64)) if w>8 else max(0, ceil(w*b/8))","max(min(b,4), ceil(w*b/8))",,,55,0x14f68f969ed85e37
108,com_mod,11,656,273,1241,376,level_override_allowed,"max(0, ceil(w*w*b/64)) if w>8 else max(0, ceil(w*b/8))","max(min(b,4), ceil(w*b/8))",,,55,0x14f68f969ed85e37
108,com_mod,12,656,273,1476,410,level_override_allowed,"max(0, ceil(w*w*b/64)) if w>8 else max(0, ceil(w*b/8))","max(min(b,4), ceil(w*b/8))",,,55,0x14f68f969ed85e37
108,com_mod,13,656,273,1733,444,level_override_allowed,"max(0, ceil(w*w*b/64)) if w>8 else max(0, ceil(w*b/8))","max(min(b,4), ceil(w*b/8))",,,55,0x14f68f969ed85e37
108,com_mod,14,656,273,2009,478,level_override_allowed,"max(0, ceil(w*w*b/64)) if w>8 else max(0, ceil(w*b/8))","max(min(b,4), ceil(w*b/8))",,,55,0x14f68f969ed85e37
108,com_mod,15,656,273,2307,512,level_override_allowed,"max(0, ceil(w*w*b/64)) if w>8 else max(0, ceil(w*b/8))","max(min(b,4), ceil(w*b/8))",,,55,0x14f68f969ed85e37
108,com_mod,16,656,273,2624,546,level_override_allowed,"max(0, ceil(w*w*b/64)) if w>8 else max(0, ceil(w*b/8))","max(min(b,4), ceil(w*b/8))",,,55,0x14f68f969ed85e37
108,com_mod,17,656,273,2963,581,level_override_allowed,"max(0, ceil(w*w*b/64)) if w>8 else max(0, ceil(w*b/8))","max(min(b,4), ceil(w*b/8))",,,55,0x14f68f969ed85e37
108,com_mod,18,656,273,3321,615,level_override_allowed,"max(0, ceil(w*w*b/64)) if w>8 else max(0, ceil(w*b/8))","max(min(b,4), ceil(w*b/8))",,,55,0x14f68f969ed85e37
108,com_mod,19,656,273,3701,649,level_override_allowed,"max(0, ceil(w*w*b/64)) if w>8 else max(0, ceil(w*b/8))","max(min(b,4), ceil(w*b/8))",,,55,0x14f68f969ed85e37
108,com_mod,20,656,273,4100,683,level_override_allowed,"max(0, ceil(w*w*b/64)) if w>8 else max(0, ceil(w*b/8))","max(min(b,4), ceil(w*b/8))",,,55,0x14f68f969ed85e37
108,com_mod,21,656,273,4521,717,level_override_allowed,"max(0, ceil(w*w*b/64)) if w>8 else max(0, ceil(w*b/8))","max(min(b,4), ceil(w*b/8))",,,55,0x14f68f969ed85e37
108,com_mod,22,656,273,4961,751,level_override_allowed,"max(0, ceil(w*w*b/64)) if w>8 else max(0, ceil(w*b/8))","max(min(b,4), ceil(w*b/8))",,,55,0x14f68f969ed85e37
108,com_mod,23,656,273,5423,785,level_override_allowed,"max(0, ceil(w*w*b/64)) if w>8 else max(0, ceil(w*b/8))","max(min(b,4), ceil(w*b/8))",,,55,0x14f68f969ed85e37
108,com_mod,24,656,273,5904,819,level_override_allowed,"max(0, ceil(w*w*b/64)) if w>8 else max(0, ceil(w*b/8))","max(min(b,4), ceil(w*b/8))",,,55,0x14f68f969ed85e37
108,com_mod,25,656,273,6407,854,level_override_allowed,"max(0, ceil(w*w*b/64)) if w>8 else max(0, ceil(w*b/8))","max(min(b,4), ceil(w*b/8))",,,55,0x14f68f969ed85e37
108,com_mod,26,656,273,6929,888,level_override_allowed,"max(0, ceil(w*w*b/64)) if w>8 else max(0, ceil(w*b/8))","max(min(b,4), ceil(w*b/8))",,,55,0x14f68f969ed85e37
108,com_mod,27,656,273,7473,922,level_override_allowed,"max(0, ceil(w*w*b/64)) if w>8 else max(0, ceil(w*b/8))","max(min(b,4), ceil(w*b/8))",,,55,0x14f68f969ed85e37
108,com_mod,28,656,273,8036,956,level_override_allowed,"max(0, ceil(w*w*b/64)) if w>8 else max(0, ceil(w*b/8))","max(min(b,4), ceil(w*b/8))",,,55,0x14f68f969ed85e37
108,com_mod,29,656,273,8621,990,level_override_allowed,"max(0, ceil(w*w*b/64)) if w>8 else max(0, ceil(w*b/8))","max(min(b,4), ceil(w*b/8))",,,55,0x14f68f969ed85e37
108,com_mod,30,656,273,9225,1024,level_override_allowed,"max(0, ceil(w*w*b/64)) if w>8 else max(0, ceil(w*b/8))","max(min(b,4), ceil(w*b/8))",,,55,0x14f68f969ed85e37
108,com_mod,31,656,273,9851,1058,level_override_allowed,"max(0, ceil(w*w*b/64)) if w>8 else max(0, ceil(w*b/8))","max(min(b,4), ceil(w*b/8))",,,55,0x14f68f969ed85e37
108,com_mod,32,656,273,10496,1092,level_override_allowed,"max(0, ceil(w*w*b/64)) if w>8 else max(0, ceil(w*b/8))","max(min(b,4), ceil(w*b/8))",,,55,0x14f68f969ed85e37
108,com_mod,33,656,273,11163,1127,level_override_allowed,"max(0, ceil(w*w*b/64)) if w>8 else max(0, ceil(w*b/8))","max(min(b,4), ceil(w*b/8))",,,55,0x14f68f969ed85e37
108,com_mod,34,656,273,11849,1161,level_override_allowed,"max(0, ceil(w*w*b/64)) if w>8 else max(0, ceil(w*b/8))","max(min(b,4), ceil(w*b/8))",,,55,0x14f68f969ed85e37
108,com_mod,35,656,273,12557,1195,level_override_allowed,"max(0, ceil(w*w*b/64)) if w>8 else max(0, ceil(w*b/8))","max(min(b,4), ceil(w*b/8))",,,55,0x14f68f969ed85e37
108,com_mod,36,656,273,13284,1229,level_override_allowed,"max(0, ceil(w*w*b/64)) if w>8 else max(0, ceil(w*b/8))","max(min(b,4), ceil(w*b/8))",,,55,0x14f68f969ed85e37
108,com_mod,37,656,273,14033,1263,level_override_allowed,"max(0, ceil(w*w*b/64)) if w>8 else max(0, ceil(w*b/8))","max(min(b,4), ceil(w*b/8))",,,55,0x14f68f969ed85e37
108,com_mod,38,656,273,14801,1297,level_override_allowed,"max(0, ceil(w*w*b/64)) if w>8 else max(0, ceil(w*b/8))","max(min(b,4), ceil(w*b/8))",,,55,0x14f68f969ed85e37
108,com_mod,39,656,273,15591,1331,level_override_allowed,"max(0, ceil(w*w*b/64)) if w>8 else max(0, ceil(w*b/8))","max(min(b,4), ceil(w*b/8))",,,55,0x14f68f969ed85e37
108,com_mod,40,656,273,16400,1365,level_override_allowed,"max(0, ceil(w*w*b/64)) if w>8 else max(0, ceil(w*b/8))","max(min(b,4), ceil(w*b/8))",,,55,0x14f68f969ed85e37
108,com_mod,41,656,273,17231,1400,level_override_allowed,"max(0, ceil(w*w*b/64)) if w>8 else max(0, ceil(w*b/8))","max(min(b,4), ceil(w*b/8))",,,55,0x14f68f969ed85e37
108,com_mod,42,656,273,18081,1434,level_override_allowed,"max(0, ceil(w*w*b/64)) if w>8 else max(0, ceil(w*b/8))","max(min(b,4), ceil(w*b/8))",,,55,0x14f68f969ed85e37
108,com_mod,43,656,273,18953,1468,level_override_allowed,"max(0, ceil(w*w*b/64)) if w>8 else max(0, ceil(w*b/8))","max(min(b,4), ceil(w*b/8))",,,55,0x14f68f969ed85e37
108,com_mod,44,656,273,19844,1502,level_override_allowed,"max(0, ceil(w*w*b/64)) if w>8 else max(0, ceil(w*b/8))","max(min(b,4), ceil(w*b/8))",,,55,0x14f68f969ed85e37
108,com_mod,45,656,273,20757,1536,level_override_allowed,"max(0, ceil(w*w*b/64)) if w>8 else max(0, ceil(w*b/8))","max(min(b,4), ceil(w*b/8))",,,55,0x14f68f969ed85e37
108,com_mod,46,656,273,21689,1570,level_override_allowed,"max(0, ceil(w*w*b/64)) if w>8 else max(0, ceil(w*b/8))","max(min(b,4), ceil(w*b/8))",,,55,0x14f68f969ed85e37
108,com_mod,47,656,273,22643,1604,level_override_allowed,"max(0, ceil(w*w*b/64)) if w>8 else max(0, ceil(w*b/8))","max(min(b,4), ceil(w*b/8))",,,55,0x14f68f969ed85e37
108,com_mod,48,656,273,23616,1638,level_override_allowed,"max(0, ceil(w*w*b/64)) if w>8 else max(0, ceil(w*b/8))","max(min(b,4), ceil(w*b/8))",,,55,0x14f68f969ed85e37
108,com_mod,49,656,273,24611,1673,level_override_allowed,"max(0, ceil(w*w*b/64)) if w>8 else max(0, ceil(w*b/8))","max(min(b,4), ceil(w*b/8))",,,55,0x14f68f969ed85e37
108,com_mod,50,656,273,25625,1707,level_override_allowed,"max(0, ceil(w*w*b/64)) if w>8 else max(0, ceil(w*b/8))","max(min(b,4), ceil(w*b/8))",,,55,0x14f68f969ed85e37
108,com_mod,51,656,273,26661,1741,level_override_allowed,"max(0, ceil(w*w*b/64)) if w>8 else max(0, ceil(w*b/8))","max(min(b,4), ceil(w*b/8))",,,55,0x14f68f969ed85e37
108,com_mod,52,656,273,27716,1775,level_override_allowed,"max(0, ceil(w*w*b/64)) if w>8 else max(0, ceil(w*b/8))","max(min(b,4), ceil(w*b/8))",,,55,0x14f68f969ed85e37
108,com_mod,53,656,273,28793,1809,level_override_allowed,"max(0, ceil(w*w*b/64)) if w>8 else max(0, ceil(w*b/8))","max(min(b,4), ceil(w*b/8))",,,55,0x14f68f969ed85e37
108,com_mod,54,656,273,29889,1843,level_override_allowed,"max(0, ceil(w*w*b/64)) if w>8 else max(0, ceil(w*b/8))","max(min(b,4), ceil(w*b/8))",,,55,0x14f68f969ed85e37
108,com_mod,55,656,273,31007,1877,level_override_allowed,"max(0, ceil(w*w*b/64)) if w>8 else max(0, ceil(w*b/8))","max(min(b,4), ceil(w*b/8))",,,55,0x14f68f969ed85e37
108,com_mod,56,656,273,32144,1911,level_override_allowed,"max(0, ceil(w*w*b/64)) if w>8 else max(0, ceil(w*b/8))","max(min(b,4), ceil(w*b/8))",,,55,0x14f68f969ed85e37
108,com_mod,57,656,273,33303,1946,level_override_allowed,"max(0, ceil(w*w*b/64)) if w>8 else max(0, ceil(w*b/8))","max(min(b,4), ceil(w*b/8))",,,55,0x14f68f969ed85e37
108,com_mod,58,656,273,34481,1980,level_override_allowed,"max(0, ceil(w*w*b/64)) if w>8 else max(0, ceil(w*b/8))","max(min(b,4), ceil(w*b/8))",,,55,0x14f68f969ed85e37
108,com_mod,59,656,273,35681,2014,level_override_allowed,"max(0, ceil(w*w*b/64)) if w>8 else max(0, ceil(w*b/8))","max(min(b,4), ceil(w*b/8))",,,55,0x14f68f969ed85e37
108,com_mod,60,656,273,36900,2048,level_override_allowed,"max(0, ceil(w*w*b/64)) if w>8 else max(0, ceil(w*b/8))","max(min(b,4), ceil(w*b/8))",,,55,0x14f68f969ed85e37
108,com_mod,61,656,273,38141,2082,level_override_allowed,"max(0, ceil(w*w*b/64)) if w>8 else max(0, ceil(w*b/8))","max(min(b,4), ceil(w*b/8))",,,55,0x14f68f969ed85e37
108,com_mod,62,656,273,39401,2116,level_override_allowed,"max(0, ceil(w*w*b/64)) if w>8 else max(0, ceil(w*b/8))","max(min(b,4), ceil(w*b/8))",,,55,0x14f68f969ed85e37
108,com_mod,63,656,273,40683,2150,level_override_allowed,"max(0, ceil(w*w*b/64)) if w>8 else max(0, ceil(w*b/8))","max(min(b,4), ceil(w*b/8))",,,55,0x14f68f969ed85e37
108,com_mod,64,656,273,41984,2184,level_override_allowed,"max(0, ceil(w*w*b/64)) if w>8 else max(0, ceil(w*b/8))","max(min(b,4), ceil(w*b/8))",,,55,0x14f68f969ed85e37
109,com_splitter_bit_2,1,0,0,0,0,default_table,b,b,,,253,0xaed9f8cbb4ba69fd
109,com_splitter_bit_2,2,0,0,0,0,default_table,b,b,,,253,0xaed9f8cbb4ba69fd
109,com_splitter_bit_2,3,0,0,0,0,default_table,b,b,,,253,0xaed9f8cbb4ba69fd
109,com_splitter_bit_2,4,0,0,0,0,default_table,b,b,,,253,0xaed9f8cbb4ba69fd
109,com_splitter_bit_2,5,0,0,0,0,default_table,b,b,,,253,0xaed9f8cbb4ba69fd
109,com_splitter_bit_2,6,0,0,0,0,default_table,b,b,,,253,0xaed9f8cbb4ba69fd
109,com_splitter_bit_2,7,0,0,0,0,default_table,b,b,,,253,0xaed9f8cbb4ba69fd
109,com_splitter_bit_2,8,0,0,0,0,default_table,b,b,,,253,0xaed9f8cbb4ba69fd
109,com_splitter_bit_2,9,0,0,0,0,default_table,b,b,,,253,0xaed9f8cbb4ba69fd
109,com_splitter_bit_2,10,0,0,0,0,default_table,b,b,,,253,0xaed9f8cbb4ba69fd
109,com_splitter_bit_2,11,0,0,0,0,default_table,b,b,,,253,0xaed9f8cbb4ba69fd
109,com_splitter_bit_2,12,0,0,0,0,default_table,b,b,,,253,0xaed9f8cbb4ba69fd
109,com_splitter_bit_2,13,0,0,0,0,default_table,b,b,,,253,0xaed9f8cbb4ba69fd
109,com_splitter_bit_2,14,0,0,0,0,default_table,b,b,,,253,0xaed9f8cbb4ba69fd
109,com_splitter_bit_2,15,0,0,0,0,default_table,b,b,,,253,0xaed9f8cbb4ba69fd
109,com_splitter_bit_2,16,0,0,0,0,default_table,b,b,,,253,0xaed9f8cbb4ba69fd
109,com_splitter_bit_2,17,0,0,0,0,default_table,b,b,,,253,0xaed9f8cbb4ba69fd
109,com_splitter_bit_2,18,0,0,0,0,default_table,b,b,,,253,0xaed9f8cbb4ba69fd
109,com_splitter_bit_2,19,0,0,0,0,default_table,b,b,,,253,0xaed9f8cbb4ba69fd
109,com_splitter_bit_2,20,0,0,0,0,default_table,b,b,,,253,0xaed9f8cbb4ba69fd
109,com_splitter_bit_2,21,0,0,0,0,default_table,b,b,,,253,0xaed9f8cbb4ba69fd
109,com_splitter_bit_2,22,0,0,0,0,default_table,b,b,,,253,0xaed9f8cbb4ba69fd
109,com_splitter_bit_2,23,0,0,0,0,default_table,b,b,,,253,0xaed9f8cbb4ba69fd
109,com_splitter_bit_2,24,0,0,0,0,default_table,b,b,,,253,0xaed9f8cbb4ba69fd
109,com_splitter_bit_2,25,0,0,0,0,default_table,b,b,,,253,0xaed9f8cbb4ba69fd
109,com_splitter_bit_2,26,0,0,0,0,default_table,b,b,,,253,0xaed9f8cbb4ba69fd
109,com_splitter_bit_2,27,0,0,0,0,default_table,b,b,,,253,0xaed9f8cbb4ba69fd
109,com_splitter_bit_2,28,0,0,0,0,default_table,b,b,,,253,0xaed9f8cbb4ba69fd
109,com_splitter_bit_2,29,0,0,0,0,default_table,b,b,,,253,0xaed9f8cbb4ba69fd
109,com_splitter_bit_2,30,0,0,0,0,default_table,b,b,,,253,0xaed9f8cbb4ba69fd
109,com_splitter_bit_2,31,0,0,0,0,default_table,b,b,,,253,0xaed9f8cbb4ba69fd
109,com_splitter_bit_2,32,0,0,0,0,default_table,b,b,,,253,0xaed9f8cbb4ba69fd
109,com_splitter_bit_2,33,0,0,0,0,default_table,b,b,,,253,0xaed9f8cbb4ba69fd
109,com_splitter_bit_2,34,0,0,0,0,default_table,b,b,,,253,0xaed9f8cbb4ba69fd
109,com_splitter_bit_2,35,0,0,0,0,default_table,b,b,,,253,0xaed9f8cbb4ba69fd
109,com_splitter_bit_2,36,0,0,0,0,default_table,b,b,,,253,0xaed9f8cbb4ba69fd
109,com_splitter_bit_2,37,0,0,0,0,default_table,b,b,,,253,0xaed9f8cbb4ba69fd
109,com_splitter_bit_2,38,0,0,0,0,default_table,b,b,,,253,0xaed9f8cbb4ba69fd
109,com_splitter_bit_2,39,0,0,0,0,default_table,b,b,,,253,0xaed9f8cbb4ba69fd
109,com_splitter_bit_2,40,0,0,0,0,default_table,b,b,,,253,0xaed9f8cbb4ba69fd
109,com_splitter_bit_2,41,0,0,0,0,default_table,b,b,,,253,0xaed9f8cbb4ba69fd
109,com_splitter_bit_2,42,0,0,0,0,default_table,b,b,,,253,0xaed9f8cbb4ba69fd
109,com_splitter_bit_2,43,0,0,0,0,default_table,b,b,,,253,0xaed9f8cbb4ba69fd
109,com_splitter_bit_2,44,0,0,0,0,default_table,b,b,,,253,0xaed9f8cbb4ba69fd
109,com_splitter_bit_2,45,0,0,0,0,default_table,b,b,,,253,0xaed9f8cbb4ba69fd
109,com_splitter_bit_2,46,0,0,0,0,default_table,b,b,,,253,0xaed9f8cbb4ba69fd
109,com_splitter_bit_2,47,0,0,0,0,default_table,b,b,,,253,0xaed9f8cbb4ba69fd
109,com_splitter_bit_2,48,0,0,0,0,default_table,b,b,,,253,0xaed9f8cbb4ba69fd
109,com_splitter_bit_2,49,0,0,0,0,default_table,b,b,,,253,0xaed9f8cbb4ba69fd
109,com_splitter_bit_2,50,0,0,0,0,default_table,b,b,,,253,0xaed9f8cbb4ba69fd
109,com_splitter_bit_2,51,0,0,0,0,default_table,b,b,,,253,0xaed9f8cbb4ba69fd
109,com_splitter_bit_2,52,0,0,0,0,default_table,b,b,,,253,0xaed9f8cbb4ba69fd
109,com_splitter_bit_2,53,0,0,0,0,default_table,b,b,,,253,0xaed9f8cbb4ba69fd
109,com_splitter_bit_2,54,0,0,0,0,default_table,b,b,,,253,0xaed9f8cbb4ba69fd
109,com_splitter_bit_2,55,0,0,0,0,default_table,b,b,,,253,0xaed9f8cbb4ba69fd
109,com_splitter_bit_2,56,0,0,0,0,default_table,b,b,,,253,0xaed9f8cbb4ba69fd
109,com_splitter_bit_2,57,0,0,0,0,default_table,b,b,,,253,0xaed9f8cbb4ba69fd
109,com_splitter_bit_2,58,0,0,0,0,default_table,b,b,,,253,0xaed9f8cbb4ba69fd
109,com_splitter_bit_2,59,0,0,0,0,default_table,b,b,,,253,0xaed9f8cbb4ba69fd
109,com_splitter_bit_2,60,0,0,0,0,default_table,b,b,,,253,0xaed9f8cbb4ba69fd
109,com_splitter_bit_2,61,0,0,0,0,default_table,b,b,,,253,0xaed9f8cbb4ba69fd
109,com_splitter_bit_2,62,0,0,0,0,default_table,b,b,,,253,0xaed9f8cbb4ba69fd
109,com_splitter_bit_2,63,0,0,0,0,default_table,b,b,,,253,0xaed9f8cbb4ba69fd
109,com_splitter_bit_2,64,0,0,0,0,default_table,b,b,,,253,0xaed9f8cbb4ba69fd
110,com_splitter_bit_4,1,0,0,0,0,default_table,b,b,,,60,0x7480ecb599ef493c
110,com_splitter_bit_4,2,0,0,0,0,default_table,b,b,,,60,0x7480ecb599ef493c
110,com_splitter_bit_4,3,0,0,0,0,default_table,b,b,,,60,0x7480ecb599ef493c
110,com_splitter_bit_4,4,0,0,0,0,default_table,b,b,,,60,0x7480ecb599ef493c
110,com_splitter_bit_4,5,0,0,0,0,default_table,b,b,,,60,0x7480ecb599ef493c
110,com_splitter_bit_4,6,0,0,0,0,default_table,b,b,,,60,0x7480ecb599ef493c
110,com_splitter_bit_4,7,0,0,0,0,default_table,b,b,,,60,0x7480ecb599ef493c
110,com_splitter_bit_4,8,0,0,0,0,default_table,b,b,,,60,0x7480ecb599ef493c
110,com_splitter_bit_4,9,0,0,0,0,default_table,b,b,,,60,0x7480ecb599ef493c
110,com_splitter_bit_4,10,0,0,0,0,default_table,b,b,,,60,0x7480ecb599ef493c
110,com_splitter_bit_4,11,0,0,0,0,default_table,b,b,,,60,0x7480ecb599ef493c
110,com_splitter_bit_4,12,0,0,0,0,default_table,b,b,,,60,0x7480ecb599ef493c
110,com_splitter_bit_4,13,0,0,0,0,default_table,b,b,,,60,0x7480ecb599ef493c
110,com_splitter_bit_4,14,0,0,0,0,default_table,b,b,,,60,0x7480ecb599ef493c
110,com_splitter_bit_4,15,0,0,0,0,default_table,b,b,,,60,0x7480ecb599ef493c
110,com_splitter_bit_4,16,0,0,0,0,default_table,b,b,,,60,0x7480ecb599ef493c
110,com_splitter_bit_4,17,0,0,0,0,default_table,b,b,,,60,0x7480ecb599ef493c
110,com_splitter_bit_4,18,0,0,0,0,default_table,b,b,,,60,0x7480ecb599ef493c
110,com_splitter_bit_4,19,0,0,0,0,default_table,b,b,,,60,0x7480ecb599ef493c
110,com_splitter_bit_4,20,0,0,0,0,default_table,b,b,,,60,0x7480ecb599ef493c
110,com_splitter_bit_4,21,0,0,0,0,default_table,b,b,,,60,0x7480ecb599ef493c
110,com_splitter_bit_4,22,0,0,0,0,default_table,b,b,,,60,0x7480ecb599ef493c
110,com_splitter_bit_4,23,0,0,0,0,default_table,b,b,,,60,0x7480ecb599ef493c
110,com_splitter_bit_4,24,0,0,0,0,default_table,b,b,,,60,0x7480ecb599ef493c
110,com_splitter_bit_4,25,0,0,0,0,default_table,b,b,,,60,0x7480ecb599ef493c
110,com_splitter_bit_4,26,0,0,0,0,default_table,b,b,,,60,0x7480ecb599ef493c
110,com_splitter_bit_4,27,0,0,0,0,default_table,b,b,,,60,0x7480ecb599ef493c
110,com_splitter_bit_4,28,0,0,0,0,default_table,b,b,,,60,0x7480ecb599ef493c
110,com_splitter_bit_4,29,0,0,0,0,default_table,b,b,,,60,0x7480ecb599ef493c
110,com_splitter_bit_4,30,0,0,0,0,default_table,b,b,,,60,0x7480ecb599ef493c
110,com_splitter_bit_4,31,0,0,0,0,default_table,b,b,,,60,0x7480ecb599ef493c
110,com_splitter_bit_4,32,0,0,0,0,default_table,b,b,,,60,0x7480ecb599ef493c
110,com_splitter_bit_4,33,0,0,0,0,default_table,b,b,,,60,0x7480ecb599ef493c
110,com_splitter_bit_4,34,0,0,0,0,default_table,b,b,,,60,0x7480ecb599ef493c
110,com_splitter_bit_4,35,0,0,0,0,default_table,b,b,,,60,0x7480ecb599ef493c
110,com_splitter_bit_4,36,0,0,0,0,default_table,b,b,,,60,0x7480ecb599ef493c
110,com_splitter_bit_4,37,0,0,0,0,default_table,b,b,,,60,0x7480ecb599ef493c
110,com_splitter_bit_4,38,0,0,0,0,default_table,b,b,,,60,0x7480ecb599ef493c
110,com_splitter_bit_4,39,0,0,0,0,default_table,b,b,,,60,0x7480ecb599ef493c
110,com_splitter_bit_4,40,0,0,0,0,default_table,b,b,,,60,0x7480ecb599ef493c
110,com_splitter_bit_4,41,0,0,0,0,default_table,b,b,,,60,0x7480ecb599ef493c
110,com_splitter_bit_4,42,0,0,0,0,default_table,b,b,,,60,0x7480ecb599ef493c
110,com_splitter_bit_4,43,0,0,0,0,default_table,b,b,,,60,0x7480ecb599ef493c
110,com_splitter_bit_4,44,0,0,0,0,default_table,b,b,,,60,0x7480ecb599ef493c
110,com_splitter_bit_4,45,0,0,0,0,default_table,b,b,,,60,0x7480ecb599ef493c
110,com_splitter_bit_4,46,0,0,0,0,default_table,b,b,,,60,0x7480ecb599ef493c
110,com_splitter_bit_4,47,0,0,0,0,default_table,b,b,,,60,0x7480ecb599ef493c
110,com_splitter_bit_4,48,0,0,0,0,default_table,b,b,,,60,0x7480ecb599ef493c
110,com_splitter_bit_4,49,0,0,0,0,default_table,b,b,,,60,0x7480ecb599ef493c
110,com_splitter_bit_4,50,0,0,0,0,default_table,b,b,,,60,0x7480ecb599ef493c
110,com_splitter_bit_4,51,0,0,0,0,default_table,b,b,,,60,0x7480ecb599ef493c
110,com_splitter_bit_4,52,0,0,0,0,default_table,b,b,,,60,0x7480ecb599ef493c
110,com_splitter_bit_4,53,0,0,0,0,default_table,b,b,,,60,0x7480ecb599ef493c
110,com_splitter_bit_4,54,0,0,0,0,default_table,b,b,,,60,0x7480ecb599ef493c
110,com_splitter_bit_4,55,0,0,0,0,default_table,b,b,,,60,0x7480ecb599ef493c
110,com_splitter_bit_4,56,0,0,0,0,default_table,b,b,,,60,0x7480ecb599ef493c
110,com_splitter_bit_4,57,0,0,0,0,default_table,b,b,,,60,0x7480ecb599ef493c
110,com_splitter_bit_4,58,0,0,0,0,default_table,b,b,,,60,0x7480ecb599ef493c
110,com_splitter_bit_4,59,0,0,0,0,default_table,b,b,,,60,0x7480ecb599ef493c
110,com_splitter_bit_4,60,0,0,0,0,default_table,b,b,,,60,0x7480ecb599ef493c
110,com_splitter_bit_4,61,0,0,0,0,default_table,b,b,,,60,0x7480ecb599ef493c
110,com_splitter_bit_4,62,0,0,0,0,default_table,b,b,,,60,0x7480ecb599ef493c
110,com_splitter_bit_4,63,0,0,0,0,default_table,b,b,,,60,0x7480ecb599ef493c
110,com_splitter_bit_4,64,0,0,0,0,default_table,b,b,,,60,0x7480ecb599ef493c
111,com_maker_bit_2,1,0,0,0,0,default_table,b,b,,,143,0x73aee1d1d50d4f8f
111,com_maker_bit_2,2,0,0,0,0,default_table,b,b,,,143,0x73aee1d1d50d4f8f
111,com_maker_bit_2,3,0,0,0,0,default_table,b,b,,,143,0x73aee1d1d50d4f8f
111,com_maker_bit_2,4,0,0,0,0,default_table,b,b,,,143,0x73aee1d1d50d4f8f
111,com_maker_bit_2,5,0,0,0,0,default_table,b,b,,,143,0x73aee1d1d50d4f8f
111,com_maker_bit_2,6,0,0,0,0,default_table,b,b,,,143,0x73aee1d1d50d4f8f
111,com_maker_bit_2,7,0,0,0,0,default_table,b,b,,,143,0x73aee1d1d50d4f8f
111,com_maker_bit_2,8,0,0,0,0,default_table,b,b,,,143,0x73aee1d1d50d4f8f
111,com_maker_bit_2,9,0,0,0,0,default_table,b,b,,,143,0x73aee1d1d50d4f8f
111,com_maker_bit_2,10,0,0,0,0,default_table,b,b,,,143,0x73aee1d1d50d4f8f
111,com_maker_bit_2,11,0,0,0,0,default_table,b,b,,,143,0x73aee1d1d50d4f8f
111,com_maker_bit_2,12,0,0,0,0,default_table,b,b,,,143,0x73aee1d1d50d4f8f
111,com_maker_bit_2,13,0,0,0,0,default_table,b,b,,,143,0x73aee1d1d50d4f8f
111,com_maker_bit_2,14,0,0,0,0,default_table,b,b,,,143,0x73aee1d1d50d4f8f
111,com_maker_bit_2,15,0,0,0,0,default_table,b,b,,,143,0x73aee1d1d50d4f8f
111,com_maker_bit_2,16,0,0,0,0,default_table,b,b,,,143,0x73aee1d1d50d4f8f
111,com_maker_bit_2,17,0,0,0,0,default_table,b,b,,,143,0x73aee1d1d50d4f8f
111,com_maker_bit_2,18,0,0,0,0,default_table,b,b,,,143,0x73aee1d1d50d4f8f
111,com_maker_bit_2,19,0,0,0,0,default_table,b,b,,,143,0x73aee1d1d50d4f8f
111,com_maker_bit_2,20,0,0,0,0,default_table,b,b,,,143,0x73aee1d1d50d4f8f
111,com_maker_bit_2,21,0,0,0,0,default_table,b,b,,,143,0x73aee1d1d50d4f8f
111,com_maker_bit_2,22,0,0,0,0,default_table,b,b,,,143,0x73aee1d1d50d4f8f
111,com_maker_bit_2,23,0,0,0,0,default_table,b,b,,,143,0x73aee1d1d50d4f8f
111,com_maker_bit_2,24,0,0,0,0,default_table,b,b,,,143,0x73aee1d1d50d4f8f
111,com_maker_bit_2,25,0,0,0,0,default_table,b,b,,,143,0x73aee1d1d50d4f8f
111,com_maker_bit_2,26,0,0,0,0,default_table,b,b,,,143,0x73aee1d1d50d4f8f
111,com_maker_bit_2,27,0,0,0,0,default_table,b,b,,,143,0x73aee1d1d50d4f8f
111,com_maker_bit_2,28,0,0,0,0,default_table,b,b,,,143,0x73aee1d1d50d4f8f
111,com_maker_bit_2,29,0,0,0,0,default_table,b,b,,,143,0x73aee1d1d50d4f8f
111,com_maker_bit_2,30,0,0,0,0,default_table,b,b,,,143,0x73aee1d1d50d4f8f
111,com_maker_bit_2,31,0,0,0,0,default_table,b,b,,,143,0x73aee1d1d50d4f8f
111,com_maker_bit_2,32,0,0,0,0,default_table,b,b,,,143,0x73aee1d1d50d4f8f
111,com_maker_bit_2,33,0,0,0,0,default_table,b,b,,,143,0x73aee1d1d50d4f8f
111,com_maker_bit_2,34,0,0,0,0,default_table,b,b,,,143,0x73aee1d1d50d4f8f
111,com_maker_bit_2,35,0,0,0,0,default_table,b,b,,,143,0x73aee1d1d50d4f8f
111,com_maker_bit_2,36,0,0,0,0,default_table,b,b,,,143,0x73aee1d1d50d4f8f
111,com_maker_bit_2,37,0,0,0,0,default_table,b,b,,,143,0x73aee1d1d50d4f8f
111,com_maker_bit_2,38,0,0,0,0,default_table,b,b,,,143,0x73aee1d1d50d4f8f
111,com_maker_bit_2,39,0,0,0,0,default_table,b,b,,,143,0x73aee1d1d50d4f8f
111,com_maker_bit_2,40,0,0,0,0,default_table,b,b,,,143,0x73aee1d1d50d4f8f
111,com_maker_bit_2,41,0,0,0,0,default_table,b,b,,,143,0x73aee1d1d50d4f8f
111,com_maker_bit_2,42,0,0,0,0,default_table,b,b,,,143,0x73aee1d1d50d4f8f
111,com_maker_bit_2,43,0,0,0,0,default_table,b,b,,,143,0x73aee1d1d50d4f8f
111,com_maker_bit_2,44,0,0,0,0,default_table,b,b,,,143,0x73aee1d1d50d4f8f
111,com_maker_bit_2,45,0,0,0,0,default_table,b,b,,,143,0x73aee1d1d50d4f8f
111,com_maker_bit_2,46,0,0,0,0,default_table,b,b,,,143,0x73aee1d1d50d4f8f
111,com_maker_bit_2,47,0,0,0,0,default_table,b,b,,,143,0x73aee1d1d50d4f8f
111,com_maker_bit_2,48,0,0,0,0,default_table,b,b,,,143,0x73aee1d1d50d4f8f
111,com_maker_bit_2,49,0,0,0,0,default_table,b,b,,,143,0x73aee1d1d50d4f8f
111,com_maker_bit_2,50,0,0,0,0,default_table,b,b,,,143,0x73aee1d1d50d4f8f
111,com_maker_bit_2,51,0,0,0,0,default_table,b,b,,,143,0x73aee1d1d50d4f8f
111,com_maker_bit_2,52,0,0,0,0,default_table,b,b,,,143,0x73aee1d1d50d4f8f
111,com_maker_bit_2,53,0,0,0,0,default_table,b,b,,,143,0x73aee1d1d50d4f8f
111,com_maker_bit_2,54,0,0,0,0,default_table,b,b,,,143,0x73aee1d1d50d4f8f
111,com_maker_bit_2,55,0,0,0,0,default_table,b,b,,,143,0x73aee1d1d50d4f8f
111,com_maker_bit_2,56,0,0,0,0,default_table,b,b,,,143,0x73aee1d1d50d4f8f
111,com_maker_bit_2,57,0,0,0,0,default_table,b,b,,,143,0x73aee1d1d50d4f8f
111,com_maker_bit_2,58,0,0,0,0,default_table,b,b,,,143,0x73aee1d1d50d4f8f
111,com_maker_bit_2,59,0,0,0,0,default_table,b,b,,,143,0x73aee1d1d50d4f8f
111,com_maker_bit_2,60,0,0,0,0,default_table,b,b,,,143,0x73aee1d1d50d4f8f
111,com_maker_bit_2,61,0,0,0,0,default_table,b,b,,,143,0x73aee1d1d50d4f8f
111,com_maker_bit_2,62,0,0,0,0,default_table,b,b,,,143,0x73aee1d1d50d4f8f
111,com_maker_bit_2,63,0,0,0,0,default_table,b,b,,,143,0x73aee1d1d50d4f8f
111,com_maker_bit_2,64,0,0,0,0,default_table,b,b,,,143,0x73aee1d1d50d4f8f
112,com_maker_bit_4,1,0,0,0,0,default_table,b,b,,,175,0x13dc69d9bad690af
112,com_maker_bit_4,2,0,0,0,0,default_table,b,b,,,175,0x13dc69d9bad690af
112,com_maker_bit_4,3,0,0,0,0,default_table,b,b,,,175,0x13dc69d9bad690af
112,com_maker_bit_4,4,0,0,0,0,default_table,b,b,,,175,0x13dc69d9bad690af
112,com_maker_bit_4,5,0,0,0,0,default_table,b,b,,,175,0x13dc69d9bad690af
112,com_maker_bit_4,6,0,0,0,0,default_table,b,b,,,175,0x13dc69d9bad690af
112,com_maker_bit_4,7,0,0,0,0,default_table,b,b,,,175,0x13dc69d9bad690af
112,com_maker_bit_4,8,0,0,0,0,default_table,b,b,,,175,0x13dc69d9bad690af
112,com_maker_bit_4,9,0,0,0,0,default_table,b,b,,,175,0x13dc69d9bad690af
112,com_maker_bit_4,10,0,0,0,0,default_table,b,b,,,175,0x13dc69d9bad690af
112,com_maker_bit_4,11,0,0,0,0,default_table,b,b,,,175,0x13dc69d9bad690af
112,com_maker_bit_4,12,0,0,0,0,default_table,b,b,,,175,0x13dc69d9bad690af
112,com_maker_bit_4,13,0,0,0,0,default_table,b,b,,,175,0x13dc69d9bad690af
112,com_maker_bit_4,14,0,0,0,0,default_table,b,b,,,175,0x13dc69d9bad690af
112,com_maker_bit_4,15,0,0,0,0,default_table,b,b,,,175,0x13dc69d9bad690af
112,com_maker_bit_4,16,0,0,0,0,default_table,b,b,,,175,0x13dc69d9bad690af
112,com_maker_bit_4,17,0,0,0,0,default_table,b,b,,,175,0x13dc69d9bad690af
112,com_maker_bit_4,18,0,0,0,0,default_table,b,b,,,175,0x13dc69d9bad690af
112,com_maker_bit_4,19,0,0,0,0,default_table,b,b,,,175,0x13dc69d9bad690af
112,com_maker_bit_4,20,0,0,0,0,default_table,b,b,,,175,0x13dc69d9bad690af
112,com_maker_bit_4,21,0,0,0,0,default_table,b,b,,,175,0x13dc69d9bad690af
112,com_maker_bit_4,22,0,0,0,0,default_table,b,b,,,175,0x13dc69d9bad690af
112,com_maker_bit_4,23,0,0,0,0,default_table,b,b,,,175,0x13dc69d9bad690af
112,com_maker_bit_4,24,0,0,0,0,default_table,b,b,,,175,0x13dc69d9bad690af
112,com_maker_bit_4,25,0,0,0,0,default_table,b,b,,,175,0x13dc69d9bad690af
112,com_maker_bit_4,26,0,0,0,0,default_table,b,b,,,175,0x13dc69d9bad690af
112,com_maker_bit_4,27,0,0,0,0,default_table,b,b,,,175,0x13dc69d9bad690af
112,com_maker_bit_4,28,0,0,0,0,default_table,b,b,,,175,0x13dc69d9bad690af
112,com_maker_bit_4,29,0,0,0,0,default_table,b,b,,,175,0x13dc69d9bad690af
112,com_maker_bit_4,30,0,0,0,0,default_table,b,b,,,175,0x13dc69d9bad690af
112,com_maker_bit_4,31,0,0,0,0,default_table,b,b,,,175,0x13dc69d9bad690af
112,com_maker_bit_4,32,0,0,0,0,default_table,b,b,,,175,0x13dc69d9bad690af
112,com_maker_bit_4,33,0,0,0,0,default_table,b,b,,,175,0x13dc69d9bad690af
112,com_maker_bit_4,34,0,0,0,0,default_table,b,b,,,175,0x13dc69d9bad690af
112,com_maker_bit_4,35,0,0,0,0,default_table,b,b,,,175,0x13dc69d9bad690af
112,com_maker_bit_4,36,0,0,0,0,default_table,b,b,,,175,0x13dc69d9bad690af
112,com_maker_bit_4,37,0,0,0,0,default_table,b,b,,,175,0x13dc69d9bad690af
112,com_maker_bit_4,38,0,0,0,0,default_table,b,b,,,175,0x13dc69d9bad690af
112,com_maker_bit_4,39,0,0,0,0,default_table,b,b,,,175,0x13dc69d9bad690af
112,com_maker_bit_4,40,0,0,0,0,default_table,b,b,,,175,0x13dc69d9bad690af
112,com_maker_bit_4,41,0,0,0,0,default_table,b,b,,,175,0x13dc69d9bad690af
112,com_maker_bit_4,42,0,0,0,0,default_table,b,b,,,175,0x13dc69d9bad690af
112,com_maker_bit_4,43,0,0,0,0,default_table,b,b,,,175,0x13dc69d9bad690af
112,com_maker_bit_4,44,0,0,0,0,default_table,b,b,,,175,0x13dc69d9bad690af
112,com_maker_bit_4,45,0,0,0,0,default_table,b,b,,,175,0x13dc69d9bad690af
112,com_maker_bit_4,46,0,0,0,0,default_table,b,b,,,175,0x13dc69d9bad690af
112,com_maker_bit_4,47,0,0,0,0,default_table,b,b,,,175,0x13dc69d9bad690af
112,com_maker_bit_4,48,0,0,0,0,default_table,b,b,,,175,0x13dc69d9bad690af
112,com_maker_bit_4,49,0,0,0,0,default_table,b,b,,,175,0x13dc69d9bad690af
112,com_maker_bit_4,50,0,0,0,0,default_table,b,b,,,175,0x13dc69d9bad690af
112,com_maker_bit_4,51,0,0,0,0,default_table,b,b,,,175,0x13dc69d9bad690af
112,com_maker_bit_4,52,0,0,0,0,default_table,b,b,,,175,0x13dc69d9bad690af
112,com_maker_bit_4,53,0,0,0,0,default_table,b,b,,,175,0x13dc69d9bad690af
112,com_maker_bit_4,54,0,0,0,0,default_table,b,b,,,175,0x13dc69d9bad690af
112,com_maker_bit_4,55,0,0,0,0,default_table,b,b,,,175,0x13dc69d9bad690af
112,com_maker_bit_4,56,0,0,0,0,default_table,b,b,,,175,0x13dc69d9bad690af
112,com_maker_bit_4,57,0,0,0,0,default_table,b,b,,,175,0x13dc69d9bad690af
112,com_maker_bit_4,58,0,0,0,0,default_table,b,b,,,175,0x13dc69d9bad690af
112,com_maker_bit_4,59,0,0,0,0,default_table,b,b,,,175,0x13dc69d9bad690af
112,com_maker_bit_4,60,0,0,0,0,default_table,b,b,,,175,0x13dc69d9bad690af
112,com_maker_bit_4,61,0,0,0,0,default_table,b,b,,,175,0x13dc69d9bad690af
112,com_maker_bit_4,62,0,0,0,0,default_table,b,b,,,175,0x13dc69d9bad690af
112,com_maker_bit_4,63,0,0,0,0,default_table,b,b,,,175,0x13dc69d9bad690af
112,com_maker_bit_4,64,0,0,0,0,default_table,b,b,,,175,0x13dc69d9bad690af
113,com_deleted_10,1,0,0,0,0,default_table,b,b,,,188,0x11d23740a5a1d7bc
113,com_deleted_10,2,0,0,0,0,default_table,b,b,,,188,0x11d23740a5a1d7bc
113,com_deleted_10,3,0,0,0,0,default_table,b,b,,,188,0x11d23740a5a1d7bc
113,com_deleted_10,4,0,0,0,0,default_table,b,b,,,188,0x11d23740a5a1d7bc
113,com_deleted_10,5,0,0,0,0,default_table,b,b,,,188,0x11d23740a5a1d7bc
113,com_deleted_10,6,0,0,0,0,default_table,b,b,,,188,0x11d23740a5a1d7bc
113,com_deleted_10,7,0,0,0,0,default_table,b,b,,,188,0x11d23740a5a1d7bc
113,com_deleted_10,8,0,0,0,0,default_table,b,b,,,188,0x11d23740a5a1d7bc
113,com_deleted_10,9,0,0,0,0,default_table,b,b,,,188,0x11d23740a5a1d7bc
113,com_deleted_10,10,0,0,0,0,default_table,b,b,,,188,0x11d23740a5a1d7bc
113,com_deleted_10,11,0,0,0,0,default_table,b,b,,,188,0x11d23740a5a1d7bc
113,com_deleted_10,12,0,0,0,0,default_table,b,b,,,188,0x11d23740a5a1d7bc
113,com_deleted_10,13,0,0,0,0,default_table,b,b,,,188,0x11d23740a5a1d7bc
113,com_deleted_10,14,0,0,0,0,default_table,b,b,,,188,0x11d23740a5a1d7bc
113,com_deleted_10,15,0,0,0,0,default_table,b,b,,,188,0x11d23740a5a1d7bc
113,com_deleted_10,16,0,0,0,0,default_table,b,b,,,188,0x11d23740a5a1d7bc
113,com_deleted_10,17,0,0,0,0,default_table,b,b,,,188,0x11d23740a5a1d7bc
113,com_deleted_10,18,0,0,0,0,default_table,b,b,,,188,0x11d23740a5a1d7bc
113,com_deleted_10,19,0,0,0,0,default_table,b,b,,,188,0x11d23740a5a1d7bc
113,com_deleted_10,20,0,0,0,0,default_table,b,b,,,188,0x11d23740a5a1d7bc
113,com_deleted_10,21,0,0,0,0,default_table,b,b,,,188,0x11d23740a5a1d7bc
113,com_deleted_10,22,0,0,0,0,default_table,b,b,,,188,0x11d23740a5a1d7bc
113,com_deleted_10,23,0,0,0,0,default_table,b,b,,,188,0x11d23740a5a1d7bc
113,com_deleted_10,24,0,0,0,0,default_table,b,b,,,188,0x11d23740a5a1d7bc
113,com_deleted_10,25,0,0,0,0,default_table,b,b,,,188,0x11d23740a5a1d7bc
113,com_deleted_10,26,0,0,0,0,default_table,b,b,,,188,0x11d23740a5a1d7bc
113,com_deleted_10,27,0,0,0,0,default_table,b,b,,,188,0x11d23740a5a1d7bc
113,com_deleted_10,28,0,0,0,0,default_table,b,b,,,188,0x11d23740a5a1d7bc
113,com_deleted_10,29,0,0,0,0,default_table,b,b,,,188,0x11d23740a5a1d7bc
113,com_deleted_10,30,0,0,0,0,default_table,b,b,,,188,0x11d23740a5a1d7bc
113,com_deleted_10,31,0,0,0,0,default_table,b,b,,,188,0x11d23740a5a1d7bc
113,com_deleted_10,32,0,0,0,0,default_table,b,b,,,188,0x11d23740a5a1d7bc
113,com_deleted_10,33,0,0,0,0,default_table,b,b,,,188,0x11d23740a5a1d7bc
113,com_deleted_10,34,0,0,0,0,default_table,b,b,,,188,0x11d23740a5a1d7bc
113,com_deleted_10,35,0,0,0,0,default_table,b,b,,,188,0x11d23740a5a1d7bc
113,com_deleted_10,36,0,0,0,0,default_table,b,b,,,188,0x11d23740a5a1d7bc
113,com_deleted_10,37,0,0,0,0,default_table,b,b,,,188,0x11d23740a5a1d7bc
113,com_deleted_10,38,0,0,0,0,default_table,b,b,,,188,0x11d23740a5a1d7bc
113,com_deleted_10,39,0,0,0,0,default_table,b,b,,,188,0x11d23740a5a1d7bc
113,com_deleted_10,40,0,0,0,0,default_table,b,b,,,188,0x11d23740a5a1d7bc
113,com_deleted_10,41,0,0,0,0,default_table,b,b,,,188,0x11d23740a5a1d7bc
113,com_deleted_10,42,0,0,0,0,default_table,b,b,,,188,0x11d23740a5a1d7bc
113,com_deleted_10,43,0,0,0,0,default_table,b,b,,,188,0x11d23740a5a1d7bc
113,com_deleted_10,44,0,0,0,0,default_table,b,b,,,188,0x11d23740a5a1d7bc
113,com_deleted_10,45,0,0,0,0,default_table,b,b,,,188,0x11d23740a5a1d7bc
113,com_deleted_10,46,0,0,0,0,default_table,b,b,,,188,0x11d23740a5a1d7bc
113,com_deleted_10,47,0,0,0,0,default_table,b,b,,,188,0x11d23740a5a1d7bc
113,com_deleted_10,48,0,0,0,0,default_table,b,b,,,188,0x11d23740a5a1d7bc
113,com_deleted_10,49,0,0,0,0,default_table,b,b,,,188,0x11d23740a5a1d7bc
113,com_deleted_10,50,0,0,0,0,default_table,b,b,,,188,0x11d23740a5a1d7bc
113,com_deleted_10,51,0,0,0,0,default_table,b,b,,,188,0x11d23740a5a1d7bc
113,com_deleted_10,52,0,0,0,0,default_table,b,b,,,188,0x11d23740a5a1d7bc
113,com_deleted_10,53,0,0,0,0,default_table,b,b,,,188,0x11d23740a5a1d7bc
113,com_deleted_10,54,0,0,0,0,default_table,b,b,,,188,0x11d23740a5a1d7bc
113,com_deleted_10,55,0,0,0,0,default_table,b,b,,,188,0x11d23740a5a1d7bc
113,com_deleted_10,56,0,0,0,0,default_table,b,b,,,188,0x11d23740a5a1d7bc
113,com_deleted_10,57,0,0,0,0,default_table,b,b,,,188,0x11d23740a5a1d7bc
113,com_deleted_10,58,0,0,0,0,default_table,b,b,,,188,0x11d23740a5a1d7bc
113,com_deleted_10,59,0,0,0,0,default_table,b,b,,,188,0x11d23740a5a1d7bc
113,com_deleted_10,60,0,0,0,0,default_table,b,b,,,188,0x11d23740a5a1d7bc
113,com_deleted_10,61,0,0,0,0,default_table,b,b,,,188,0x11d23740a5a1d7bc
113,com_deleted_10,62,0,0,0,0,default_table,b,b,,,188,0x11d23740a5a1d7bc
113,com_deleted_10,63,0,0,0,0,default_table,b,b,,,188,0x11d23740a5a1d7bc
113,com_deleted_10,64,0,0,0,0,default_table,b,b,,,188,0x11d23740a5a1d7bc
114,com_concatenator_2,1,0,0,0,0,default_table,b,b,,,153,0x406abdf405b99599
114,com_concatenator_2,2,0,0,0,0,default_table,b,b,,,153,0x406abdf405b99599
114,com_concatenator_2,3,0,0,0,0,default_table,b,b,,,153,0x406abdf405b99599
114,com_concatenator_2,4,0,0,0,0,default_table,b,b,,,153,0x406abdf405b99599
114,com_concatenator_2,5,0,0,0,0,default_table,b,b,,,153,0x406abdf405b99599
114,com_concatenator_2,6,0,0,0,0,default_table,b,b,,,153,0x406abdf405b99599
114,com_concatenator_2,7,0,0,0,0,default_table,b,b,,,153,0x406abdf405b99599
114,com_concatenator_2,8,0,0,0,0,default_table,b,b,,,153,0x406abdf405b99599
114,com_concatenator_2,9,0,0,0,0,default_table,b,b,,,153,0x406abdf405b99599
114,com_concatenator_2,10,0,0,0,0,default_table,b,b,,,153,0x406abdf405b99599
114,com_concatenator_2,11,0,0,0,0,default_table,b,b,,,153,0x406abdf405b99599
114,com_concatenator_2,12,0,0,0,0,default_table,b,b,,,153,0x406abdf405b99599
114,com_concatenator_2,13,0,0,0,0,default_table,b,b,,,153,0x406abdf405b99599
114,com_concatenator_2,14,0,0,0,0,default_table,b,b,,,153,0x406abdf405b99599
114,com_concatenator_2,15,0,0,0,0,default_table,b,b,,,153,0x406abdf405b99599
114,com_concatenator_2,16,0,0,0,0,default_table,b,b,,,153,0x406abdf405b99599
114,com_concatenator_2,17,0,0,0,0,default_table,b,b,,,153,0x406abdf405b99599
114,com_concatenator_2,18,0,0,0,0,default_table,b,b,,,153,0x406abdf405b99599
114,com_concatenator_2,19,0,0,0,0,default_table,b,b,,,153,0x406abdf405b99599
114,com_concatenator_2,20,0,0,0,0,default_table,b,b,,,153,0x406abdf405b99599
114,com_concatenator_2,21,0,0,0,0,default_table,b,b,,,153,0x406abdf405b99599
114,com_concatenator_2,22,0,0,0,0,default_table,b,b,,,153,0x406abdf405b99599
114,com_concatenator_2,23,0,0,0,0,default_table,b,b,,,153,0x406abdf405b99599
114,com_concatenator_2,24,0,0,0,0,default_table,b,b,,,153,0x406abdf405b99599
114,com_concatenator_2,25,0,0,0,0,default_table,b,b,,,153,0x406abdf405b99599
114,com_concatenator_2,26,0,0,0,0,default_table,b,b,,,153,0x406abdf405b99599
114,com_concatenator_2,27,0,0,0,0,default_table,b,b,,,153,0x406abdf405b99599
114,com_concatenator_2,28,0,0,0,0,default_table,b,b,,,153,0x406abdf405b99599
114,com_concatenator_2,29,0,0,0,0,default_table,b,b,,,153,0x406abdf405b99599
114,com_concatenator_2,30,0,0,0,0,default_table,b,b,,,153,0x406abdf405b99599
114,com_concatenator_2,31,0,0,0,0,default_table,b,b,,,153,0x406abdf405b99599
114,com_concatenator_2,32,0,0,0,0,default_table,b,b,,,153,0x406abdf405b99599
114,com_concatenator_2,33,0,0,0,0,default_table,b,b,,,153,0x406abdf405b99599
114,com_concatenator_2,34,0,0,0,0,default_table,b,b,,,153,0x406abdf405b99599
114,com_concatenator_2,35,0,0,0,0,default_table,b,b,,,153,0x406abdf405b99599
114,com_concatenator_2,36,0,0,0,0,default_table,b,b,,,153,0x406abdf405b99599
114,com_concatenator_2,37,0,0,0,0,default_table,b,b,,,153,0x406abdf405b99599
114,com_concatenator_2,38,0,0,0,0,default_table,b,b,,,153,0x406abdf405b99599
114,com_concatenator_2,39,0,0,0,0,default_table,b,b,,,153,0x406abdf405b99599
114,com_concatenator_2,40,0,0,0,0,default_table,b,b,,,153,0x406abdf405b99599
114,com_concatenator_2,41,0,0,0,0,default_table,b,b,,,153,0x406abdf405b99599
114,com_concatenator_2,42,0,0,0,0,default_table,b,b,,,153,0x406abdf405b99599
114,com_concatenator_2,43,0,0,0,0,default_table,b,b,,,153,0x406abdf405b99599
114,com_concatenator_2,44,0,0,0,0,default_table,b,b,,,153,0x406abdf405b99599
114,com_concatenator_2,45,0,0,0,0,default_table,b,b,,,153,0x406abdf405b99599
114,com_concatenator_2,46,0,0,0,0,default_table,b,b,,,153,0x406abdf405b99599
114,com_concatenator_2,47,0,0,0,0,default_table,b,b,,,153,0x406abdf405b99599
114,com_concatenator_2,48,0,0,0,0,default_table,b,b,,,153,0x406abdf405b99599
114,com_concatenator_2,49,0,0,0,0,default_table,b,b,,,153,0x406abdf405b99599
114,com_concatenator_2,50,0,0,0,0,default_table,b,b,,,153,0x406abdf405b99599
114,com_concatenator_2,51,0,0,0,0,default_table,b,b,,,153,0x406abdf405b99599
114,com_concatenator_2,52,0,0,0,0,default_table,b,b,,,153,0x406abdf405b99599
114,com_concatenator_2,53,0,0,0,0,default_table,b,b,,,153,0x406abdf405b99599
114,com_concatenator_2,54,0,0,0,0,default_table,b,b,,,153,0x406abdf405b99599
114,com_concatenator_2,55,0,0,0,0,default_table,b,b,,,153,0x406abdf405b99599
114,com_concatenator_2,56,0,0,0,0,default_table,b,b,,,153,0x406abdf405b99599
114,com_concatenator_2,57,0,0,0,0,default_table,b,b,,,153,0x406abdf405b99599
114,com_concatenator_2,58,0,0,0,0,default_table,b,b,,,153,0x406abdf405b99599
114,com_concatenator_2,59,0,0,0,0,default_table,b,b,,,153,0x406abdf405b99599
114,com_concatenator_2,60,0,0,0,0,default_table,b,b,,,153,0x406abdf405b99599
114,com_concatenator_2,61,0,0,0,0,default_table,b,b,,,153,0x406abdf405b99599
114,com_concatenator_2,62,0,0,0,0,default_table,b,b,,,153,0x406abdf405b99599
114,com_concatenator_2,63,0,0,0,0,default_table,b,b,,,153,0x406abdf405b99599
114,com_concatenator_2,64,0,0,0,0,default_table,b,b,,,153,0x406abdf405b99599
115,com_concatenator_4,1,0,0,0,0,default_table,b,b,,,157,0x916038f644ac579c
115,com_concatenator_4,2,0,0,0,0,default_table,b,b,,,157,0x916038f644ac579c
115,com_concatenator_4,3,0,0,0,0,default_table,b,b,,,157,0x916038f644ac579c
115,com_concatenator_4,4,0,0,0,0,default_table,b,b,,,157,0x916038f644ac579c
115,com_concatenator_4,5,0,0,0,0,default_table,b,b,,,157,0x916038f644ac579c
115,com_concatenator_4,6,0,0,0,0,default_table,b,b,,,157,0x916038f644ac579c
115,com_concatenator_4,7,0,0,0,0,default_table,b,b,,,157,0x916038f644ac579c
115,com_concatenator_4,8,0,0,0,0,default_table,b,b,,,157,0x916038f644ac579c
115,com_concatenator_4,9,0,0,0,0,default_table,b,b,,,157,0x916038f644ac579c
115,com_concatenator_4,10,0,0,0,0,default_table,b,b,,,157,0x916038f644ac579c
115,com_concatenator_4,11,0,0,0,0,default_table,b,b,,,157,0x916038f644ac579c
115,com_concatenator_4,12,0,0,0,0,default_table,b,b,,,157,0x916038f644ac579c
115,com_concatenator_4,13,0,0,0,0,default_table,b,b,,,157,0x916038f644ac579c
115,com_concatenator_4,14,0,0,0,0,default_table,b,b,,,157,0x916038f644ac579c
115,com_concatenator_4,15,0,0,0,0,default_table,b,b,,,157,0x916038f644ac579c
115,com_concatenator_4,16,0,0,0,0,default_table,b,b,,,157,0x916038f644ac579c
115,com_concatenator_4,17,0,0,0,0,default_table,b,b,,,157,0x916038f644ac579c
115,com_concatenator_4,18,0,0,0,0,default_table,b,b,,,157,0x916038f644ac579c
115,com_concatenator_4,19,0,0,0,0,default_table,b,b,,,157,0x916038f644ac579c
115,com_concatenator_4,20,0,0,0,0,default_table,b,b,,,157,0x916038f644ac579c
115,com_concatenator_4,21,0,0,0,0,default_table,b,b,,,157,0x916038f644ac579c
115,com_concatenator_4,22,0,0,0,0,default_table,b,b,,,157,0x916038f644ac579c
115,com_concatenator_4,23,0,0,0,0,default_table,b,b,,,157,0x916038f644ac579c
115,com_concatenator_4,24,0,0,0,0,default_table,b,b,,,157,0x916038f644ac579c
115,com_concatenator_4,25,0,0,0,0,default_table,b,b,,,157,0x916038f644ac579c
115,com_concatenator_4,26,0,0,0,0,default_table,b,b,,,157,0x916038f644ac579c
115,com_concatenator_4,27,0,0,0,0,default_table,b,b,,,157,0x916038f644ac579c
115,com_concatenator_4,28,0,0,0,0,default_table,b,b,,,157,0x916038f644ac579c
115,com_concatenator_4,29,0,0,0,0,default_table,b,b,,,157,0x916038f644ac579c
115,com_concatenator_4,30,0,0,0,0,default_table,b,b,,,157,0x916038f644ac579c
115,com_concatenator_4,31,0,0,0,0,default_table,b,b,,,157,0x916038f644ac579c
115,com_concatenator_4,32,0,0,0,0,default_table,b,b,,,157,0x916038f644ac579c
115,com_concatenator_4,33,0,0,0,0,default_table,b,b,,,157,0x916038f644ac579c
115,com_concatenator_4,34,0,0,0,0,default_table,b,b,,,157,0x916038f644ac579c
115,com_concatenator_4,35,0,0,0,0,default_table,b,b,,,157,0x916038f644ac579c
115,com_concatenator_4,36,0,0,0,0,default_table,b,b,,,157,0x916038f644ac579c
115,com_concatenator_4,37,0,0,0,0,default_table,b,b,,,157,0x916038f644ac579c
115,com_concatenator_4,38,0,0,0,0,default_table,b,b,,,157,0x916038f644ac579c
115,com_concatenator_4,39,0,0,0,0,default_table,b,b,,,157,0x916038f644ac579c
115,com_concatenator_4,40,0,0,0,0,default_table,b,b,,,157,0x916038f644ac579c
115,com_concatenator_4,41,0,0,0,0,default_table,b,b,,,157,0x916038f644ac579c
115,com_concatenator_4,42,0,0,0,0,default_table,b,b,,,157,0x916038f644ac579c
115,com_concatenator_4,43,0,0,0,0,default_table,b,b,,,157,0x916038f644ac579c
115,com_concatenator_4,44,0,0,0,0,default_table,b,b,,,157,0x916038f644ac579c
115,com_concatenator_4,45,0,0,0,0,default_table,b,b,,,157,0x916038f644ac579c
115,com_concatenator_4,46,0,0,0,0,default_table,b,b,,,157,0x916038f644ac579c
115,com_concatenator_4,47,0,0,0,0,default_table,b,b,,,157,0x916038f644ac579c
115,com_concatenator_4,48,0,0,0,0,default_table,b,b,,,157,0x916038f644ac579c
115,com_concatenator_4,49,0,0,0,0,default_table,b,b,,,157,0x916038f644ac579c
115,com_concatenator_4,50,0,0,0,0,default_table,b,b,,,157,0x916038f644ac579c
115,com_concatenator_4,51,0,0,0,0,default_table,b,b,,,157,0x916038f644ac579c
115,com_concatenator_4,52,0,0,0,0,default_table,b,b,,,157,0x916038f644ac579c
115,com_concatenator_4,53,0,0,0,0,default_table,b,b,,,157,0x916038f644ac579c
115,com_concatenator_4,54,0,0,0,0,default_table,b,b,,,157,0x916038f644ac579c
115,com_concatenator_4,55,0,0,0,0,default_table,b,b,,,157,0x916038f644ac579c
115,com_concatenator_4,56,0,0,0,0,default_table,b,b,,,157,0x916038f644ac579c
115,com_concatenator_4,57,0,0,0,0,default_table,b,b,,,157,0x916038f644ac579c
115,com_concatenator_4,58,0,0,0,0,default_table,b,b,,,157,0x916038f644ac579c
115,com_concatenator_4,59,0,0,0,0,default_table,b,b,,,157,0x916038f644ac579c
115,com_concatenator_4,60,0,0,0,0,default_table,b,b,,,157,0x916038f644ac579c
115,com_concatenator_4,61,0,0,0,0,default_table,b,b,,,157,0x916038f644ac579c
115,com_concatenator_4,62,0,0,0,0,default_table,b,b,,,157,0x916038f644ac579c
115,com_concatenator_4,63,0,0,0,0,default_table,b,b,,,157,0x916038f644ac579c
115,com_concatenator_4,64,0,0,0,0,default_table,b,b,,,157,0x916038f644ac579c
116,com_concatenator_8,1,0,0,0,0,default_table,b,b,,,47,0xbea6f287adafaa2f
116,com_concatenator_8,2,0,0,0,0,default_table,b,b,,,47,0xbea6f287adafaa2f
116,com_concatenator_8,3,0,0,0,0,default_table,b,b,,,47,0xbea6f287adafaa2f
116,com_concatenator_8,4,0,0,0,0,default_table,b,b,,,47,0xbea6f287adafaa2f
116,com_concatenator_8,5,0,0,0,0,default_table,b,b,,,47,0xbea6f287adafaa2f
116,com_concatenator_8,6,0,0,0,0,default_table,b,b,,,47,0xbea6f287adafaa2f
116,com_concatenator_8,7,0,0,0,0,default_table,b,b,,,47,0xbea6f287adafaa2f
116,com_concatenator_8,8,0,0,0,0,default_table,b,b,,,47,0xbea6f287adafaa2f
116,com_concatenator_8,9,0,0,0,0,default_table,b,b,,,47,0xbea6f287adafaa2f
116,com_concatenator_8,10,0,0,0,0,default_table,b,b,,,47,0xbea6f287adafaa2f
116,com_concatenator_8,11,0,0,0,0,default_table,b,b,,,47,0xbea6f287adafaa2f
116,com_concatenator_8,12,0,0,0,0,default_table,b,b,,,47,0xbea6f287adafaa2f
116,com_concatenator_8,13,0,0,0,0,default_table,b,b,,,47,0xbea6f287adafaa2f
116,com_concatenator_8,14,0,0,0,0,default_table,b,b,,,47,0xbea6f287adafaa2f
116,com_concatenator_8,15,0,0,0,0,default_table,b,b,,,47,0xbea6f287adafaa2f
116,com_concatenator_8,16,0,0,0,0,default_table,b,b,,,47,0xbea6f287adafaa2f
116,com_concatenator_8,17,0,0,0,0,default_table,b,b,,,47,0xbea6f287adafaa2f
116,com_concatenator_8,18,0,0,0,0,default_table,b,b,,,47,0xbea6f287adafaa2f
116,com_concatenator_8,19,0,0,0,0,default_table,b,b,,,47,0xbea6f287adafaa2f
116,com_concatenator_8,20,0,0,0,0,default_table,b,b,,,47,0xbea6f287adafaa2f
116,com_concatenator_8,21,0,0,0,0,default_table,b,b,,,47,0xbea6f287adafaa2f
116,com_concatenator_8,22,0,0,0,0,default_table,b,b,,,47,0xbea6f287adafaa2f
116,com_concatenator_8,23,0,0,0,0,default_table,b,b,,,47,0xbea6f287adafaa2f
116,com_concatenator_8,24,0,0,0,0,default_table,b,b,,,47,0xbea6f287adafaa2f
116,com_concatenator_8,25,0,0,0,0,default_table,b,b,,,47,0xbea6f287adafaa2f
116,com_concatenator_8,26,0,0,0,0,default_table,b,b,,,47,0xbea6f287adafaa2f
116,com_concatenator_8,27,0,0,0,0,default_table,b,b,,,47,0xbea6f287adafaa2f
116,com_concatenator_8,28,0,0,0,0,default_table,b,b,,,47,0xbea6f287adafaa2f
116,com_concatenator_8,29,0,0,0,0,default_table,b,b,,,47,0xbea6f287adafaa2f
116,com_concatenator_8,30,0,0,0,0,default_table,b,b,,,47,0xbea6f287adafaa2f
116,com_concatenator_8,31,0,0,0,0,default_table,b,b,,,47,0xbea6f287adafaa2f
116,com_concatenator_8,32,0,0,0,0,default_table,b,b,,,47,0xbea6f287adafaa2f
116,com_concatenator_8,33,0,0,0,0,default_table,b,b,,,47,0xbea6f287adafaa2f
116,com_concatenator_8,34,0,0,0,0,default_table,b,b,,,47,0xbea6f287adafaa2f
116,com_concatenator_8,35,0,0,0,0,default_table,b,b,,,47,0xbea6f287adafaa2f
116,com_concatenator_8,36,0,0,0,0,default_table,b,b,,,47,0xbea6f287adafaa2f
116,com_concatenator_8,37,0,0,0,0,default_table,b,b,,,47,0xbea6f287adafaa2f
116,com_concatenator_8,38,0,0,0,0,default_table,b,b,,,47,0xbea6f287adafaa2f
116,com_concatenator_8,39,0,0,0,0,default_table,b,b,,,47,0xbea6f287adafaa2f
116,com_concatenator_8,40,0,0,0,0,default_table,b,b,,,47,0xbea6f287adafaa2f
116,com_concatenator_8,41,0,0,0,0,default_table,b,b,,,47,0xbea6f287adafaa2f
116,com_concatenator_8,42,0,0,0,0,default_table,b,b,,,47,0xbea6f287adafaa2f
116,com_concatenator_8,43,0,0,0,0,default_table,b,b,,,47,0xbea6f287adafaa2f
116,com_concatenator_8,44,0,0,0,0,default_table,b,b,,,47,0xbea6f287adafaa2f
116,com_concatenator_8,45,0,0,0,0,default_table,b,b,,,47,0xbea6f287adafaa2f
116,com_concatenator_8,46,0,0,0,0,default_table,b,b,,,47,0xbea6f287adafaa2f
116,com_concatenator_8,47,0,0,0,0,default_table,b,b,,,47,0xbea6f287adafaa2f
116,com_concatenator_8,48,0,0,0,0,default_table,b,b,,,47,0xbea6f287adafaa2f
116,com_concatenator_8,49,0,0,0,0,default_table,b,b,,,47,0xbea6f287adafaa2f
116,com_concatenator_8,50,0,0,0,0,default_table,b,b,,,47,0xbea6f287adafaa2f
116,com_concatenator_8,51,0,0,0,0,default_table,b,b,,,47,0xbea6f287adafaa2f
116,com_concatenator_8,52,0,0,0,0,default_table,b,b,,,47,0xbea6f287adafaa2f
116,com_concatenator_8,53,0,0,0,0,default_table,b,b,,,47,0xbea6f287adafaa2f
116,com_concatenator_8,54,0,0,0,0,default_table,b,b,,,47,0xbea6f287adafaa2f
116,com_concatenator_8,55,0,0,0,0,default_table,b,b,,,47,0xbea6f287adafaa2f
116,com_concatenator_8,56,0,0,0,0,default_table,b,b,,,47,0xbea6f287adafaa2f
116,com_concatenator_8,57,0,0,0,0,default_table,b,b,,,47,0xbea6f287adafaa2f
116,com_concatenator_8,58,0,0,0,0,default_table,b,b,,,47,0xbea6f287adafaa2f
116,com_concatenator_8,59,0,0,0,0,default_table,b,b,,,47,0xbea6f287adafaa2f
116,com_concatenator_8,60,0,0,0,0,default_table,b,b,,,47,0xbea6f287adafaa2f
116,com_concatenator_8,61,0,0,0,0,default_table,b,b,,,47,0xbea6f287adafaa2f
116,com_concatenator_8,62,0,0,0,0,default_table,b,b,,,47,0xbea6f287adafaa2f
116,com_concatenator_8,63,0,0,0,0,default_table,b,b,,,47,0xbea6f287adafaa2f
116,com_concatenator_8,64,0,0,0,0,default_table,b,b,,,47,0xbea6f287adafaa2f
117,com_static_indexer_config,1,0,0,0,0,default_table,b,b,,,156,0x94a7209e70aa879c
117,com_static_indexer_config,2,0,0,0,0,default_table,b,b,,,156,0x94a7209e70aa879c
117,com_static_indexer_config,3,0,0,0,0,default_table,b,b,,,156,0x94a7209e70aa879c
117,com_static_indexer_config,4,0,0,0,0,default_table,b,b,,,156,0x94a7209e70aa879c
117,com_static_indexer_config,5,0,0,0,0,default_table,b,b,,,156,0x94a7209e70aa879c
117,com_static_indexer_config,6,0,0,0,0,default_table,b,b,,,156,0x94a7209e70aa879c
117,com_static_indexer_config,7,0,0,0,0,default_table,b,b,,,156,0x94a7209e70aa879c
117,com_static_indexer_config,8,0,0,0,0,default_table,b,b,,,156,0x94a7209e70aa879c
117,com_static_indexer_config,9,0,0,0,0,default_table,b,b,,,156,0x94a7209e70aa879c
117,com_static_indexer_config,10,0,0,0,0,default_table,b,b,,,156,0x94a7209e70aa879c
117,com_static_indexer_config,11,0,0,0,0,default_table,b,b,,,156,0x94a7209e70aa879c
117,com_static_indexer_config,12,0,0,0,0,default_table,b,b,,,156,0x94a7209e70aa879c
117,com_static_indexer_config,13,0,0,0,0,default_table,b,b,,,156,0x94a7209e70aa879c
117,com_static_indexer_config,14,0,0,0,0,default_table,b,b,,,156,0x94a7209e70aa879c
117,com_static_indexer_config,15,0,0,0,0,default_table,b,b,,,156,0x94a7209e70aa879c
117,com_static_indexer_config,16,0,0,0,0,default_table,b,b,,,156,0x94a7209e70aa879c
117,com_static_indexer_config,17,0,0,0,0,default_table,b,b,,,156,0x94a7209e70aa879c
117,com_static_indexer_config,18,0,0,0,0,default_table,b,b,,,156,0x94a7209e70aa879c
117,com_static_indexer_config,19,0,0,0,0,default_table,b,b,,,156,0x94a7209e70aa879c
117,com_static_indexer_config,20,0,0,0,0,default_table,b,b,,,156,0x94a7209e70aa879c
117,com_static_indexer_config,21,0,0,0,0,default_table,b,b,,,156,0x94a7209e70aa879c
117,com_static_indexer_config,22,0,0,0,0,default_table,b,b,,,156,0x94a7209e70aa879c
117,com_static_indexer_config,23,0,0,0,0,default_table,b,b,,,156,0x94a7209e70aa879c
117,com_static_indexer_config,24,0,0,0,0,default_table,b,b,,,156,0x94a7209e70aa879c
117,com_static_indexer_config,25,0,0,0,0,default_table,b,b,,,156,0x94a7209e70aa879c
117,com_static_indexer_config,26,0,0,0,0,default_table,b,b,,,156,0x94a7209e70aa879c
117,com_static_indexer_config,27,0,0,0,0,default_table,b,b,,,156,0x94a7209e70aa879c
117,com_static_indexer_config,28,0,0,0,0,default_table,b,b,,,156,0x94a7209e70aa879c
117,com_static_indexer_config,29,0,0,0,0,default_table,b,b,,,156,0x94a7209e70aa879c
117,com_static_indexer_config,30,0,0,0,0,default_table,b,b,,,156,0x94a7209e70aa879c
117,com_static_indexer_config,31,0,0,0,0,default_table,b,b,,,156,0x94a7209e70aa879c
117,com_static_indexer_config,32,0,0,0,0,default_table,b,b,,,156,0x94a7209e70aa879c
117,com_static_indexer_config,33,0,0,0,0,default_table,b,b,,,156,0x94a7209e70aa879c
117,com_static_indexer_config,34,0,0,0,0,default_table,b,b,,,156,0x94a7209e70aa879c
117,com_static_indexer_config,35,0,0,0,0,default_table,b,b,,,156,0x94a7209e70aa879c
117,com_static_indexer_config,36,0,0,0,0,default_table,b,b,,,156,0x94a7209e70aa879c
117,com_static_indexer_config,37,0,0,0,0,default_table,b,b,,,156,0x94a7209e70aa879c
117,com_static_indexer_config,38,0,0,0,0,default_table,b,b,,,156,0x94a7209e70aa879c
117,com_static_indexer_config,39,0,0,0,0,default_table,b,b,,,156,0x94a7209e70aa879c
117,com_static_indexer_config,40,0,0,0,0,default_table,b,b,,,156,0x94a7209e70aa879c
117,com_static_indexer_config,41,0,0,0,0,default_table,b,b,,,156,0x94a7209e70aa879c
117,com_static_indexer_config,42,0,0,0,0,default_table,b,b,,,156,0x94a7209e70aa879c
117,com_static_indexer_config,43,0,0,0,0,default_table,b,b,,,156,0x94a7209e70aa879c
117,com_static_indexer_config,44,0,0,0,0,default_table,b,b,,,156,0x94a7209e70aa879c
117,com_static_indexer_config,45,0,0,0,0,default_table,b,b,,,156,0x94a7209e70aa879c
117,com_static_indexer_config,46,0,0,0,0,default_table,b,b,,,156,0x94a7209e70aa879c
117,com_static_indexer_config,47,0,0,0,0,default_table,b,b,,,156,0x94a7209e70aa879c
117,com_static_indexer_config,48,0,0,0,0,default_table,b,b,,,156,0x94a7209e70aa879c
117,com_static_indexer_config,49,0,0,0,0,default_table,b,b,,,156,0x94a7209e70aa879c
117,com_static_indexer_config,50,0,0,0,0,default_table,b,b,,,156,0x94a7209e70aa879c
117,com_static_indexer_config,51,0,0,0,0,default_table,b,b,,,156,0x94a7209e70aa879c
117,com_static_indexer_config,52,0,0,0,0,default_table,b,b,,,156,0x94a7209e70aa879c
117,com_static_indexer_config,53,0,0,0,0,default_table,b,b,,,156,0x94a7209e70aa879c
117,com_static_indexer_config,54,0,0,0,0,default_table,b,b,,,156,0x94a7209e70aa879c
117,com_static_indexer_config,55,0,0,0,0,default_table,b,b,,,156,0x94a7209e70aa879c
117,com_static_indexer_config,56,0,0,0,0,default_table,b,b,,,156,0x94a7209e70aa879c
117,com_static_indexer_config,57,0,0,0,0,default_table,b,b,,,156,0x94a7209e70aa879c
117,com_static_indexer_config,58,0,0,0,0,default_table,b,b,,,156,0x94a7209e70aa879c
117,com_static_indexer_config,59,0,0,0,0,default_table,b,b,,,156,0x94a7209e70aa879c
117,com_static_indexer_config,60,0,0,0,0,default_table,b,b,,,156,0x94a7209e70aa879c
117,com_static_indexer_config,61,0,0,0,0,default_table,b,b,,,156,0x94a7209e70aa879c
117,com_static_indexer_config,62,0,0,0,0,default_table,b,b,,,156,0x94a7209e70aa879c
117,com_static_indexer_config,63,0,0,0,0,default_table,b,b,,,156,0x94a7209e70aa879c
117,com_static_indexer_config,64,0,0,0,0,default_table,b,b,,,156,0x94a7209e70aa879c
118,com_ram,1,1,5,,,level_override_allowed,component wrapper assertion; RAM fields required,component wrapper assertion; instance fields required,RAM settings[0] == 0 ? 50 * component(+0x138) : component(+0x138),RAM settings and component(+0x138) dependent,77,0x62774e8007d80c4d
118,com_ram,2,1,5,,,level_override_allowed,component wrapper assertion; RAM fields required,component wrapper assertion; instance fields required,RAM settings[0] == 0 ? 50 * component(+0x138) : component(+0x138),RAM settings and component(+0x138) dependent,77,0x62774e8007d80c4d
118,com_ram,3,1,5,,,level_override_allowed,component wrapper assertion; RAM fields required,component wrapper assertion; instance fields required,RAM settings[0] == 0 ? 50 * component(+0x138) : component(+0x138),RAM settings and component(+0x138) dependent,77,0x62774e8007d80c4d
118,com_ram,4,1,5,,,level_override_allowed,component wrapper assertion; RAM fields required,component wrapper assertion; instance fields required,RAM settings[0] == 0 ? 50 * component(+0x138) : component(+0x138),RAM settings and component(+0x138) dependent,77,0x62774e8007d80c4d
118,com_ram,5,1,5,,,level_override_allowed,component wrapper assertion; RAM fields required,component wrapper assertion; instance fields required,RAM settings[0] == 0 ? 50 * component(+0x138) : component(+0x138),RAM settings and component(+0x138) dependent,77,0x62774e8007d80c4d
118,com_ram,6,1,5,,,level_override_allowed,component wrapper assertion; RAM fields required,component wrapper assertion; instance fields required,RAM settings[0] == 0 ? 50 * component(+0x138) : component(+0x138),RAM settings and component(+0x138) dependent,77,0x62774e8007d80c4d
118,com_ram,7,1,5,,,level_override_allowed,component wrapper assertion; RAM fields required,component wrapper assertion; instance fields required,RAM settings[0] == 0 ? 50 * component(+0x138) : component(+0x138),RAM settings and component(+0x138) dependent,77,0x62774e8007d80c4d
118,com_ram,8,1,5,,,level_override_allowed,component wrapper assertion; RAM fields required,component wrapper assertion; instance fields required,RAM settings[0] == 0 ? 50 * component(+0x138) : component(+0x138),RAM settings and component(+0x138) dependent,77,0x62774e8007d80c4d
118,com_ram,9,1,5,,,level_override_allowed,component wrapper assertion; RAM fields required,component wrapper assertion; instance fields required,RAM settings[0] == 0 ? 50 * component(+0x138) : component(+0x138),RAM settings and component(+0x138) dependent,77,0x62774e8007d80c4d
118,com_ram,10,1,5,,,level_override_allowed,component wrapper assertion; RAM fields required,component wrapper assertion; instance fields required,RAM settings[0] == 0 ? 50 * component(+0x138) : component(+0x138),RAM settings and component(+0x138) dependent,77,0x62774e8007d80c4d
118,com_ram,11,1,5,,,level_override_allowed,component wrapper assertion; RAM fields required,component wrapper assertion; instance fields required,RAM settings[0] == 0 ? 50 * component(+0x138) : component(+0x138),RAM settings and component(+0x138) dependent,77,0x62774e8007d80c4d
118,com_ram,12,1,5,,,level_override_allowed,component wrapper assertion; RAM fields required,component wrapper assertion; instance fields required,RAM settings[0] == 0 ? 50 * component(+0x138) : component(+0x138),RAM settings and component(+0x138) dependent,77,0x62774e8007d80c4d
118,com_ram,13,1,5,,,level_override_allowed,component wrapper assertion; RAM fields required,component wrapper assertion; instance fields required,RAM settings[0] == 0 ? 50 * component(+0x138) : component(+0x138),RAM settings and component(+0x138) dependent,77,0x62774e8007d80c4d
118,com_ram,14,1,5,,,level_override_allowed,component wrapper assertion; RAM fields required,component wrapper assertion; instance fields required,RAM settings[0] == 0 ? 50 * component(+0x138) : component(+0x138),RAM settings and component(+0x138) dependent,77,0x62774e8007d80c4d
118,com_ram,15,1,5,,,level_override_allowed,component wrapper assertion; RAM fields required,component wrapper assertion; instance fields required,RAM settings[0] == 0 ? 50 * component(+0x138) : component(+0x138),RAM settings and component(+0x138) dependent,77,0x62774e8007d80c4d
118,com_ram,16,1,5,,,level_override_allowed,component wrapper assertion; RAM fields required,component wrapper assertion; instance fields required,RAM settings[0] == 0 ? 50 * component(+0x138) : component(+0x138),RAM settings and component(+0x138) dependent,77,0x62774e8007d80c4d
118,com_ram,17,1,5,,,level_override_allowed,component wrapper assertion; RAM fields required,component wrapper assertion; instance fields required,RAM settings[0] == 0 ? 50 * component(+0x138) : component(+0x138),RAM settings and component(+0x138) dependent,77,0x62774e8007d80c4d
118,com_ram,18,1,5,,,level_override_allowed,component wrapper assertion; RAM fields required,component wrapper assertion; instance fields required,RAM settings[0] == 0 ? 50 * component(+0x138) : component(+0x138),RAM settings and component(+0x138) dependent,77,0x62774e8007d80c4d
118,com_ram,19,1,5,,,level_override_allowed,component wrapper assertion; RAM fields required,component wrapper assertion; instance fields required,RAM settings[0] == 0 ? 50 * component(+0x138) : component(+0x138),RAM settings and component(+0x138) dependent,77,0x62774e8007d80c4d
118,com_ram,20,1,5,,,level_override_allowed,component wrapper assertion; RAM fields required,component wrapper assertion; instance fields required,RAM settings[0] == 0 ? 50 * component(+0x138) : component(+0x138),RAM settings and component(+0x138) dependent,77,0x62774e8007d80c4d
118,com_ram,21,1,5,,,level_override_allowed,component wrapper assertion; RAM fields required,component wrapper assertion; instance fields required,RAM settings[0] == 0 ? 50 * component(+0x138) : component(+0x138),RAM settings and component(+0x138) dependent,77,0x62774e8007d80c4d
118,com_ram,22,1,5,,,level_override_allowed,component wrapper assertion; RAM fields required,component wrapper assertion; instance fields required,RAM settings[0] == 0 ? 50 * component(+0x138) : component(+0x138),RAM settings and component(+0x138) dependent,77,0x62774e8007d80c4d
118,com_ram,23,1,5,,,level_override_allowed,component wrapper assertion; RAM fields required,component wrapper assertion; instance fields required,RAM settings[0] == 0 ? 50 * component(+0x138) : component(+0x138),RAM settings and component(+0x138) dependent,77,0x62774e8007d80c4d
118,com_ram,24,1,5,,,level_override_allowed,component wrapper assertion; RAM fields required,component wrapper assertion; instance fields required,RAM settings[0] == 0 ? 50 * component(+0x138) : component(+0x138),RAM settings and component(+0x138) dependent,77,0x62774e8007d80c4d
118,com_ram,25,1,5,,,level_override_allowed,component wrapper assertion; RAM fields required,component wrapper assertion; instance fields required,RAM settings[0] == 0 ? 50 * component(+0x138) : component(+0x138),RAM settings and component(+0x138) dependent,77,0x62774e8007d80c4d
118,com_ram,26,1,5,,,level_override_allowed,component wrapper assertion; RAM fields required,component wrapper assertion; instance fields required,RAM settings[0] == 0 ? 50 * component(+0x138) : component(+0x138),RAM settings and component(+0x138) dependent,77,0x62774e8007d80c4d
118,com_ram,27,1,5,,,level_override_allowed,component wrapper assertion; RAM fields required,component wrapper assertion; instance fields required,RAM settings[0] == 0 ? 50 * component(+0x138) : component(+0x138),RAM settings and component(+0x138) dependent,77,0x62774e8007d80c4d
118,com_ram,28,1,5,,,level_override_allowed,component wrapper assertion; RAM fields required,component wrapper assertion; instance fields required,RAM settings[0] == 0 ? 50 * component(+0x138) : component(+0x138),RAM settings and component(+0x138) dependent,77,0x62774e8007d80c4d
118,com_ram,29,1,5,,,level_override_allowed,component wrapper assertion; RAM fields required,component wrapper assertion; instance fields required,RAM settings[0] == 0 ? 50 * component(+0x138) : component(+0x138),RAM settings and component(+0x138) dependent,77,0x62774e8007d80c4d
118,com_ram,30,1,5,,,level_override_allowed,component wrapper assertion; RAM fields required,component wrapper assertion; instance fields required,RAM settings[0] == 0 ? 50 * component(+0x138) : component(+0x138),RAM settings and component(+0x138) dependent,77,0x62774e8007d80c4d
118,com_ram,31,1,5,,,level_override_allowed,component wrapper assertion; RAM fields required,component wrapper assertion; instance fields required,RAM settings[0] == 0 ? 50 * component(+0x138) : component(+0x138),RAM settings and component(+0x138) dependent,77,0x62774e8007d80c4d
118,com_ram,32,1,5,,,level_override_allowed,component wrapper assertion; RAM fields required,component wrapper assertion; instance fields required,RAM settings[0] == 0 ? 50 * component(+0x138) : component(+0x138),RAM settings and component(+0x138) dependent,77,0x62774e8007d80c4d
118,com_ram,33,1,5,,,level_override_allowed,component wrapper assertion; RAM fields required,component wrapper assertion; instance fields required,RAM settings[0] == 0 ? 50 * component(+0x138) : component(+0x138),RAM settings and component(+0x138) dependent,77,0x62774e8007d80c4d
118,com_ram,34,1,5,,,level_override_allowed,component wrapper assertion; RAM fields required,component wrapper assertion; instance fields required,RAM settings[0] == 0 ? 50 * component(+0x138) : component(+0x138),RAM settings and component(+0x138) dependent,77,0x62774e8007d80c4d
118,com_ram,35,1,5,,,level_override_allowed,component wrapper assertion; RAM fields required,component wrapper assertion; instance fields required,RAM settings[0] == 0 ? 50 * component(+0x138) : component(+0x138),RAM settings and component(+0x138) dependent,77,0x62774e8007d80c4d
118,com_ram,36,1,5,,,level_override_allowed,component wrapper assertion; RAM fields required,component wrapper assertion; instance fields required,RAM settings[0] == 0 ? 50 * component(+0x138) : component(+0x138),RAM settings and component(+0x138) dependent,77,0x62774e8007d80c4d
118,com_ram,37,1,5,,,level_override_allowed,component wrapper assertion; RAM fields required,component wrapper assertion; instance fields required,RAM settings[0] == 0 ? 50 * component(+0x138) : component(+0x138),RAM settings and component(+0x138) dependent,77,0x62774e8007d80c4d
118,com_ram,38,1,5,,,level_override_allowed,component wrapper assertion; RAM fields required,component wrapper assertion; instance fields required,RAM settings[0] == 0 ? 50 * component(+0x138) : component(+0x138),RAM settings and component(+0x138) dependent,77,0x62774e8007d80c4d
118,com_ram,39,1,5,,,level_override_allowed,component wrapper assertion; RAM fields required,component wrapper assertion; instance fields required,RAM settings[0] == 0 ? 50 * component(+0x138) : component(+0x138),RAM settings and component(+0x138) dependent,77,0x62774e8007d80c4d
118,com_ram,40,1,5,,,level_override_allowed,component wrapper assertion; RAM fields required,component wrapper assertion; instance fields required,RAM settings[0] == 0 ? 50 * component(+0x138) : component(+0x138),RAM settings and component(+0x138) dependent,77,0x62774e8007d80c4d
118,com_ram,41,1,5,,,level_override_allowed,component wrapper assertion; RAM fields required,component wrapper assertion; instance fields required,RAM settings[0] == 0 ? 50 * component(+0x138) : component(+0x138),RAM settings and component(+0x138) dependent,77,0x62774e8007d80c4d
118,com_ram,42,1,5,,,level_override_allowed,component wrapper assertion; RAM fields required,component wrapper assertion; instance fields required,RAM settings[0] == 0 ? 50 * component(+0x138) : component(+0x138),RAM settings and component(+0x138) dependent,77,0x62774e8007d80c4d
118,com_ram,43,1,5,,,level_override_allowed,component wrapper assertion; RAM fields required,component wrapper assertion; instance fields required,RAM settings[0] == 0 ? 50 * component(+0x138) : component(+0x138),RAM settings and component(+0x138) dependent,77,0x62774e8007d80c4d
118,com_ram,44,1,5,,,level_override_allowed,component wrapper assertion; RAM fields required,component wrapper assertion; instance fields required,RAM settings[0] == 0 ? 50 * component(+0x138) : component(+0x138),RAM settings and component(+0x138) dependent,77,0x62774e8007d80c4d
118,com_ram,45,1,5,,,level_override_allowed,component wrapper assertion; RAM fields required,component wrapper assertion; instance fields required,RAM settings[0] == 0 ? 50 * component(+0x138) : component(+0x138),RAM settings and component(+0x138) dependent,77,0x62774e8007d80c4d
118,com_ram,46,1,5,,,level_override_allowed,component wrapper assertion; RAM fields required,component wrapper assertion; instance fields required,RAM settings[0] == 0 ? 50 * component(+0x138) : component(+0x138),RAM settings and component(+0x138) dependent,77,0x62774e8007d80c4d
118,com_ram,47,1,5,,,level_override_allowed,component wrapper assertion; RAM fields required,component wrapper assertion; instance fields required,RAM settings[0] == 0 ? 50 * component(+0x138) : component(+0x138),RAM settings and component(+0x138) dependent,77,0x62774e8007d80c4d
118,com_ram,48,1,5,,,level_override_allowed,component wrapper assertion; RAM fields required,component wrapper assertion; instance fields required,RAM settings[0] == 0 ? 50 * component(+0x138) : component(+0x138),RAM settings and component(+0x138) dependent,77,0x62774e8007d80c4d
118,com_ram,49,1,5,,,level_override_allowed,component wrapper assertion; RAM fields required,component wrapper assertion; instance fields required,RAM settings[0] == 0 ? 50 * component(+0x138) : component(+0x138),RAM settings and component(+0x138) dependent,77,0x62774e8007d80c4d
118,com_ram,50,1,5,,,level_override_allowed,component wrapper assertion; RAM fields required,component wrapper assertion; instance fields required,RAM settings[0] == 0 ? 50 * component(+0x138) : component(+0x138),RAM settings and component(+0x138) dependent,77,0x62774e8007d80c4d
118,com_ram,51,1,5,,,level_override_allowed,component wrapper assertion; RAM fields required,component wrapper assertion; instance fields required,RAM settings[0] == 0 ? 50 * component(+0x138) : component(+0x138),RAM settings and component(+0x138) dependent,77,0x62774e8007d80c4d
118,com_ram,52,1,5,,,level_override_allowed,component wrapper assertion; RAM fields required,component wrapper assertion; instance fields required,RAM settings[0] == 0 ? 50 * component(+0x138) : component(+0x138),RAM settings and component(+0x138) dependent,77,0x62774e8007d80c4d
118,com_ram,53,1,5,,,level_override_allowed,component wrapper assertion; RAM fields required,component wrapper assertion; instance fields required,RAM settings[0] == 0 ? 50 * component(+0x138) : component(+0x138),RAM settings and component(+0x138) dependent,77,0x62774e8007d80c4d
118,com_ram,54,1,5,,,level_override_allowed,component wrapper assertion; RAM fields required,component wrapper assertion; instance fields required,RAM settings[0] == 0 ? 50 * component(+0x138) : component(+0x138),RAM settings and component(+0x138) dependent,77,0x62774e8007d80c4d
118,com_ram,55,1,5,,,level_override_allowed,component wrapper assertion; RAM fields required,component wrapper assertion; instance fields required,RAM settings[0] == 0 ? 50 * component(+0x138) : component(+0x138),RAM settings and component(+0x138) dependent,77,0x62774e8007d80c4d
118,com_ram,56,1,5,,,level_override_allowed,component wrapper assertion; RAM fields required,component wrapper assertion; instance fields required,RAM settings[0] == 0 ? 50 * component(+0x138) : component(+0x138),RAM settings and component(+0x138) dependent,77,0x62774e8007d80c4d
118,com_ram,57,1,5,,,level_override_allowed,component wrapper assertion; RAM fields required,component wrapper assertion; instance fields required,RAM settings[0] == 0 ? 50 * component(+0x138) : component(+0x138),RAM settings and component(+0x138) dependent,77,0x62774e8007d80c4d
118,com_ram,58,1,5,,,level_override_allowed,component wrapper assertion; RAM fields required,component wrapper assertion; instance fields required,RAM settings[0] == 0 ? 50 * component(+0x138) : component(+0x138),RAM settings and component(+0x138) dependent,77,0x62774e8007d80c4d
118,com_ram,59,1,5,,,level_override_allowed,component wrapper assertion; RAM fields required,component wrapper assertion; instance fields required,RAM settings[0] == 0 ? 50 * component(+0x138) : component(+0x138),RAM settings and component(+0x138) dependent,77,0x62774e8007d80c4d
118,com_ram,60,1,5,,,level_override_allowed,component wrapper assertion; RAM fields required,component wrapper assertion; instance fields required,RAM settings[0] == 0 ? 50 * component(+0x138) : component(+0x138),RAM settings and component(+0x138) dependent,77,0x62774e8007d80c4d
118,com_ram,61,1,5,,,level_override_allowed,component wrapper assertion; RAM fields required,component wrapper assertion; instance fields required,RAM settings[0] == 0 ? 50 * component(+0x138) : component(+0x138),RAM settings and component(+0x138) dependent,77,0x62774e8007d80c4d
118,com_ram,62,1,5,,,level_override_allowed,component wrapper assertion; RAM fields required,component wrapper assertion; instance fields required,RAM settings[0] == 0 ? 50 * component(+0x138) : component(+0x138),RAM settings and component(+0x138) dependent,77,0x62774e8007d80c4d
118,com_ram,63,1,5,,,level_override_allowed,component wrapper assertion; RAM fields required,component wrapper assertion; instance fields required,RAM settings[0] == 0 ? 50 * component(+0x138) : component(+0x138),RAM settings and component(+0x138) dependent,77,0x62774e8007d80c4d
118,com_ram,64,1,5,,,level_override_allowed,component wrapper assertion; RAM fields required,component wrapper assertion; instance fields required,RAM settings[0] == 0 ? 50 * component(+0x138) : component(+0x138),RAM settings and component(+0x138) dependent,77,0x62774e8007d80c4d
119,com_delay_line_word_config,1,40,4,5,4,level_override_allowed,5*w,b,,,169,0xba3be74b38b6caa9
119,com_delay_line_word_config,2,40,4,10,4,level_override_allowed,5*w,b,,,169,0xba3be74b38b6caa9
119,com_delay_line_word_config,3,40,4,15,4,level_override_allowed,5*w,b,,,169,0xba3be74b38b6caa9
119,com_delay_line_word_config,4,40,4,20,4,level_override_allowed,5*w,b,,,169,0xba3be74b38b6caa9
119,com_delay_line_word_config,5,40,4,25,4,level_override_allowed,5*w,b,,,169,0xba3be74b38b6caa9
119,com_delay_line_word_config,6,40,4,30,4,level_override_allowed,5*w,b,,,169,0xba3be74b38b6caa9
119,com_delay_line_word_config,7,40,4,35,4,level_override_allowed,5*w,b,,,169,0xba3be74b38b6caa9
119,com_delay_line_word_config,8,40,4,40,4,level_override_allowed,5*w,b,,,169,0xba3be74b38b6caa9
119,com_delay_line_word_config,9,40,4,45,4,level_override_allowed,5*w,b,,,169,0xba3be74b38b6caa9
119,com_delay_line_word_config,10,40,4,50,4,level_override_allowed,5*w,b,,,169,0xba3be74b38b6caa9
119,com_delay_line_word_config,11,40,4,55,4,level_override_allowed,5*w,b,,,169,0xba3be74b38b6caa9
119,com_delay_line_word_config,12,40,4,60,4,level_override_allowed,5*w,b,,,169,0xba3be74b38b6caa9
119,com_delay_line_word_config,13,40,4,65,4,level_override_allowed,5*w,b,,,169,0xba3be74b38b6caa9
119,com_delay_line_word_config,14,40,4,70,4,level_override_allowed,5*w,b,,,169,0xba3be74b38b6caa9
119,com_delay_line_word_config,15,40,4,75,4,level_override_allowed,5*w,b,,,169,0xba3be74b38b6caa9
119,com_delay_line_word_config,16,40,4,80,4,level_override_allowed,5*w,b,,,169,0xba3be74b38b6caa9
119,com_delay_line_word_config,17,40,4,85,4,level_override_allowed,5*w,b,,,169,0xba3be74b38b6caa9
119,com_delay_line_word_config,18,40,4,90,4,level_override_allowed,5*w,b,,,169,0xba3be74b38b6caa9
119,com_delay_line_word_config,19,40,4,95,4,level_override_allowed,5*w,b,,,169,0xba3be74b38b6caa9
119,com_delay_line_word_config,20,40,4,100,4,level_override_allowed,5*w,b,,,169,0xba3be74b38b6caa9
119,com_delay_line_word_config,21,40,4,105,4,level_override_allowed,5*w,b,,,169,0xba3be74b38b6caa9
119,com_delay_line_word_config,22,40,4,110,4,level_override_allowed,5*w,b,,,169,0xba3be74b38b6caa9
119,com_delay_line_word_config,23,40,4,115,4,level_override_allowed,5*w,b,,,169,0xba3be74b38b6caa9
119,com_delay_line_word_config,24,40,4,120,4,level_override_allowed,5*w,b,,,169,0xba3be74b38b6caa9
119,com_delay_line_word_config,25,40,4,125,4,level_override_allowed,5*w,b,,,169,0xba3be74b38b6caa9
119,com_delay_line_word_config,26,40,4,130,4,level_override_allowed,5*w,b,,,169,0xba3be74b38b6caa9
119,com_delay_line_word_config,27,40,4,135,4,level_override_allowed,5*w,b,,,169,0xba3be74b38b6caa9
119,com_delay_line_word_config,28,40,4,140,4,level_override_allowed,5*w,b,,,169,0xba3be74b38b6caa9
119,com_delay_line_word_config,29,40,4,145,4,level_override_allowed,5*w,b,,,169,0xba3be74b38b6caa9
119,com_delay_line_word_config,30,40,4,150,4,level_override_allowed,5*w,b,,,169,0xba3be74b38b6caa9
119,com_delay_line_word_config,31,40,4,155,4,level_override_allowed,5*w,b,,,169,0xba3be74b38b6caa9
119,com_delay_line_word_config,32,40,4,160,4,level_override_allowed,5*w,b,,,169,0xba3be74b38b6caa9
119,com_delay_line_word_config,33,40,4,165,4,level_override_allowed,5*w,b,,,169,0xba3be74b38b6caa9
119,com_delay_line_word_config,34,40,4,170,4,level_override_allowed,5*w,b,,,169,0xba3be74b38b6caa9
119,com_delay_line_word_config,35,40,4,175,4,level_override_allowed,5*w,b,,,169,0xba3be74b38b6caa9
119,com_delay_line_word_config,36,40,4,180,4,level_override_allowed,5*w,b,,,169,0xba3be74b38b6caa9
119,com_delay_line_word_config,37,40,4,185,4,level_override_allowed,5*w,b,,,169,0xba3be74b38b6caa9
119,com_delay_line_word_config,38,40,4,190,4,level_override_allowed,5*w,b,,,169,0xba3be74b38b6caa9
119,com_delay_line_word_config,39,40,4,195,4,level_override_allowed,5*w,b,,,169,0xba3be74b38b6caa9
119,com_delay_line_word_config,40,40,4,200,4,level_override_allowed,5*w,b,,,169,0xba3be74b38b6caa9
119,com_delay_line_word_config,41,40,4,205,4,level_override_allowed,5*w,b,,,169,0xba3be74b38b6caa9
119,com_delay_line_word_config,42,40,4,210,4,level_override_allowed,5*w,b,,,169,0xba3be74b38b6caa9
119,com_delay_line_word_config,43,40,4,215,4,level_override_allowed,5*w,b,,,169,0xba3be74b38b6caa9
119,com_delay_line_word_config,44,40,4,220,4,level_override_allowed,5*w,b,,,169,0xba3be74b38b6caa9
119,com_delay_line_word_config,45,40,4,225,4,level_override_allowed,5*w,b,,,169,0xba3be74b38b6caa9
119,com_delay_line_word_config,46,40,4,230,4,level_override_allowed,5*w,b,,,169,0xba3be74b38b6caa9
119,com_delay_line_word_config,47,40,4,235,4,level_override_allowed,5*w,b,,,169,0xba3be74b38b6caa9
119,com_delay_line_word_config,48,40,4,240,4,level_override_allowed,5*w,b,,,169,0xba3be74b38b6caa9
119,com_delay_line_word_config,49,40,4,245,4,level_override_allowed,5*w,b,,,169,0xba3be74b38b6caa9
119,com_delay_line_word_config,50,40,4,250,4,level_override_allowed,5*w,b,,,169,0xba3be74b38b6caa9
119,com_delay_line_word_config,51,40,4,255,4,level_override_allowed,5*w,b,,,169,0xba3be74b38b6caa9
119,com_delay_line_word_config,52,40,4,260,4,level_override_allowed,5*w,b,,,169,0xba3be74b38b6caa9
119,com_delay_line_word_config,53,40,4,265,4,level_override_allowed,5*w,b,,,169,0xba3be74b38b6caa9
119,com_delay_line_word_config,54,40,4,270,4,level_override_allowed,5*w,b,,,169,0xba3be74b38b6caa9
119,com_delay_line_word_config,55,40,4,275,4,level_override_allowed,5*w,b,,,169,0xba3be74b38b6caa9
119,com_delay_line_word_config,56,40,4,280,4,level_override_allowed,5*w,b,,,169,0xba3be74b38b6caa9
119,com_delay_line_word_config,57,40,4,285,4,level_override_allowed,5*w,b,,,169,0xba3be74b38b6caa9
119,com_delay_line_word_config,58,40,4,290,4,level_override_allowed,5*w,b,,,169,0xba3be74b38b6caa9
119,com_delay_line_word_config,59,40,4,295,4,level_override_allowed,5*w,b,,,169,0xba3be74b38b6caa9
119,com_delay_line_word_config,60,40,4,300,4,level_override_allowed,5*w,b,,,169,0xba3be74b38b6caa9
119,com_delay_line_word_config,61,40,4,305,4,level_override_allowed,5*w,b,,,169,0xba3be74b38b6caa9
119,com_delay_line_word_config,62,40,4,310,4,level_override_allowed,5*w,b,,,169,0xba3be74b38b6caa9
119,com_delay_line_word_config,63,40,4,315,4,level_override_allowed,5*w,b,,,169,0xba3be74b38b6caa9
119,com_delay_line_word_config,64,40,4,320,4,level_override_allowed,5*w,b,,,169,0xba3be74b38b6caa9
120,com_deleted_11,1,0,0,0,0,default_table,b,b,,,84,0x68658efeda505652
120,com_deleted_11,2,0,0,0,0,default_table,b,b,,,84,0x68658efeda505652
120,com_deleted_11,3,0,0,0,0,default_table,b,b,,,84,0x68658efeda505652
120,com_deleted_11,4,0,0,0,0,default_table,b,b,,,84,0x68658efeda505652
120,com_deleted_11,5,0,0,0,0,default_table,b,b,,,84,0x68658efeda505652
120,com_deleted_11,6,0,0,0,0,default_table,b,b,,,84,0x68658efeda505652
120,com_deleted_11,7,0,0,0,0,default_table,b,b,,,84,0x68658efeda505652
120,com_deleted_11,8,0,0,0,0,default_table,b,b,,,84,0x68658efeda505652
120,com_deleted_11,9,0,0,0,0,default_table,b,b,,,84,0x68658efeda505652
120,com_deleted_11,10,0,0,0,0,default_table,b,b,,,84,0x68658efeda505652
120,com_deleted_11,11,0,0,0,0,default_table,b,b,,,84,0x68658efeda505652
120,com_deleted_11,12,0,0,0,0,default_table,b,b,,,84,0x68658efeda505652
120,com_deleted_11,13,0,0,0,0,default_table,b,b,,,84,0x68658efeda505652
120,com_deleted_11,14,0,0,0,0,default_table,b,b,,,84,0x68658efeda505652
120,com_deleted_11,15,0,0,0,0,default_table,b,b,,,84,0x68658efeda505652
120,com_deleted_11,16,0,0,0,0,default_table,b,b,,,84,0x68658efeda505652
120,com_deleted_11,17,0,0,0,0,default_table,b,b,,,84,0x68658efeda505652
120,com_deleted_11,18,0,0,0,0,default_table,b,b,,,84,0x68658efeda505652
120,com_deleted_11,19,0,0,0,0,default_table,b,b,,,84,0x68658efeda505652
120,com_deleted_11,20,0,0,0,0,default_table,b,b,,,84,0x68658efeda505652
120,com_deleted_11,21,0,0,0,0,default_table,b,b,,,84,0x68658efeda505652
120,com_deleted_11,22,0,0,0,0,default_table,b,b,,,84,0x68658efeda505652
120,com_deleted_11,23,0,0,0,0,default_table,b,b,,,84,0x68658efeda505652
120,com_deleted_11,24,0,0,0,0,default_table,b,b,,,84,0x68658efeda505652
120,com_deleted_11,25,0,0,0,0,default_table,b,b,,,84,0x68658efeda505652
120,com_deleted_11,26,0,0,0,0,default_table,b,b,,,84,0x68658efeda505652
120,com_deleted_11,27,0,0,0,0,default_table,b,b,,,84,0x68658efeda505652
120,com_deleted_11,28,0,0,0,0,default_table,b,b,,,84,0x68658efeda505652
120,com_deleted_11,29,0,0,0,0,default_table,b,b,,,84,0x68658efeda505652
120,com_deleted_11,30,0,0,0,0,default_table,b,b,,,84,0x68658efeda505652
120,com_deleted_11,31,0,0,0,0,default_table,b,b,,,84,0x68658efeda505652
120,com_deleted_11,32,0,0,0,0,default_table,b,b,,,84,0x68658efeda505652
120,com_deleted_11,33,0,0,0,0,default_table,b,b,,,84,0x68658efeda505652
120,com_deleted_11,34,0,0,0,0,default_table,b,b,,,84,0x68658efeda505652
120,com_deleted_11,35,0,0,0,0,default_table,b,b,,,84,0x68658efeda505652
120,com_deleted_11,36,0,0,0,0,default_table,b,b,,,84,0x68658efeda505652
120,com_deleted_11,37,0,0,0,0,default_table,b,b,,,84,0x68658efeda505652
120,com_deleted_11,38,0,0,0,0,default_table,b,b,,,84,0x68658efeda505652
120,com_deleted_11,39,0,0,0,0,default_table,b,b,,,84,0x68658efeda505652
120,com_deleted_11,40,0,0,0,0,default_table,b,b,,,84,0x68658efeda505652
120,com_deleted_11,41,0,0,0,0,default_table,b,b,,,84,0x68658efeda505652
120,com_deleted_11,42,0,0,0,0,default_table,b,b,,,84,0x68658efeda505652
120,com_deleted_11,43,0,0,0,0,default_table,b,b,,,84,0x68658efeda505652
120,com_deleted_11,44,0,0,0,0,default_table,b,b,,,84,0x68658efeda505652
120,com_deleted_11,45,0,0,0,0,default_table,b,b,,,84,0x68658efeda505652
120,com_deleted_11,46,0,0,0,0,default_table,b,b,,,84,0x68658efeda505652
120,com_deleted_11,47,0,0,0,0,default_table,b,b,,,84,0x68658efeda505652
120,com_deleted_11,48,0,0,0,0,default_table,b,b,,,84,0x68658efeda505652
120,com_deleted_11,49,0,0,0,0,default_table,b,b,,,84,0x68658efeda505652
120,com_deleted_11,50,0,0,0,0,default_table,b,b,,,84,0x68658efeda505652
120,com_deleted_11,51,0,0,0,0,default_table,b,b,,,84,0x68658efeda505652
120,com_deleted_11,52,0,0,0,0,default_table,b,b,,,84,0x68658efeda505652
120,com_deleted_11,53,0,0,0,0,default_table,b,b,,,84,0x68658efeda505652
120,com_deleted_11,54,0,0,0,0,default_table,b,b,,,84,0x68658efeda505652
120,com_deleted_11,55,0,0,0,0,default_table,b,b,,,84,0x68658efeda505652
120,com_deleted_11,56,0,0,0,0,default_table,b,b,,,84,0x68658efeda505652
120,com_deleted_11,57,0,0,0,0,default_table,b,b,,,84,0x68658efeda505652
120,com_deleted_11,58,0,0,0,0,default_table,b,b,,,84,0x68658efeda505652
120,com_deleted_11,59,0,0,0,0,default_table,b,b,,,84,0x68658efeda505652
120,com_deleted_11,60,0,0,0,0,default_table,b,b,,,84,0x68658efeda505652
120,com_deleted_11,61,0,0,0,0,default_table,b,b,,,84,0x68658efeda505652
120,com_deleted_11,62,0,0,0,0,default_table,b,b,,,84,0x68658efeda505652
120,com_deleted_11,63,0,0,0,0,default_table,b,b,,,84,0x68658efeda505652
120,com_deleted_11,64,0,0,0,0,default_table,b,b,,,84,0x68658efeda505652
121,com_deleted_12,1,0,0,0,0,default_table,b,b,,,246,0x9da1e2e30a4710f1
121,com_deleted_12,2,0,0,0,0,default_table,b,b,,,246,0x9da1e2e30a4710f1
121,com_deleted_12,3,0,0,0,0,default_table,b,b,,,246,0x9da1e2e30a4710f1
121,com_deleted_12,4,0,0,0,0,default_table,b,b,,,246,0x9da1e2e30a4710f1
121,com_deleted_12,5,0,0,0,0,default_table,b,b,,,246,0x9da1e2e30a4710f1
121,com_deleted_12,6,0,0,0,0,default_table,b,b,,,246,0x9da1e2e30a4710f1
121,com_deleted_12,7,0,0,0,0,default_table,b,b,,,246,0x9da1e2e30a4710f1
121,com_deleted_12,8,0,0,0,0,default_table,b,b,,,246,0x9da1e2e30a4710f1
121,com_deleted_12,9,0,0,0,0,default_table,b,b,,,246,0x9da1e2e30a4710f1
121,com_deleted_12,10,0,0,0,0,default_table,b,b,,,246,0x9da1e2e30a4710f1
121,com_deleted_12,11,0,0,0,0,default_table,b,b,,,246,0x9da1e2e30a4710f1
121,com_deleted_12,12,0,0,0,0,default_table,b,b,,,246,0x9da1e2e30a4710f1
121,com_deleted_12,13,0,0,0,0,default_table,b,b,,,246,0x9da1e2e30a4710f1
121,com_deleted_12,14,0,0,0,0,default_table,b,b,,,246,0x9da1e2e30a4710f1
121,com_deleted_12,15,0,0,0,0,default_table,b,b,,,246,0x9da1e2e30a4710f1
121,com_deleted_12,16,0,0,0,0,default_table,b,b,,,246,0x9da1e2e30a4710f1
121,com_deleted_12,17,0,0,0,0,default_table,b,b,,,246,0x9da1e2e30a4710f1
121,com_deleted_12,18,0,0,0,0,default_table,b,b,,,246,0x9da1e2e30a4710f1
121,com_deleted_12,19,0,0,0,0,default_table,b,b,,,246,0x9da1e2e30a4710f1
121,com_deleted_12,20,0,0,0,0,default_table,b,b,,,246,0x9da1e2e30a4710f1
121,com_deleted_12,21,0,0,0,0,default_table,b,b,,,246,0x9da1e2e30a4710f1
121,com_deleted_12,22,0,0,0,0,default_table,b,b,,,246,0x9da1e2e30a4710f1
121,com_deleted_12,23,0,0,0,0,default_table,b,b,,,246,0x9da1e2e30a4710f1
121,com_deleted_12,24,0,0,0,0,default_table,b,b,,,246,0x9da1e2e30a4710f1
121,com_deleted_12,25,0,0,0,0,default_table,b,b,,,246,0x9da1e2e30a4710f1
121,com_deleted_12,26,0,0,0,0,default_table,b,b,,,246,0x9da1e2e30a4710f1
121,com_deleted_12,27,0,0,0,0,default_table,b,b,,,246,0x9da1e2e30a4710f1
121,com_deleted_12,28,0,0,0,0,default_table,b,b,,,246,0x9da1e2e30a4710f1
121,com_deleted_12,29,0,0,0,0,default_table,b,b,,,246,0x9da1e2e30a4710f1
121,com_deleted_12,30,0,0,0,0,default_table,b,b,,,246,0x9da1e2e30a4710f1
121,com_deleted_12,31,0,0,0,0,default_table,b,b,,,246,0x9da1e2e30a4710f1
121,com_deleted_12,32,0,0,0,0,default_table,b,b,,,246,0x9da1e2e30a4710f1
121,com_deleted_12,33,0,0,0,0,default_table,b,b,,,246,0x9da1e2e30a4710f1
121,com_deleted_12,34,0,0,0,0,default_table,b,b,,,246,0x9da1e2e30a4710f1
121,com_deleted_12,35,0,0,0,0,default_table,b,b,,,246,0x9da1e2e30a4710f1
121,com_deleted_12,36,0,0,0,0,default_table,b,b,,,246,0x9da1e2e30a4710f1
121,com_deleted_12,37,0,0,0,0,default_table,b,b,,,246,0x9da1e2e30a4710f1
121,com_deleted_12,38,0,0,0,0,default_table,b,b,,,246,0x9da1e2e30a4710f1
121,com_deleted_12,39,0,0,0,0,default_table,b,b,,,246,0x9da1e2e30a4710f1
121,com_deleted_12,40,0,0,0,0,default_table,b,b,,,246,0x9da1e2e30a4710f1
121,com_deleted_12,41,0,0,0,0,default_table,b,b,,,246,0x9da1e2e30a4710f1
121,com_deleted_12,42,0,0,0,0,default_table,b,b,,,246,0x9da1e2e30a4710f1
121,com_deleted_12,43,0,0,0,0,default_table,b,b,,,246,0x9da1e2e30a4710f1
121,com_deleted_12,44,0,0,0,0,default_table,b,b,,,246,0x9da1e2e30a4710f1
121,com_deleted_12,45,0,0,0,0,default_table,b,b,,,246,0x9da1e2e30a4710f1
121,com_deleted_12,46,0,0,0,0,default_table,b,b,,,246,0x9da1e2e30a4710f1
121,com_deleted_12,47,0,0,0,0,default_table,b,b,,,246,0x9da1e2e30a4710f1
121,com_deleted_12,48,0,0,0,0,default_table,b,b,,,246,0x9da1e2e30a4710f1
121,com_deleted_12,49,0,0,0,0,default_table,b,b,,,246,0x9da1e2e30a4710f1
121,com_deleted_12,50,0,0,0,0,default_table,b,b,,,246,0x9da1e2e30a4710f1
121,com_deleted_12,51,0,0,0,0,default_table,b,b,,,246,0x9da1e2e30a4710f1
121,com_deleted_12,52,0,0,0,0,default_table,b,b,,,246,0x9da1e2e30a4710f1
121,com_deleted_12,53,0,0,0,0,default_table,b,b,,,246,0x9da1e2e30a4710f1
121,com_deleted_12,54,0,0,0,0,default_table,b,b,,,246,0x9da1e2e30a4710f1
121,com_deleted_12,55,0,0,0,0,default_table,b,b,,,246,0x9da1e2e30a4710f1
121,com_deleted_12,56,0,0,0,0,default_table,b,b,,,246,0x9da1e2e30a4710f1
121,com_deleted_12,57,0,0,0,0,default_table,b,b,,,246,0x9da1e2e30a4710f1
121,com_deleted_12,58,0,0,0,0,default_table,b,b,,,246,0x9da1e2e30a4710f1
121,com_deleted_12,59,0,0,0,0,default_table,b,b,,,246,0x9da1e2e30a4710f1
121,com_deleted_12,60,0,0,0,0,default_table,b,b,,,246,0x9da1e2e30a4710f1
121,com_deleted_12,61,0,0,0,0,default_table,b,b,,,246,0x9da1e2e30a4710f1
121,com_deleted_12,62,0,0,0,0,default_table,b,b,,,246,0x9da1e2e30a4710f1
121,com_deleted_12,63,0,0,0,0,default_table,b,b,,,246,0x9da1e2e30a4710f1
121,com_deleted_12,64,0,0,0,0,default_table,b,b,,,246,0x9da1e2e30a4710f1
122,com_deleted_13,1,0,0,0,0,default_table,b,b,,,120,0x231d2f0113b43278
122,com_deleted_13,2,0,0,0,0,default_table,b,b,,,120,0x231d2f0113b43278
122,com_deleted_13,3,0,0,0,0,default_table,b,b,,,120,0x231d2f0113b43278
122,com_deleted_13,4,0,0,0,0,default_table,b,b,,,120,0x231d2f0113b43278
122,com_deleted_13,5,0,0,0,0,default_table,b,b,,,120,0x231d2f0113b43278
122,com_deleted_13,6,0,0,0,0,default_table,b,b,,,120,0x231d2f0113b43278
122,com_deleted_13,7,0,0,0,0,default_table,b,b,,,120,0x231d2f0113b43278
122,com_deleted_13,8,0,0,0,0,default_table,b,b,,,120,0x231d2f0113b43278
122,com_deleted_13,9,0,0,0,0,default_table,b,b,,,120,0x231d2f0113b43278
122,com_deleted_13,10,0,0,0,0,default_table,b,b,,,120,0x231d2f0113b43278
122,com_deleted_13,11,0,0,0,0,default_table,b,b,,,120,0x231d2f0113b43278
122,com_deleted_13,12,0,0,0,0,default_table,b,b,,,120,0x231d2f0113b43278
122,com_deleted_13,13,0,0,0,0,default_table,b,b,,,120,0x231d2f0113b43278
122,com_deleted_13,14,0,0,0,0,default_table,b,b,,,120,0x231d2f0113b43278
122,com_deleted_13,15,0,0,0,0,default_table,b,b,,,120,0x231d2f0113b43278
122,com_deleted_13,16,0,0,0,0,default_table,b,b,,,120,0x231d2f0113b43278
122,com_deleted_13,17,0,0,0,0,default_table,b,b,,,120,0x231d2f0113b43278
122,com_deleted_13,18,0,0,0,0,default_table,b,b,,,120,0x231d2f0113b43278
122,com_deleted_13,19,0,0,0,0,default_table,b,b,,,120,0x231d2f0113b43278
122,com_deleted_13,20,0,0,0,0,default_table,b,b,,,120,0x231d2f0113b43278
122,com_deleted_13,21,0,0,0,0,default_table,b,b,,,120,0x231d2f0113b43278
122,com_deleted_13,22,0,0,0,0,default_table,b,b,,,120,0x231d2f0113b43278
122,com_deleted_13,23,0,0,0,0,default_table,b,b,,,120,0x231d2f0113b43278
122,com_deleted_13,24,0,0,0,0,default_table,b,b,,,120,0x231d2f0113b43278
122,com_deleted_13,25,0,0,0,0,default_table,b,b,,,120,0x231d2f0113b43278
122,com_deleted_13,26,0,0,0,0,default_table,b,b,,,120,0x231d2f0113b43278
122,com_deleted_13,27,0,0,0,0,default_table,b,b,,,120,0x231d2f0113b43278
122,com_deleted_13,28,0,0,0,0,default_table,b,b,,,120,0x231d2f0113b43278
122,com_deleted_13,29,0,0,0,0,default_table,b,b,,,120,0x231d2f0113b43278
122,com_deleted_13,30,0,0,0,0,default_table,b,b,,,120,0x231d2f0113b43278
122,com_deleted_13,31,0,0,0,0,default_table,b,b,,,120,0x231d2f0113b43278
122,com_deleted_13,32,0,0,0,0,default_table,b,b,,,120,0x231d2f0113b43278
122,com_deleted_13,33,0,0,0,0,default_table,b,b,,,120,0x231d2f0113b43278
122,com_deleted_13,34,0,0,0,0,default_table,b,b,,,120,0x231d2f0113b43278
122,com_deleted_13,35,0,0,0,0,default_table,b,b,,,120,0x231d2f0113b43278
122,com_deleted_13,36,0,0,0,0,default_table,b,b,,,120,0x231d2f0113b43278
122,com_deleted_13,37,0,0,0,0,default_table,b,b,,,120,0x231d2f0113b43278
122,com_deleted_13,38,0,0,0,0,default_table,b,b,,,120,0x231d2f0113b43278
122,com_deleted_13,39,0,0,0,0,default_table,b,b,,,120,0x231d2f0113b43278
122,com_deleted_13,40,0,0,0,0,default_table,b,b,,,120,0x231d2f0113b43278
122,com_deleted_13,41,0,0,0,0,default_table,b,b,,,120,0x231d2f0113b43278
122,com_deleted_13,42,0,0,0,0,default_table,b,b,,,120,0x231d2f0113b43278
122,com_deleted_13,43,0,0,0,0,default_table,b,b,,,120,0x231d2f0113b43278
122,com_deleted_13,44,0,0,0,0,default_table,b,b,,,120,0x231d2f0113b43278
122,com_deleted_13,45,0,0,0,0,default_table,b,b,,,120,0x231d2f0113b43278
122,com_deleted_13,46,0,0,0,0,default_table,b,b,,,120,0x231d2f0113b43278
122,com_deleted_13,47,0,0,0,0,default_table,b,b,,,120,0x231d2f0113b43278
122,com_deleted_13,48,0,0,0,0,default_table,b,b,,,120,0x231d2f0113b43278
122,com_deleted_13,49,0,0,0,0,default_table,b,b,,,120,0x231d2f0113b43278
122,com_deleted_13,50,0,0,0,0,default_table,b,b,,,120,0x231d2f0113b43278
122,com_deleted_13,51,0,0,0,0,default_table,b,b,,,120,0x231d2f0113b43278
122,com_deleted_13,52,0,0,0,0,default_table,b,b,,,120,0x231d2f0113b43278
122,com_deleted_13,53,0,0,0,0,default_table,b,b,,,120,0x231d2f0113b43278
122,com_deleted_13,54,0,0,0,0,default_table,b,b,,,120,0x231d2f0113b43278
122,com_deleted_13,55,0,0,0,0,default_table,b,b,,,120,0x231d2f0113b43278
122,com_deleted_13,56,0,0,0,0,default_table,b,b,,,120,0x231d2f0113b43278
122,com_deleted_13,57,0,0,0,0,default_table,b,b,,,120,0x231d2f0113b43278
122,com_deleted_13,58,0,0,0,0,default_table,b,b,,,120,0x231d2f0113b43278
122,com_deleted_13,59,0,0,0,0,default_table,b,b,,,120,0x231d2f0113b43278
122,com_deleted_13,60,0,0,0,0,default_table,b,b,,,120,0x231d2f0113b43278
122,com_deleted_13,61,0,0,0,0,default_table,b,b,,,120,0x231d2f0113b43278
122,com_deleted_13,62,0,0,0,0,default_table,b,b,,,120,0x231d2f0113b43278
122,com_deleted_13,63,0,0,0,0,default_table,b,b,,,120,0x231d2f0113b43278
122,com_deleted_13,64,0,0,0,0,default_table,b,b,,,120,0x231d2f0113b43278
123,com_deleted_14,1,0,0,0,0,default_table,b,b,,,28,0xf7213361ae91c11c
123,com_deleted_14,2,0,0,0,0,default_table,b,b,,,28,0xf7213361ae91c11c
123,com_deleted_14,3,0,0,0,0,default_table,b,b,,,28,0xf7213361ae91c11c
123,com_deleted_14,4,0,0,0,0,default_table,b,b,,,28,0xf7213361ae91c11c
123,com_deleted_14,5,0,0,0,0,default_table,b,b,,,28,0xf7213361ae91c11c
123,com_deleted_14,6,0,0,0,0,default_table,b,b,,,28,0xf7213361ae91c11c
123,com_deleted_14,7,0,0,0,0,default_table,b,b,,,28,0xf7213361ae91c11c
123,com_deleted_14,8,0,0,0,0,default_table,b,b,,,28,0xf7213361ae91c11c
123,com_deleted_14,9,0,0,0,0,default_table,b,b,,,28,0xf7213361ae91c11c
123,com_deleted_14,10,0,0,0,0,default_table,b,b,,,28,0xf7213361ae91c11c
123,com_deleted_14,11,0,0,0,0,default_table,b,b,,,28,0xf7213361ae91c11c
123,com_deleted_14,12,0,0,0,0,default_table,b,b,,,28,0xf7213361ae91c11c
123,com_deleted_14,13,0,0,0,0,default_table,b,b,,,28,0xf7213361ae91c11c
123,com_deleted_14,14,0,0,0,0,default_table,b,b,,,28,0xf7213361ae91c11c
123,com_deleted_14,15,0,0,0,0,default_table,b,b,,,28,0xf7213361ae91c11c
123,com_deleted_14,16,0,0,0,0,default_table,b,b,,,28,0xf7213361ae91c11c
123,com_deleted_14,17,0,0,0,0,default_table,b,b,,,28,0xf7213361ae91c11c
123,com_deleted_14,18,0,0,0,0,default_table,b,b,,,28,0xf7213361ae91c11c
123,com_deleted_14,19,0,0,0,0,default_table,b,b,,,28,0xf7213361ae91c11c
123,com_deleted_14,20,0,0,0,0,default_table,b,b,,,28,0xf7213361ae91c11c
123,com_deleted_14,21,0,0,0,0,default_table,b,b,,,28,0xf7213361ae91c11c
123,com_deleted_14,22,0,0,0,0,default_table,b,b,,,28,0xf7213361ae91c11c
123,com_deleted_14,23,0,0,0,0,default_table,b,b,,,28,0xf7213361ae91c11c
123,com_deleted_14,24,0,0,0,0,default_table,b,b,,,28,0xf7213361ae91c11c
123,com_deleted_14,25,0,0,0,0,default_table,b,b,,,28,0xf7213361ae91c11c
123,com_deleted_14,26,0,0,0,0,default_table,b,b,,,28,0xf7213361ae91c11c
123,com_deleted_14,27,0,0,0,0,default_table,b,b,,,28,0xf7213361ae91c11c
123,com_deleted_14,28,0,0,0,0,default_table,b,b,,,28,0xf7213361ae91c11c
123,com_deleted_14,29,0,0,0,0,default_table,b,b,,,28,0xf7213361ae91c11c
123,com_deleted_14,30,0,0,0,0,default_table,b,b,,,28,0xf7213361ae91c11c
123,com_deleted_14,31,0,0,0,0,default_table,b,b,,,28,0xf7213361ae91c11c
123,com_deleted_14,32,0,0,0,0,default_table,b,b,,,28,0xf7213361ae91c11c
123,com_deleted_14,33,0,0,0,0,default_table,b,b,,,28,0xf7213361ae91c11c
123,com_deleted_14,34,0,0,0,0,default_table,b,b,,,28,0xf7213361ae91c11c
123,com_deleted_14,35,0,0,0,0,default_table,b,b,,,28,0xf7213361ae91c11c
123,com_deleted_14,36,0,0,0,0,default_table,b,b,,,28,0xf7213361ae91c11c
123,com_deleted_14,37,0,0,0,0,default_table,b,b,,,28,0xf7213361ae91c11c
123,com_deleted_14,38,0,0,0,0,default_table,b,b,,,28,0xf7213361ae91c11c
123,com_deleted_14,39,0,0,0,0,default_table,b,b,,,28,0xf7213361ae91c11c
123,com_deleted_14,40,0,0,0,0,default_table,b,b,,,28,0xf7213361ae91c11c
123,com_deleted_14,41,0,0,0,0,default_table,b,b,,,28,0xf7213361ae91c11c
123,com_deleted_14,42,0,0,0,0,default_table,b,b,,,28,0xf7213361ae91c11c
123,com_deleted_14,43,0,0,0,0,default_table,b,b,,,28,0xf7213361ae91c11c
123,com_deleted_14,44,0,0,0,0,default_table,b,b,,,28,0xf7213361ae91c11c
123,com_deleted_14,45,0,0,0,0,default_table,b,b,,,28,0xf7213361ae91c11c
123,com_deleted_14,46,0,0,0,0,default_table,b,b,,,28,0xf7213361ae91c11c
123,com_deleted_14,47,0,0,0,0,default_table,b,b,,,28,0xf7213361ae91c11c
123,com_deleted_14,48,0,0,0,0,default_table,b,b,,,28,0xf7213361ae91c11c
123,com_deleted_14,49,0,0,0,0,default_table,b,b,,,28,0xf7213361ae91c11c
123,com_deleted_14,50,0,0,0,0,default_table,b,b,,,28,0xf7213361ae91c11c
123,com_deleted_14,51,0,0,0,0,default_table,b,b,,,28,0xf7213361ae91c11c
123,com_deleted_14,52,0,0,0,0,default_table,b,b,,,28,0xf7213361ae91c11c
123,com_deleted_14,53,0,0,0,0,default_table,b,b,,,28,0xf7213361ae91c11c
123,com_deleted_14,54,0,0,0,0,default_table,b,b,,,28,0xf7213361ae91c11c
123,com_deleted_14,55,0,0,0,0,default_table,b,b,,,28,0xf7213361ae91c11c
123,com_deleted_14,56,0,0,0,0,default_table,b,b,,,28,0xf7213361ae91c11c
123,com_deleted_14,57,0,0,0,0,default_table,b,b,,,28,0xf7213361ae91c11c
123,com_deleted_14,58,0,0,0,0,default_table,b,b,,,28,0xf7213361ae91c11c
123,com_deleted_14,59,0,0,0,0,default_table,b,b,,,28,0xf7213361ae91c11c
123,com_deleted_14,60,0,0,0,0,default_table,b,b,,,28,0xf7213361ae91c11c
123,com_deleted_14,61,0,0,0,0,default_table,b,b,,,28,0xf7213361ae91c11c
123,com_deleted_14,62,0,0,0,0,default_table,b,b,,,28,0xf7213361ae91c11c
123,com_deleted_14,63,0,0,0,0,default_table,b,b,,,28,0xf7213361ae91c11c
123,com_deleted_14,64,0,0,0,0,default_table,b,b,,,28,0xf7213361ae91c11c
124,com_deleted_15,1,0,0,0,0,default_table,b,b,,,129,0x134b15e75b436281
124,com_deleted_15,2,0,0,0,0,default_table,b,b,,,129,0x134b15e75b436281
124,com_deleted_15,3,0,0,0,0,default_table,b,b,,,129,0x134b15e75b436281
124,com_deleted_15,4,0,0,0,0,default_table,b,b,,,129,0x134b15e75b436281
124,com_deleted_15,5,0,0,0,0,default_table,b,b,,,129,0x134b15e75b436281
124,com_deleted_15,6,0,0,0,0,default_table,b,b,,,129,0x134b15e75b436281
124,com_deleted_15,7,0,0,0,0,default_table,b,b,,,129,0x134b15e75b436281
124,com_deleted_15,8,0,0,0,0,default_table,b,b,,,129,0x134b15e75b436281
124,com_deleted_15,9,0,0,0,0,default_table,b,b,,,129,0x134b15e75b436281
124,com_deleted_15,10,0,0,0,0,default_table,b,b,,,129,0x134b15e75b436281
124,com_deleted_15,11,0,0,0,0,default_table,b,b,,,129,0x134b15e75b436281
124,com_deleted_15,12,0,0,0,0,default_table,b,b,,,129,0x134b15e75b436281
124,com_deleted_15,13,0,0,0,0,default_table,b,b,,,129,0x134b15e75b436281
124,com_deleted_15,14,0,0,0,0,default_table,b,b,,,129,0x134b15e75b436281
124,com_deleted_15,15,0,0,0,0,default_table,b,b,,,129,0x134b15e75b436281
124,com_deleted_15,16,0,0,0,0,default_table,b,b,,,129,0x134b15e75b436281
124,com_deleted_15,17,0,0,0,0,default_table,b,b,,,129,0x134b15e75b436281
124,com_deleted_15,18,0,0,0,0,default_table,b,b,,,129,0x134b15e75b436281
124,com_deleted_15,19,0,0,0,0,default_table,b,b,,,129,0x134b15e75b436281
124,com_deleted_15,20,0,0,0,0,default_table,b,b,,,129,0x134b15e75b436281
124,com_deleted_15,21,0,0,0,0,default_table,b,b,,,129,0x134b15e75b436281
124,com_deleted_15,22,0,0,0,0,default_table,b,b,,,129,0x134b15e75b436281
124,com_deleted_15,23,0,0,0,0,default_table,b,b,,,129,0x134b15e75b436281
124,com_deleted_15,24,0,0,0,0,default_table,b,b,,,129,0x134b15e75b436281
124,com_deleted_15,25,0,0,0,0,default_table,b,b,,,129,0x134b15e75b436281
124,com_deleted_15,26,0,0,0,0,default_table,b,b,,,129,0x134b15e75b436281
124,com_deleted_15,27,0,0,0,0,default_table,b,b,,,129,0x134b15e75b436281
124,com_deleted_15,28,0,0,0,0,default_table,b,b,,,129,0x134b15e75b436281
124,com_deleted_15,29,0,0,0,0,default_table,b,b,,,129,0x134b15e75b436281
124,com_deleted_15,30,0,0,0,0,default_table,b,b,,,129,0x134b15e75b436281
124,com_deleted_15,31,0,0,0,0,default_table,b,b,,,129,0x134b15e75b436281
124,com_deleted_15,32,0,0,0,0,default_table,b,b,,,129,0x134b15e75b436281
124,com_deleted_15,33,0,0,0,0,default_table,b,b,,,129,0x134b15e75b436281
124,com_deleted_15,34,0,0,0,0,default_table,b,b,,,129,0x134b15e75b436281
124,com_deleted_15,35,0,0,0,0,default_table,b,b,,,129,0x134b15e75b436281
124,com_deleted_15,36,0,0,0,0,default_table,b,b,,,129,0x134b15e75b436281
124,com_deleted_15,37,0,0,0,0,default_table,b,b,,,129,0x134b15e75b436281
124,com_deleted_15,38,0,0,0,0,default_table,b,b,,,129,0x134b15e75b436281
124,com_deleted_15,39,0,0,0,0,default_table,b,b,,,129,0x134b15e75b436281
124,com_deleted_15,40,0,0,0,0,default_table,b,b,,,129,0x134b15e75b436281
124,com_deleted_15,41,0,0,0,0,default_table,b,b,,,129,0x134b15e75b436281
124,com_deleted_15,42,0,0,0,0,default_table,b,b,,,129,0x134b15e75b436281
124,com_deleted_15,43,0,0,0,0,default_table,b,b,,,129,0x134b15e75b436281
124,com_deleted_15,44,0,0,0,0,default_table,b,b,,,129,0x134b15e75b436281
124,com_deleted_15,45,0,0,0,0,default_table,b,b,,,129,0x134b15e75b436281
124,com_deleted_15,46,0,0,0,0,default_table,b,b,,,129,0x134b15e75b436281
124,com_deleted_15,47,0,0,0,0,default_table,b,b,,,129,0x134b15e75b436281
124,com_deleted_15,48,0,0,0,0,default_table,b,b,,,129,0x134b15e75b436281
124,com_deleted_15,49,0,0,0,0,default_table,b,b,,,129,0x134b15e75b436281
124,com_deleted_15,50,0,0,0,0,default_table,b,b,,,129,0x134b15e75b436281
124,com_deleted_15,51,0,0,0,0,default_table,b,b,,,129,0x134b15e75b436281
124,com_deleted_15,52,0,0,0,0,default_table,b,b,,,129,0x134b15e75b436281
124,com_deleted_15,53,0,0,0,0,default_table,b,b,,,129,0x134b15e75b436281
124,com_deleted_15,54,0,0,0,0,default_table,b,b,,,129,0x134b15e75b436281
124,com_deleted_15,55,0,0,0,0,default_table,b,b,,,129,0x134b15e75b436281
124,com_deleted_15,56,0,0,0,0,default_table,b,b,,,129,0x134b15e75b436281
124,com_deleted_15,57,0,0,0,0,default_table,b,b,,,129,0x134b15e75b436281
124,com_deleted_15,58,0,0,0,0,default_table,b,b,,,129,0x134b15e75b436281
124,com_deleted_15,59,0,0,0,0,default_table,b,b,,,129,0x134b15e75b436281
124,com_deleted_15,60,0,0,0,0,default_table,b,b,,,129,0x134b15e75b436281
124,com_deleted_15,61,0,0,0,0,default_table,b,b,,,129,0x134b15e75b436281
124,com_deleted_15,62,0,0,0,0,default_table,b,b,,,129,0x134b15e75b436281
124,com_deleted_15,63,0,0,0,0,default_table,b,b,,,129,0x134b15e75b436281
124,com_deleted_15,64,0,0,0,0,default_table,b,b,,,129,0x134b15e75b436281
